Full_Info,Price_Million,Area_m2,Price_per_m2,Area_log,Distance_To_D1,Population_Density,District_Bình Thạnh,District_Gò Vấp,District_Nhà Bè,District_Quận 1,District_Quận 2,District_Quận 4,District_Quận 6,District_Quận 7,District_Quận 8,District_Quận 9,District_Thủ Đức,District_Tân Bình,District_Tân Phú,District_Unknown,Area_category_medium,Area_category_small
"26 tỷ | Căn hộ The Metropole Thủ Thiêm hướng Tây Nam, diện tích 83m² | A02199217 • Đường R2, An Khánh, Quận 2, | 2 | 2 | 83 m²",26000.0,-0.026244497841468015,2.7916739566321227,0.24571325833219854,-0.6557443854688363,-0.13517524411165588,False,False,False,False,True,False,False,False,False,False,False,False,False,False,True,False
"GIẢM GIÁ | 54 tỷ | -4% | Căn hộ The Metropole Thủ Thiêm, diện tích 152m² | A02199218 • Đường R2, An Khánh, Quận 2, | 3 | 2 | 152 m²",54000.0,0.011153609360559426,3.329693406938615,1.7303557990679295,-0.6557443854688363,-0.13517524411165588,False,False,False,False,True,False,False,False,False,False,False,False,False,False,False,False
"82 tỷ | Căn hộ The Metropole Thủ Thiêm hướng Tây Bắc, diện tích 137m² | A02199222 • Đường R2, An Khánh, Quận 2, | 3 | 3 | 137 m²",82000.0,0.0030235860557708515,6.445315806414902,1.4748749614401684,-0.6557443854688363,-0.13517524411165588,False,False,False,False,True,False,False,False,False,False,False,False,False,False,False,False
"77 tỷ | Căn hộ The Metropole Thủ Thiêm hướng Tây Bắc, diện tích 179m² | A02199223 • Đường R2, An Khánh, Quận 2, | 4 | 3 | 179 m²",77000.0,0.025787651309178858,4.288986567022356,2.132747421600309,-0.6557443854688363,-0.13517524411165588,False,False,False,False,True,False,False,False,False,False,False,False,False,False,False,False
"88 tỷ | Căn hộ The Metropole Thủ Thiêm hướng Tây Nam, diện tích 179m² | A02199224 • Đường R2, An Khánh, Quận 2, | 4 | 3 | 179 m²",88000.0,0.025787651309178858,5.076002348994884,2.132747421600309,-0.6557443854688363,-0.13517524411165588,False,False,False,False,True,False,False,False,False,False,False,False,False,False,False,False
"75 tỷ | Căn hộ The Metropole Thủ Thiêm hướng Tây Bắc, diện tích 236m² | A02199225 • Đường R2, An Khánh, Quận 2, | 4 | 3 | 236 m²",75000.0,0.056681739867375444,2.8498633324215876,2.8138942865700627,-0.6557443854688363,-0.13517524411165588,False,False,False,False,True,False,False,False,False,False,False,False,False,False,False,False
"24.75 tỷ | Căn hộ The Metropole Thủ Thiêm hướng Tây Nam, diện tích 69m² | A02199226 • Đường R2, An Khánh, Quận 2, | 2 | 2 | 69 m²",24750.0,-0.03383251959260402,3.373652994510828,-0.205709030060077,-0.6557443854688363,-0.13517524411165588,False,False,False,False,True,False,False,False,False,False,False,False,False,False,True,False
"29.5 tỷ | Căn hộ The Metropole Thủ Thiêm hướng Tây Nam, diện tích 70m² | A02199227 • Đường R2, An Khánh, Quận 2, | 2 | 2 | 70 m²",29500.0,-0.033290518038951444,4.177066790235353,-0.1705883317692301,-0.6557443854688363,-0.13517524411165588,False,False,False,False,True,False,False,False,False,False,False,False,False,False,True,False
"35 tỷ | Căn hộ Define 3PN 4WC sân vườn, diện tích 220 m² | A02199228 • Phan Văn Đáng, Thạnh Mỹ Lợi, | 3 | 4 | 220 m²",35000.0,0.04800971500893429,0.817336371750974,2.6408304827078717,0.9724400052447274,-0.13517524411165588,False,False,False,False,False,False,False,False,False,False,False,False,False,True,False,False
"37 tỷ | Căn hộ Define 3PN 4WC Sân Vườn diện tích 220 m² | A02199229 • Phan Văn Đáng, Thạnh Mỹ Lợi, | 3 | 4 | 220 m²",37000.0,0.04800971500893429,0.9337626733816208,2.6408304827078717,0.9724400052447274,-0.13517524411165588,False,False,False,False,False,False,False,False,False,False,False,False,False,True,False,False
"40 tỷ | Căn hộ Define 3PN 4WC TẦNG 20 diện tích 220 m² | A02199230 • Phan Văn Đáng, Thạnh Mỹ Lợi, | 3 | 4 | 220 m²",40000.0,0.04800971500893429,1.108402125827591,2.6408304827078717,0.9724400052447274,-0.13517524411165588,False,False,False,False,False,False,False,False,False,False,False,False,False,True,False,False
"42 tỷ | Căn hộ The Metropole Thủ Thiêm hướng Tây Nam, diện tích 83.6m² | A02199231 • Đường R2, An Khánh, Quận 2, | 2 | 2 | 83.6 m²",42000.0,-0.025919296909276475,5.213961183329346,0.2633358787413155,-0.6557443854688363,-0.13517524411165588,False,False,False,False,True,False,False,False,False,False,False,False,False,False,True,False
"6.5 tỷ | Căn hộ Celesta Rise hướng Đông Bắc, diện tích 85 m² | ANB199235 • Nguyễn Hữu Thọ, Phước Kiển, | 2 | 2 | 85 m²",6500.0,-0.02516049473416287,-0.24077325189225707,0.3039740102405572,0.9724400052447274,-0.13517524411165588,False,False,False,False,False,False,False,False,False,False,False,False,False,True,True,False
"6.2 tỷ | Căn hộ Celesta Rise 2PN hướng Đông Nam, diện tích 80 m² | ANB199236 • Nguyễn Hữu Thọ, Phước Kiển, | 2 | 2 | 80 m²",6200.0,-0.02787050250242573,-0.22758968538408086,0.1556681454901363,0.9724400052447274,-0.13517524411165588,False,False,False,False,False,False,False,False,False,False,False,False,False,True,True,False
"6.1 tỷ | Căn hộ Celesta Rise 2PN NTCB, diện tích 85 m² | ANB199237 • Nguyễn Hữu Thọ, Phước Kiển, | 2 | 2 | 85 m²",6100.0,-0.02516049473416287,-0.3010409845010624,0.3039740102405572,0.9724400052447274,-0.13517524411165588,False,False,False,False,False,False,False,False,False,False,False,False,False,True,True,False
"4.2 tỷ | Căn hộ Celesta Rise 1 Phòng Ngủ Đầy Đủ Nội Thất | ANB199238 • Nguyễn Hữu Thọ, Phước Kiển, | 1 | 1 | 48 m²",4200.0,-0.04521455221930802,-0.09952075359036941,-1.0888246760446703,0.9724400052447274,-0.13517524411165588,False,False,False,False,False,False,False,False,False,False,False,False,False,True,False,True
"43 tỷ | Căn hộ Empire City hướng Tây Nam, diện tích 127m² | A02199240 • Mai Chí Thọ, Thủ Thiêm, Quận 2, | 3 | 2 | 127 m²",43000.0,-0.0023964294807548646,3.1160682720568538,1.2886241990350162,-0.6557443854688363,-0.13517524411165588,False,False,False,False,True,False,False,False,False,False,False,False,False,False,False,False
"60 tỷ | Căn hộ Empire City hướng Tây Nam, diện tích 183m² | A02199242 • Mai Chí Thọ, Thủ Thiêm, Quận 2, | 3 | 3 | 183 m²",60000.0,0.027955657523789146,2.978857463500277,2.1871664850496346,-0.6557443854688363,-0.13517524411165588,False,False,False,False,True,False,False,False,False,False,False,False,False,False,False,False
"40 tỷ | Căn hộ Empire City hướng Tây Bắc, diện tích 101m² | A02199243 • Mai Chí Thọ, Thủ Thiêm, Quận 2, | 2 | 2 | 101 m²",40000.0,-0.016488469875721726,3.8519129959359018,0.7264372817844111,-0.6557443854688363,-0.13517524411165588,False,False,False,False,True,False,False,False,False,False,False,False,False,False,False,False
"36 tỷ | Căn hộ Empire City hướng Tây Bắc, diện tích 100m² | A02199244 • Mai Chí Thọ, Thủ Thiêm, Quận 2, | 2 | 2 | 100 m²",36000.0,-0.0170304714293743,3.3903576377882674,0.7020433138717228,-0.6557443854688363,-0.13517524411165588,False,False,False,False,True,False,False,False,False,False,False,False,False,False,False,False
"55 tỷ | Căn hộ Empire City hướng Đông Nam, diện tích 164m² | A02199246 • Mai Chí Thọ, Thủ Thiêm, Quận 2, | 3 | 3 | 164 m²",55000.0,0.017657628004390285,3.0748707570281493,1.9173100613258363,-0.6557443854688363,-0.13517524411165588,False,False,False,False,True,False,False,False,False,False,False,False,False,False,False,False
"9.5 tỷ | Căn hộ Lumiere Riverside, diện tích 49.4m² | A02199247 • Xa Lộ Hà Nội, An Phú, Quận 2, | 1 | 1 | 49.4 m²",9500.0,-0.04445575004419442,1.242740166170645,-1.019074494168508,-0.6557443854688363,-0.13517524411165588,False,False,False,False,True,False,False,False,False,False,False,False,False,False,False,True
"17.8 tỷ | Căn hộ Lumiere Riverside, diện tích 95.7m² | A02199248 • Xa Lộ Hà Nội, An Phú, Quận 2, | 3 | 2 | 95.7 m²",17800.0,-0.019361078110080355,1.1619314599106467,0.5943211032838229,-0.6557443854688363,-0.13517524411165588,False,False,False,False,True,False,False,False,False,False,False,False,False,False,True,False
"17.5 tỷ | Căn hộ Lumiere Riverside, diện tích 93.2m² | A02199249 • Xa Lộ Hà Nội, An Phú, Quận 2, | 3 | 2 | 93.2 m²",17500.0,-0.020716081994211783,1.184603889770396,0.5294675340375303,-0.6557443854688363,-0.13517524411165588,False,False,False,False,True,False,False,False,False,False,False,False,False,False,True,False
"9.7 tỷ | Căn hộ Q2 THAO DIEN, diện tích 71.7m² | A02199209 • Võ Trường Toản, Thảo Điền, Quận 2, | 2 | 2 | 71.7 m²",9700.0,-0.03236911539774207,0.5124683364489665,-0.11200320311271778,-0.6557443854688363,-0.13517524411165588,False,False,False,False,True,False,False,False,False,False,False,False,False,False,True,False
"19 tỷ | Căn hộ Lumiere Riverside, diện tích 95.7m² | A02199250 • Xa Lộ Hà Nội, An Phú, Quận 2, | 3 | 2 | 95.7 m²",19000.0,-0.019361078110080355,1.3225194621598149,0.5943211032838229,-0.6557443854688363,-0.13517524411165588,False,False,False,False,True,False,False,False,False,False,False,False,False,False,True,False
"8 tỷ | Căn hộ Q2 THAO DIEN, diện tích 49.5m² | A02199251 • Võ Trường Toản, Thảo Điền, Quận 2, | 1 | 1 | 49.5 m²",8000.0,-0.04440154988882916,0.8496770110928201,-1.0141667270212615,-0.6557443854688363,-0.13517524411165588,False,False,False,False,True,False,False,False,False,False,False,False,False,False,False,True
"24.5 tỷ | Căn hộ Q2 THAO DIEN, diện tích 128m² | A02199252 • Võ Trường Toản, Thảo Điền, Quận 2, | 3 | 2 | 128 m²",24500.0,-0.001854427927102293,1.2311954908286638,1.3078925275240754,-0.6557443854688363,-0.13517524411165588,False,False,False,False,True,False,False,False,False,False,False,False,False,False,False,False
"48 tỷ | Căn hộ Q2 THAO DIEN, diện tích 181m² | A02199253 • Võ Trường Toản, Thảo Điền, Quận 2, | 4 | 3 | 181 m²",48000.0,0.026871654416484002,2.1761792568047937,2.160106459255659,-0.6557443854688363,-0.13517524411165588,False,False,False,False,True,False,False,False,False,False,False,False,False,False,False,False
"14 tỷ | Căn hộ Nassim Thảo Điền, diện tích 84.6m² | A02199254 • Số 11, Thảo Điền, Quận 2, Hồ Chí Minh | 2 | 2 | 84.6 m²",14000.0,-0.025377295355623903,0.8992201181696915,0.2924310163031015,-0.6557443854688363,-0.13517524411165588,False,False,False,False,True,False,False,False,False,False,False,False,False,False,True,False
"40 tỷ | Căn hộ Nassim Thảo Điền, diện tích 159m² | A02199255 • Số 11, Thảo Điền, Quận 2, Hồ Chí Minh | 4 | 3 | 159 m²",40000.0,0.014947620236127427,2.0017360125533084,1.8411204279262567,-0.6557443854688363,-0.13517524411165588,False,False,False,False,True,False,False,False,False,False,False,False,False,False,False,False
"23.5 tỷ | Căn hộ Nassim Thảo Điền, diện tích 133m² | A02199257 • Số 11, Thảo Điền, Quận 2, Hồ Chí Minh | 3 | 2 | 133 m²",23500.0,0.000855579841160565,1.0427481963366245,1.4020471312931342,-0.6557443854688363,-0.13517524411165588,False,False,False,False,True,False,False,False,False,False,False,False,False,False,False,False
"27.8 tỷ | Căn hộ Nassim Thảo Điền, diện tích 135m² | A02199256 • Số 11, Thảo Điền, Quận 2, Hồ Chí Minh | 3 | 2 | 135 m²",27800.0,0.0019395829484657083,1.4171474294110837,1.4387288053938794,-0.6557443854688363,-0.13517524411165588,False,False,False,False,True,False,False,False,False,False,False,False,False,False,False,False
"44 tỷ | Căn hộ The Metropole Thủ Thiêm hướng Tây Nam, diện tích 90m² | A02145330 • Đường R2, An Khánh, Quận 2, | 2 | 2 | 90 m²",44000.0,-0.022450486965900015,5.0410238697961045,0.4438964183626748,-0.6557443854688363,-0.13517524411165588,False,False,False,False,True,False,False,False,False,False,False,False,False,False,True,False
"75 tỷ | Căn hộ The Metropole Thủ Thiêm hướng Tây Bắc, diện tích 137m² | A02145093 • Đường R2, An Khánh, Quận 2, | 3 | 2 | 137 m²",75000.0,0.0030235860557708515,5.7909490016295155,1.4748749614401684,-0.6557443854688363,-0.13517524411165588,False,False,False,False,True,False,False,False,False,False,False,False,False,False,False,False
"60 tỷ | Căn hộ The Metropole Thủ Thiêm hướng Tây Nam, diện tích 170m² | A02199212 • Đường R2, An Khánh, Quận 2, | 3 | 2 | 170 m²",60000.0,0.020909637326305713,3.29995603887506,2.005746880694581,-0.6557443854688363,-0.13517524411165588,False,False,False,False,True,False,False,False,False,False,False,False,False,False,False,False
"60 tỷ | Căn hộ The Metropole Thủ Thiêm hướng Tây Nam, diện tích 170m² | A02199213 • Đường R2, An Khánh, Quận 2, | 3 | 2 | 170 m²",60000.0,0.020909637326305713,3.29995603887506,2.005746880694581,-0.6557443854688363,-0.13517524411165588,False,False,False,False,True,False,False,False,False,False,False,False,False,False,False,False
"27.5 tỷ | Căn hộ The Metropole Thủ Thiêm | A02199214 • Đường R2, An Khánh, Quận 2, | 2 | 2 | 180 m²",27500.0,0.02632965286283143,0.7364847733963581,2.1464647293462757,-0.6557443854688363,-0.13517524411165588,False,False,False,False,True,False,False,False,False,False,False,False,False,False,False,False
"37 tỷ | Căn hộ The Metropole Thủ Thiêm, diện tích 102m² | A02199215 • Đường R2, An Khánh, Quận 2, | 3 | 2 | 102 m²",37000.0,-0.015946468322069154,3.425513815143404,0.7505932559721994,-0.6557443854688363,-0.13517524411165588,False,False,False,False,True,False,False,False,False,False,False,False,False,False,False,False
"79 tỷ | Căn hộ The Metropole Thủ Thiêm hướng Tây Bắc, diện tích 170m² | A02199211 • Đường R2, An Khánh, Quận 2, | 4 | 3 | 170 m²",79000.0,0.020909637326305713,4.731314688334188,2.005746880694581,-0.6557443854688363,-0.13517524411165588,False,False,False,False,True,False,False,False,False,False,False,False,False,False,False,False
"79.1 tỷ | Căn hộ The Metropole Thủ Thiêm hướng Tây Bắc, diện tích 270m² | A02199210 • Đường R2, An Khánh, Quận 2, | 4 | 3 | 270 m²",79100.0,0.07510979269156287,2.5318214653933877,3.1458192495492487,-0.6557443854688363,-0.13517524411165588,False,False,False,False,True,False,False,False,False,False,False,False,False,False,False,False
"5.28 tỷ | BÁN CĂN HỘ SUNRISE RIVERSIDE 2 PHÒNG NGỦ SỔ HỒNG SẴN | ANB63822 • Nguyễn Hữu Thọ, Phước Kiển, Nhà Bè, | 2 | 2 | 69.11 m²",5280.0,-0.03377289942170224,-0.24167800912828122,-0.20182127751391515,-0.6557443854688363,-0.13517524411165588,False,False,True,False,False,False,False,False,False,False,False,False,False,False,True,False
"20.3 tỷ | Căn hộ The Berkley Thao Dien hướng Tây Bắc, diện tích 141.7m² | A02199202 • Xa Lộ Hà Nội, Thảo Điền, Quận 2, | 2 | 2 | 141.7 m²",20300.0,0.005570993357937932,0.6145968521506772,1.5577971983625944,-0.6557443854688363,-0.13517524411165588,False,False,False,False,True,False,False,False,False,False,False,False,False,False,False,False
"28.8 tỷ | Căn hộ The Berkley Thao Dien hướng Đông Bắc, diện tích 176.78m² | A02199203 • Xa Lộ Hà Nội, Thảo Điền, Quận 2, | 3 | 2 | 176.78 m²",28800.0,0.02458440786007015,0.8663028584929049,2.1020206125464522,-0.6557443854688363,-0.13517524411165588,False,False,False,False,True,False,False,False,False,False,False,False,False,False,False,False
"15.36 tỷ | Căn hộ The Berkley Thao Dien hướng Đông Nam, diện tích 93.68m² | A02199204 • Xa Lộ Hà Nội, Thảo Điền, Quận 2, | 2 | 2 | 93.68 m²",15360.0,-0.020455921248458547,0.8797253591747405,0.542051895131442,-0.6557443854688363,-0.13517524411165588,False,False,False,False,True,False,False,False,False,False,False,False,False,False,True,False
"24.32 tỷ | Căn hộ The Berkley Thao Dien hướng Tây Nam, diện tích 143.58m² | A02199205 • Xa Lộ Hà Nội, Thảo Điền, Quận 2, | 2 | 2 | 143.58 m²",24320.0,0.00658995627880478,0.9491450869624354,1.5902038104123926,-0.6557443854688363,-0.13517524411165588,False,False,False,False,True,False,False,False,False,False,False,False,False,False,False,False
"12.95 tỷ | Căn hộ The Berkley Thao Dien hướng Tây Nam, diện tích 81.17m² | A02199206 • Xa Lộ Hà Nội, Thảo Điền, Quận 2, | 2 | 1 | 81.17 m²",12950.0,-0.02723636068465222,0.8231096360612283,0.19117628885103538,-0.6557443854688363,-0.13517524411165588,False,False,False,False,True,False,False,False,False,False,False,False,False,False,True,False
"GIẢM GIÁ | 6.5 tỷ | -3% | Căn hộ Sunrise Riverside hướng Nam, diện tích 81.53m² | ANB160931 • Nguyễn Hữu Thọ, Phước Kiển, | 3 | 2 | 81.53 m²",6500.0,-0.027041240125337294,-0.19909108860906044,0.20200020866858942,0.9724400052447274,-0.13517524411165588,False,False,False,False,False,False,False,False,False,False,False,False,False,True,True,False
"3.4 tỷ | Căn hộ Glory Heights hướng Tây Nam, diện tích 52m² | A09199198 • Nguyễn Xiển, Long Bình, Quận 9, | 1 | 1 | 52 m²",3400.0,-0.04304654600469773,-0.38275012198030817,-0.8945314896582033,-0.6557443854688363,-0.13517524411165588,False,False,False,False,False,False,False,False,False,True,False,False,False,False,True,False
"5.11 tỷ | Bán Căn hộ Sunrise Riverside 2PN View Sông | ANB199200 • Nguyễn Hữu Thọ, Phước Kiển, | 2 | 2 | 70 m²",5110.0,-0.033290518038951444,-0.28522070469125105,-0.1705883317692301,0.9724400052447274,-0.13517524411165588,False,False,False,False,False,False,False,False,False,False,False,False,False,True,True,False
"9.5 tỷ | L4-02-07 VCP giá tốt nhất thị trường. Full nội thất, xem nhà trực tiếp | ABT199184 • Nguyễn Hữu Cảnh, Phường 22, | 2 | 2 | 74 m²",9500.0,-0.03112251182434116,0.42400427164743765,-0.034884907684953156,0.9724400052447274,-0.13517524411165588,False,False,False,False,False,False,False,False,False,False,False,False,False,True,True,False
"11.13 tỷ | Căn hộ Eaton Park, diện tích 75m² | A02199175 • Mai Chí Thọ, An Phú, Quận 2, | 2 | 2 | 75 m²",11130.0,-0.030580510270688588,0.6804190410333334,-0.0020901538724554937,-0.6557443854688363,-0.13517524411165588,False,False,False,False,True,False,False,False,False,False,False,False,False,False,True,False
"4.4 tỷ | Căn hộ The Beverly Solari 02 hướng Đông, diện tích 80 m² | A09199182 • Nguyễn Xiển, Long Bình, Quận 9, | 3 | 2 | 80 m²",4400.0,-0.02787050250242573,-0.5157447819199317,0.1556681454901363,-0.6557443854688363,-0.13517524411165588,False,False,False,False,False,False,False,False,False,True,False,False,False,False,True,False
"4 tỷ | Căn hộ Masteri Centre Point 2PN 70m2 4 tỷ | A09199178 • Nguyễn Xiển, Long Thạnh Mỹ, | 2 | 2 | 70 m²",4000.0,-0.033290518038951444,-0.4883014393927077,-0.1705883317692301,0.9724400052447274,-0.13517524411165588,False,False,False,False,False,False,False,False,False,False,False,False,False,True,True,False
"GIẢM GIÁ | 5.7 tỷ | -8% | Căn hộ Saigon South Residence 2 Phòng Ngủ | ANB163757 • Nguyễn Hữu Thọ, Phước Kiển, | 2 | 2 | 71.42 m²",5700.0,-0.03252087583276479,-0.19801117754401837,-0.12155766590933191,0.9724400052447274,-0.13517524411165588,False,False,False,False,False,False,False,False,False,False,False,False,False,True,True,False
"5.82 tỷ | Bán Căn hộ 2 Phòng Ngủ Celesta Rise Đầy Đủ Nội Thất | A0758291 • Nguyễn Hữu Thọ, Phước Kiển, Nhà Bè, | 2 | 2 | 79.7 m²",5820.0,-0.0280331029685215,-0.28491539607091476,0.14648087069992324,-0.6557443854688363,-0.13517524411165588,False,False,True,False,False,False,False,False,False,False,False,False,False,False,True,False
"35 tỷ | Căn hộ Empire City 3 Phòng ngủ diện tích 154m² | A0298945 • Mai Chí Thọ, Thủ Thiêm, Quận 2, | 3 | 2 | 154 m²",35000.0,0.012237612467864568,1.6905336339808248,1.7625116759022674,-0.6557443854688363,-0.13517524411165588,False,False,False,False,True,False,False,False,False,False,False,False,False,False,False,False
"GIẢM GIÁ | 35 tỷ | -13% | Bán Căn hộ Empire City 3 Phòng ngủ diện tích 149m² | A0292574 • Mai Chí Thọ, Thủ Thiêm, Quận 2, | 3 | 2 | 149 m²",35000.0,0.00952760469960171,1.7882067058186157,1.6813251332080312,-0.6557443854688363,-0.13517524411165588,False,False,False,False,True,False,False,False,False,False,False,False,False,False,False,False
"GIẢM GIÁ | 33 tỷ | -6% | Căn hộ Empire City hướng 3 phòng ngủ diện tích 160.68m² | A0284062 • Mai Chí Thọ, Thủ Thiêm, Quận 2, | 3 | 2 | 160.68 m²",33000.0,0.015858182846263752,1.4101192779249352,1.8669825491675325,-0.6557443854688363,-0.13517524411165588,False,False,False,False,True,False,False,False,False,False,False,False,False,False,False,False
"REVER ĐỘC QUYỀN | GIẢM GIÁ | 35 tỷ | -13% | Bán căn hộ 3 Phòng Ngủ Empire City thủ thiêm diện tích 155m² | A0288733 • Mai Chí Thọ, Thủ Thiêm, Quận 2, | 3 | 2 | 155 m²",35000.0,0.01277961402151714,1.6717551982339462,1.7784343527395448,-0.6557443854688363,-0.13517524411165588,False,False,False,False,True,False,False,False,False,False,False,False,False,False,False,False
"GIẢM GIÁ | 4.9 tỷ | -2% | Căn hộ Sunrise Riverside tầng thấp hướng Đông, diện tích 70m² | ANB76333 • Nguyễn Hữu Thọ, Phước Kiển, Nhà Bè, | 2 | 2 | 70 m²",4900.0,-0.033290518038951444,-0.32364138422936445,-0.1705883317692301,-0.6557443854688363,-0.13517524411165588,False,False,True,False,False,False,False,False,False,False,False,False,False,False,True,False
"6.5 tỷ | Cho thuê căn hộ Sunrise Riverside View sông diện tích 99m2 - 3 phòng ngủ, đầy đủ nội thất. | ANB59072 • Nguyễn Hữu Thọ, Phước Kiển, Nhà Bè, | 3 | 2 | 99 m²",6500.0,-0.01757247298302687,-0.3792672838973401,0.6774066159245151,-0.6557443854688363,-0.13517524411165588,False,False,True,False,False,False,False,False,False,False,False,False,False,False,True,False
"GIẢM GIÁ | 37 tỷ | -18% | Căn hộ Define 4 phòng ngủ GIÁ THU HỒI VỐN | A02117076 • Phan Văn Đáng, Thạnh Mỹ Lợi, | 4 | 6 | 325.9 m²",37000.0,0.10540767954074162,0.23386519305120765,3.610151075286144,0.9724400052447274,-0.13517524411165588,False,False,False,False,False,False,False,False,False,False,False,False,False,True,False,False
"GIẢM GIÁ | 27.5 tỷ | -2% | Bán căn hộ Define 3 Phòng Ngủ Sân Vườn | A02198398 • Phan Văn Đáng, Thạnh Mỹ Lợi, | 3 | 4 | 220.8 m²",27500.0,0.048443316251856355,0.3749375172758261,2.6497770785852675,0.9724400052447274,-0.13517524411165588,False,False,False,False,False,False,False,False,False,False,False,False,False,True,False,False
"GIẢM GIÁ | 36.2 tỷ | -20% | Bán siêu căn hộ Define 4PN, 6WC 325m2 Nhà mới 100% | A02198457 • Phan Văn Đáng, Thạnh Mỹ Lợi, | 4 | 6 | 324.7 m²",36200.0,0.10491987814245432,0.2063669642707645,3.603324999761454,0.9724400052447274,-0.13517524411165588,False,False,False,False,False,False,False,False,False,False,False,False,False,True,False,False
"16 tỷ | Căn hộ 5 Phòng Ngủ 4WC Sunrise Riverside diện tích 170 m² | ANB74087 • Nguyễn Hữu Thọ, Phước Kiển, Nhà Bè, | 5 | 4 | 170 m²",16000.0,0.020909637326305713,-0.014769254609236749,2.005746880694581,-0.6557443854688363,-0.13517524411165588,False,False,True,False,False,False,False,False,False,False,False,False,False,False,False,False
"GIẢM GIÁ | 5.4 tỷ | -10% | Căn hộ Sunrise Riverside hướng 3pn,2wc đầy đủ nội thất đẹp, giá rẻ nhất dự án | ANB101939 • Nguyễn Hữu Thọ, Phước Kiển, | 3 | 2 | 81.56 m²",5400.0,-0.027024980078727716,-0.37219326469848607,0.20290006974159447,0.9724400052447274,-0.13517524411165588,False,False,False,False,False,False,False,False,False,False,False,False,False,True,True,False
"4.04 tỷ | Căn hộ M-One Nam Sài Gòn hướng Nam, diện tích 63m² | A07198203 • Bế Văn Cấm, Tân Kiểng, Quận 7, | 2 | 1 | 63 m²",4040.0,-0.037084528914519445,-0.39885647115582995,-0.42758584185796805,-1.6733596296648134,-0.560291591535269,False,False,False,False,False,False,False,True,False,False,False,False,False,False,True,False
"4.03 tỷ | Căn hộ M-One Nam Sài Gòn, diện tích 72m² | A07145249 • Bế Văn Cấm, Tân Kiểng, Quận 7, | 2 | 2 | 72 m²",4030.000000000001,-0.0322065149316463,-0.5032936357733206,-0.10180702790000057,-1.6733596296648134,-0.560291591535269,False,False,False,False,False,False,False,True,False,False,False,False,False,False,True,False
"GIẢM GIÁ | 4.13 tỷ | -17% | Căn hộ M-One Nam Sài Gòn hướng Đông, diện tích 63m² | A07141625 • Bế Văn Cấm, Tân Kiểng, Quận 7, | 2 | 1 | 63 m²",4130.0,-0.037084528914519445,-0.38056090947101395,-0.42758584185796805,-1.6733596296648134,-0.560291591535269,False,False,False,False,False,False,False,True,False,False,False,False,False,False,True,False
"4.15 tỷ | Căn hộ M-One Nam Sài Gòn 2PN, diện tích 68m² | A0790356 • Bế Văn Cấm, Tân Kiểng, Quận 7, | 2 | 1 | 68 m²",4150.0,-0.03437452114625659,-0.4385267495148997,-0.24133507945281604,-1.6733596296648134,-0.560291591535269,False,False,False,False,False,False,False,True,False,False,False,False,False,False,True,False
"GIẢM GIÁ | 4.15 tỷ | -17% | Căn hộ M-One Nam Sài Gòn 2PN1WC | N07113276 • Bế Văn Cấm, Tân Kiểng, Quận 7, | 2 | 1 | 65 m²",4150.0,-0.03600052580721431,-0.4024530345639561,-0.3513962084583887,-1.6733596296648134,-0.560291591535269,False,False,False,False,False,False,False,True,False,False,False,False,False,False,True,False
"6.1 tỷ | Căn hộ Feliz en Vista hướng Đông Bắc 1 phòng ngủ | A02137974 • Đồng Văn Cống, Thạnh Mỹ Lợi, | 1 | 1 | 57 m²",6100.0,-0.04033653823643488,0.15043834574384812,-0.6713202840176581,0.9724400052447274,-0.13517524411165588,False,False,False,False,False,False,False,False,False,False,False,False,False,True,True,False
"6.4 tỷ | Căn hộ Feliz en Vista hướng ban công đông bắc đầy đủ nội thất diện tích 57.77m². | A02137411 • Đồng Văn Cống, Thạnh Mỹ Lợi, | 1 | 1 | 57.77 m²",6400.0,-0.039919197040122395,0.19867679163901614,-0.6386659588536464,0.9724400052447274,-0.13517524411165588,False,False,False,False,False,False,False,False,False,False,False,False,False,True,True,False
"6.3 tỷ | Căn hộ 1PN Feliz en Vista sổ hồng sẵn | A02198241 • Đồng Văn Cống, Thạnh Mỹ Lợi, | 1 | 1 | 57.77 m²",6300.0,-0.039919197040122395,0.17650803072613555,-0.6386659588536464,0.9724400052447274,-0.13517524411165588,False,False,False,False,False,False,False,False,False,False,False,False,False,True,True,False
"GIẢM GIÁ | 6.27 tỷ | -16% | Bán căn hộ Feliz en Vista đầy đủ nội thất 1 Phòng Ngủ | A02132082 • Đồng Văn Cống, Thạnh Mỹ Lợi, | 1 | 1 | 57.77 m²",6270.0,-0.039919197040122395,0.16985740245227138,-0.6386659588536464,0.9724400052447274,-0.13517524411165588,False,False,False,False,False,False,False,False,False,False,False,False,False,True,True,False
"4.8 tỷ | Căn hộ Saigon South Residence hướng ban công nam nội thất cơ bản diện tích 65.3m² | ANB79403 • Nguyễn Hữu Thọ, Phước Kiển, Nhà Bè, | 2 | 2 | 65.3 m²",4800.0,-0.035837925341118536,-0.2787290023292727,-0.34016731068581924,-0.6557443854688363,-0.13517524411165588,False,False,True,False,False,False,False,False,False,False,False,False,False,False,True,False
"5.2 tỷ | Căn hộ Saigon South Residence hướng Tây, diện tích 71.32m² | ANB65667 • Nguyễn Hữu Thọ, Phước Kiển, Nhà Bè, | 2 | 2 | 71.32 m²",5200.0,-0.03257507598813006,-0.2863627663937299,-0.12497892901431296,-0.6557443854688363,-0.13517524411165588,False,False,True,False,False,False,False,False,False,False,False,False,False,False,True,False
"6.2 tỷ | Căn hộ Saigon South Residence hướng Đông, diện tích 104.03m² | ANB70012 • Nguyễn Hữu Thọ, Phước Kiển, Nhà Bè, | 3 | 3 | 104.03 m²",6200.0,-0.014846205168154434,-0.45685621754088535,0.7989168055299558,-0.6557443854688363,-0.13517524411165588,False,False,True,False,False,False,False,False,False,False,False,False,False,False,False,False
"7.2 tỷ | Căn hộ Saigon South Residence hướng ban công bắc nội thất cơ bản diện tích 105m². | ANB139699 • Nguyễn Hữu Thọ, Phước Kiển, | 1 | 2 | 105 m²",7200.0,-0.01432046366111144,-0.3419369459141804,0.82167855123478,0.9724400052447274,-0.13517524411165588,False,False,False,False,False,False,False,False,False,False,False,False,False,True,False,False
"4.6 tỷ | Bán Căn hộ Saigon South Residence 2PN sổ hồng | ANB160954 • Nguyễn Hữu Thọ, Phước Kiển, | 2 | 2 | 70 m²",4600.0,-0.033290518038951444,-0.37852806928381233,-0.1705883317692301,0.9724400052447274,-0.13517524411165588,False,False,False,False,False,False,False,False,False,False,False,False,False,True,True,False
"3.4 tỷ | Căn hộ Sunrise Riverside tầng 18 cửa hướng Đông Nam, đầy đủ nội thất. | ANB76865 • Nguyễn Hữu Thọ, Phước Kiển, Nhà Bè, | 2 | 2 | 70 m²",3400.0,-0.033290518038951444,-0.5980748095016033,-0.1705883317692301,-0.6557443854688363,-0.13517524411165588,False,False,True,False,False,False,False,False,False,False,False,False,False,False,True,False
"4.9 tỷ | Căn hộ Saigon South Residence tầng cao, view nội khu. | ANB75105 • Nguyễn Hữu Thọ, Phước Kiển, Nhà Bè, | 3 | 3 | 100.35 m²",4900.0,-0.0168407708855959,-0.59477486265063,0.7106085677833405,-0.6557443854688363,-0.13517524411165588,False,False,True,False,False,False,False,False,False,False,False,False,False,False,False,False
"4.9 tỷ | Căn hộ Saigon South Residence hướng Nam, diện tích 95m² | ANB160943 • Nguyễn Hữu Thọ, Phước Kiển, | 3 | 2 | 95 m²",4900.0,-0.019740479197637155,-0.5595578375335697,0.5763326754255502,0.9724400052447274,-0.13517524411165588,False,False,False,False,False,False,False,False,False,False,False,False,False,True,True,False
"6.9 tỷ | Căn hộ Saigon South Residence hướng ban công đông đầy đủ nội thất diện tích 95m² | ANB117312 • Nguyễn Hữu Thọ, Phước Kiển, | 2 | 2 | 95 m²",6900.0,-0.019740479197637155,-0.2899390337573351,0.5763326754255502,0.9724400052447274,-0.13517524411165588,False,False,False,False,False,False,False,False,False,False,False,False,False,True,True,False
"4.1 tỷ | Cần BÁN - CHO THUÊ căn hộ SAIGON SOUTH RESIDENCE - 2N,2WC - Nội thất siêu đẹp | ANB198318 • Nguyễn Hữu Thọ, Phước Kiển, | 2 | 2 | 75 m²",4100.0,-0.030580510270688588,-0.5200137463130554,-0.0020901538724554937,0.9724400052447274,-0.13517524411165588,False,False,False,False,False,False,False,False,False,False,False,False,False,True,True,False
"3.6 tỷ | Căn hộ Saigon South Residence , ban công hướng Nam view thoáng mát. | ANB85464 • Nguyễn Hữu Thọ, Phước Kiển, Nhà Bè, | 2 | 2 | 71.42 m²",3600.0,-0.03252087583276479,-0.5745790251592438,-0.12155766590933191,-0.6557443854688363,-0.13517524411165588,False,False,True,False,False,False,False,False,False,False,False,False,False,False,True,False
"3.5 tỷ | Căn hộ Saigon South Residence tầng 24 diện tích 74.77m2, đầy đủ nội thất. | ANB86663 • Nguyễn Hữu Thọ, Phước Kiển, Nhà Bè, | 2 | 2 | 74.77 m²",3500.0,-0.03070517062802868,-0.6206304451322884,-0.009594575173462773,-0.6557443854688363,-0.13517524411165588,False,False,True,False,False,False,False,False,False,False,False,False,False,False,True,False
"4.5 tỷ | Căn hộ Saigon South Residence hướng Bắc, diện tích 75m² | ANB198341 • Nguyễn Hữu Thọ, Phước Kiển, | 2 | 2 | 75 m²",4500.0,-0.030580510270688588,-0.45171031602307593,-0.0020901538724554937,0.9724400052447274,-0.13517524411165588,False,False,False,False,False,False,False,False,False,False,False,False,False,True,True,False
"GIẢM GIÁ | 7.16 tỷ | -11% | Bán căn hộ 3PN Eco Green Q7 sổ hồng sẵn view thành phố | A0775761 • Nguyễn Văn Linh, Tân Thuận Tây, | 3 | 2 | 86.57 m²",7160.0,-0.024309552294928337,-0.1608960545929291,0.34876718111590194,0.9724400052447274,-0.13517524411165588,False,False,False,False,False,False,False,False,False,False,False,False,False,True,True,False
"GIẢM GIÁ | 7.2 tỷ | -10% | Bán và Cho thuê căn hộ 3PN Eco Green Q7 sổ hồng sẵn | A07111489 • Nguyễn Văn Linh, Tân Thuận Tây, | 3 | 2 | 87 m²",7200.0,-0.024076491626857727,-0.16024309194083602,0.3608953151510796,0.9724400052447274,-0.13517524411165588,False,False,False,False,False,False,False,False,False,False,False,False,False,True,True,False
"6.5 tỷ | Bán căn hộ 3PN Eco Green Q7 sổ hồng sẵn | A0765795 • Nguyễn Văn Linh, Tân Thuận Tây, | 3 | 2 | 94.81 m²",6500.0,-0.019843459492831145,-0.3421067602194503,0.5714274669407088,0.9724400052447274,-0.13517524411165588,False,False,False,False,False,False,False,False,False,False,False,False,False,True,True,False
"6.5 tỷ | Căn hộ Eco Green Sài Gòn nội thất cơ bản, 3 phòng ngủ | A07113621 • Nguyễn Văn Linh, Tân Thuận Tây, | 3 | 2 | 94.79 m²",6500.0,-0.019854299523904193,-0.34192150499283025,0.5709105634492452,0.9724400052447274,-0.13517524411165588,False,False,False,False,False,False,False,False,False,False,False,False,False,True,True,False
"6.5 tỷ | Bán căn hộ 3PN Eco Green Q7 sổ hồng sẵn | A07115324 • Nguyễn Văn Linh, Tân Thuận Tây, | 3 | 2 | 95.28 m²",6500.0,-0.019588718762614435,-0.34643786914982355,0.5835437369012321,0.9724400052447274,-0.13517524411165588,False,False,False,False,False,False,False,False,False,False,False,False,False,True,True,False
"GIẢM GIÁ | 7.02 tỷ | -15% | Bán căn hộ 3PN Eco Green Q7 sổ hồng sẵn | A0780542 • Nguyễn Văn Linh, Tân Thuận Tây, | 3 | 2 | 95 m²",7020.0,-0.019740479197637155,-0.2737619055307611,0.5763326754255502,0.9724400052447274,-0.13517524411165588,False,False,False,False,False,False,False,False,False,False,False,False,False,True,True,False
"4.3 tỷ | Căn hộ Eco Green Q7 2 phòng ngủ 1toilet sổ hồng sẵn | A07136118 • Nguyễn Văn Linh, Tân Thuận Tây, | 2 | 1 | 59.6 m²",4300.0,-0.038927334196938196,-0.2961366471998425,-0.5627444386289838,0.9724400052447274,-0.13517524411165588,False,False,False,False,False,False,False,False,False,False,False,False,False,True,True,False
"GIẢM GIÁ | 4.26 tỷ | -11% | Căn hộ Eco Green Saigon Q7 2PN,1WC hướng Đông Nam giá tốt cập nhật mới nhất | A07199014 • Nguyễn Văn Linh, Tân Thuận Tây, | 2 | 1 | 52 m²",4260.0,-0.04304654600469773,-0.17094381170609316,-0.8945314896582033,0.9724400052447274,-0.13517524411165588,False,False,False,False,False,False,False,False,False,False,False,False,False,True,True,False
"GIẢM GIÁ | 4.2 tỷ | -7% | Căn hộ Eco Green Saigon Q7 2pn1wc diện tích 51.93m² | A07115050 • Nguyễn Văn Linh, Tân Thuận Tây, | 2 | 1 | 51.93 m²",4200.0,-0.04308448611345341,-0.18432665368773618,-0.8978037971308032,0.9724400052447274,-0.13517524411165588,False,False,False,False,False,False,False,False,False,False,False,False,False,True,True,False
"GIẢM GIÁ | 4.3 tỷ | -4% | Bán căn hộ 2PN1WC Eco Green Quận 7 | A07114922 • Nguyễn Văn Linh, Tân Thuận Tây, | 2 | 1 | 52.33 m²",4300.0,-0.04286768549199239,-0.1677707504448912,-0.8791628830685156,-1.6733596296648134,-0.560291591535269,False,False,False,False,False,False,False,True,False,False,False,False,False,False,True,False
"GIẢM GIÁ | 5.3 tỷ | -12% | Căn hộ Eco Green Saigon nội thất cơ bản, view nội khu thoáng mát. | A0762348 • Nguyễn Văn Linh, Tân Thuận Tây, | 2 | 2 | 66.57 m²",5300.0,-0.03514958336797977,-0.2004974406494414,-0.2931878031438669,0.9724400052447274,-0.13517524411165588,False,False,False,False,False,False,False,False,False,False,False,False,False,True,True,False
"GIẢM GIÁ | 5.3 tỷ | -9% | Bán căn hộ Eco Green Quận 7 - 2 phòng ngủ sổ hồng sẵn | A07141756 • Nguyễn Văn Linh, Tân Thuận Tây, | 2 | 2 | 70.84 m²",5300.0,-0.032835236733883284,-0.26195713870704046,-0.1414671212346512,-1.6733596296648134,-0.560291591535269,False,False,False,False,False,False,False,True,False,False,False,False,False,False,True,False
"GIẢM GIÁ | 5.3 tỷ | -9% | Bán căn hộ Eco Green Quận 7 - 2 phòng ngủ sổ hồng sẵn | A07107640 • Nguyễn Văn Linh, Tân Thuận Tây, | 2 | 2 | 74 m²",5300.0,-0.03112251182434116,-0.30287344934389765,-0.034884907684953156,-1.6733596296648134,-0.560291591535269,False,False,False,False,False,False,False,True,False,False,False,False,False,False,True,False
"GIẢM GIÁ | 5.3 tỷ | -2% | Bán căn hộ Eco Green Saigon hướng ban công nam nội thất cơ bản diện tích 66.2m² | A07118722 • Nguyễn Văn Linh, Tân Thuận Tây, | 2 | 2 | 66.2 m²",5300.0,-0.03535012394283122,-0.1947986220320656,-0.30678297055904197,0.9724400052447274,-0.13517524411165588,False,False,False,False,False,False,False,False,False,False,False,False,False,True,True,False
"GIẢM GIÁ | 5.3 tỷ | -2% | Chp thuê căn hộ Eco Green Saigon có 2 phòng ngủ, nội thất cơ bản. | A07114657 • Nguyễn Văn Linh, Tân Thuận Tây, | 2 | 2 | 72.7 m²",5300.0,-0.031827113844089504,-0.28647144666612767,-0.07817798148204298,0.9724400052447274,-0.13517524411165588,False,False,False,False,False,False,False,False,False,False,False,False,False,True,True,False
"GIẢM GIÁ | 5.3 tỷ | -5% | Bán căn hộ Eco Green Quận 7 - 2 phòng ngủ sổ hồng sẵn | A0766429 • Nguyễn Văn Linh, Tân Thuận Tây, | 2 | 2 | 71 m²",5300.0,-0.032748516485298876,-0.26411638776186475,-0.13595884818391588,-1.6733596296648134,-0.560291591535269,False,False,False,False,False,False,False,True,False,False,False,False,False,False,True,False
"GIẢM GIÁ | 5.3 tỷ | -2% | Căn hộ Eco Green Saigon hướng ban công bắc nội thất cơ bản diện tích 77.4m² | A07118805 • Nguyễn Văn Linh, Tân Thuận Tây, | 2 | 2 | 77.4 m²",5300.0,-0.029279706541922412,-0.3431661050971397,0.07488913595707468,0.9724400052447274,-0.13517524411165588,False,False,False,False,False,False,False,False,False,False,False,False,False,True,True,False
"GIẢM GIÁ | 5.3 tỷ | -9% | Cho thuê căn hộ Eco Green Quận 7 - 2 phòng ngủ nhà trống | A07115061 • Nguyễn Văn Linh, Tân Thuận Tây, | 2 | 2 | 67.64 m²",5300.0,-0.034569641705571516,-0.21662695452829156,-0.2542869889268752,-1.6733596296648134,-0.560291591535269,False,False,False,False,False,False,False,True,False,False,False,False,False,False,True,False
"GIẢM GIÁ | 5.3 tỷ | -9% | Bán căn hộ Eco Green Quận 7 - 2 phòng ngủ sổ hồng sẵn | A07111311 • Nguyễn Văn Linh, Tân Thuận Tây, | 2 | 2 | 75.3 m²",5300.0,-0.03041790980459282,-0.3187091146118112,0.0076641635961982495,-1.6733596296648134,-0.560291591535269,False,False,False,False,False,False,False,True,False,False,False,False,False,False,True,False
"GIẢM GIÁ | 5.3 tỷ | -9% | Bán căn hộ Eco Green Quận 7 - 2 phòng ngủ sổ hồng sẵn | A07140282 • Nguyễn Văn Linh, Tân Thuận Tây, | 2 | 2 | 67 m²",5300.0,-0.034916522699909164,-0.20704131199926898,-0.277481235499105,-1.6733596296648134,-0.560291591535269,False,False,False,False,False,False,False,True,False,False,False,False,False,False,True,False
"GIẢM GIÁ | 5.3 tỷ | -9% | Bán căn hộ Eco Green Quận 7 - 2 phòng ngủ sổ hồng sẵn | A07111534 • Nguyễn Văn Linh, Tân Thuận Tây, | 2 | 2 | 70 m²",5300.0,-0.033290518038951444,-0.25045913749010085,-0.1705883317692301,-1.6733596296648134,-0.560291591535269,False,False,False,False,False,False,False,True,False,False,False,False,False,False,True,False
"GIẢM GIÁ | 5.3 tỷ | -9% | Bán căn hộ Eco Green Quận 7 - 2 phòng ngủ sổ hồng sẵn | A07111167 • Nguyễn Văn Linh, Tân Thuận Tây, | 2 | 2 | 66.81 m²",5300.0,-0.03501950299510315,-0.20416022094988479,-0.2844090636824535,-1.6733596296648134,-0.560291591535269,False,False,False,False,False,False,False,True,False,False,False,False,False,False,True,False
"GIẢM GIÁ | 5.3 tỷ | -9% | Bán căn hộ Eco Green Quận 7 - 2 phòng ngủ sổ hồng sẵn | A07111169 • Nguyễn Văn Linh, Tân Thuận Tây, | 2 | 2 | 70 m²",5300.0,-0.033290518038951444,-0.25045913749010085,-0.1705883317692301,-1.6733596296648134,-0.560291591535269,False,False,False,False,False,False,False,True,False,False,False,False,False,False,True,False
"GIẢM GIÁ | 5.3 tỷ | -9% | Bán căn hộ Eco Green Quận 7 - 2 phòng ngủ | A07116024 • Nguyễn Văn Linh, Tân Thuận Tây, | 2 | 2 | 69.6 m²",5300.0,-0.033507318660412476,-0.24488635145966833,-0.1845768871425815,-1.6733596296648134,-0.560291591535269,False,False,False,False,False,False,False,True,False,False,False,False,False,False,True,False
"GIẢM GIÁ | 5.3 tỷ | -20% | Bán căn hộ Eco Green Quận 7 - 2 phòng ngủ Nhà mới | A07111519 • Nguyễn Văn Linh, Tân Thuận Tây, | 2 | 2 | 66.57 m²",5300.0,-0.03514958336797977,-0.2004974406494414,-0.2931878031438669,-1.6733596296648134,-0.560291591535269,False,False,False,False,False,False,False,True,False,False,False,False,False,False,True,False
"GIẢM GIÁ | 5.3 tỷ | -9% | Bán căn hộ Eco Green Quận 7 - 2 phòng ngủ view pháo hoa | A07132173 • Nguyễn Văn Linh, Tân Thuận Tây, | 2 | 2 | 75.3 m²",5300.0,-0.03041790980459282,-0.3187091146118112,0.0076641635961982495,-1.6733596296648134,-0.560291591535269,False,False,False,False,False,False,False,True,False,False,False,False,False,False,True,False
"GIẢM GIÁ | 5.39 tỷ | -7% | Bán căn hộ Eco Green Quận 7 - 2 phòng ngủ | A07132388 • Nguyễn Văn Linh, Tân Thuận Tây, | 2 | 2 | 66.82 m²",5390.0,-0.03501408297956663,-0.18706263416022514,-0.28404395747886946,-1.6733596296648134,-0.560291591535269,False,False,False,False,False,False,False,True,False,False,False,False,False,False,True,False
"GIẢM GIÁ | 5.4 tỷ | -4% | Bán căn hộ Eco Green Q7 diện tích 65.3m2, nội thất cơ bản. | A07107870 • Nguyễn Văn Linh, Tân Thuận Tây, | 2 | 2 | 65.3 m²",5400.0,-0.035837925341118536,-0.16105463927226366,-0.34016731068581924,0.9724400052447274,-0.13517524411165588,False,False,False,False,False,False,False,False,False,False,False,False,False,True,True,False
"5.49 tỷ | Cho thuê căn hộ Eco Green Quận 7 - 2 phòng ngủ | A07111306 • Nguyễn Văn Linh, Tân Thuận Tây, | 2 | 2 | 70 m²",5490.0,-0.033290518038951444,-0.2156975702889505,-0.1705883317692301,-1.6733596296648134,-0.560291591535269,False,False,False,False,False,False,False,True,False,False,False,False,False,False,True,False
"5.5 tỷ | Bán căn hộ Eco Green Quận 7 - 2 phòng ngủ | A07141536 • Nguyễn Văn Linh, Tân Thuận Tây, | 2 | 2 | 71 m²",5500.0,-0.032748516485298876,-0.22804063232701646,-0.13595884818391588,-1.6733596296648134,-0.560291591535269,False,False,False,False,False,False,False,True,False,False,False,False,False,False,True,False
"GIẢM GIÁ | 5.4 tỷ | -2% | Cho thuê căn hộ Eco Green Quận 7 - 2 phòng ngủ | A07142001 • Nguyễn Văn Linh, Tân Thuận Tây, | 2 | 2 | 67.2 m²",5400.0,-0.034808122389178645,-0.19099856201444915,-0.27020966576415234,-1.6733596296648134,-0.560291591535269,False,False,False,False,False,False,False,True,False,False,False,False,False,False,True,False
"GIẢM GIÁ | 5.4 tỷ | -2% | Căn hộ Eco Green Q7 nội thất cơ bản | A07139809 • Nguyễn Văn Linh, Tân Thuận Tây, | 2 | 2 | 64.3 m²",5400.0,-0.036379926894771104,-0.14458388861109608,-0.37779672363645805,0.9724400052447274,-0.13517524411165588,False,False,False,False,False,False,False,False,False,False,False,False,False,True,True,False
"GIẢM GIÁ | 5.4 tỷ | -2% | Bán căn hộ Eco Green Quận 7 2 phòng ngủ | A07116321 • Nguyễn Văn Linh, Tân Thuận Tây, | 2 | 2 | 66.2 m²",5400.0,-0.03535012394283122,-0.17545286194238108,-0.30678297055904197,-1.6733596296648134,-0.560291591535269,False,False,False,False,False,False,False,True,False,False,False,False,False,False,True,False
"GIẢM GIÁ | 5.4 tỷ | -2% | Bán căn hộ Eco Green Quận 7 2 phòng ngủ hướng Đông, diện tích 65.96m² | A07111310 • Nguyễn Văn Linh, Tân Thuận Tây, | 2 | 2 | 65.96 m²",5400.0,-0.035480204315707836,-0.17165175444143635,-0.31564154070687006,-1.6733596296648134,-0.560291591535269,False,False,False,False,False,False,False,True,False,False,False,False,False,False,True,False
"GIẢM GIÁ | 5.4 tỷ | -2% | Bán căn hộ Eco Green Q7 2 phòng ngủ Saigon | A07112052 • Nguyễn Văn Linh, Tân Thuận Tây, | 2 | 2 | 68 m²",5400.0,-0.03437452114625659,-0.20310591901175373,-0.24133507945281604,0.9724400052447274,-0.13517524411165588,False,False,False,False,False,False,False,False,False,False,False,False,False,True,True,False
"7.8 tỷ | Căn hộ The Sun Avenue hướng ban công đông nam đầy đủ nội thất diện tích 96m² | A02147971 • Mai Chí Thọ, An Phú, Quận 2, | 3 | 2 | 96 m²",7800.0,-0.019198477643984583,-0.17956383596143907,0.6019906015642296,-0.6557443854688363,-0.13517524411165588,False,False,False,False,True,False,False,False,False,False,False,False,False,False,True,False
"8.9 tỷ | Bán căn hộ 3 phòng ngủ The Sun Avenue quận 2 diện tích 96m² | A0263562 • Mai Chí Thọ, An Phú, Quận 2, Hồ Chí Minh | 3 | 2 | 96 m²",8900.0,-0.019198477643984583,-0.03281818494781143,0.6019906015642296,-0.6557443854688363,-0.13517524411165588,False,False,False,False,True,False,False,False,False,False,False,False,False,False,True,False
"5.38 tỷ | Bán Căn hộ 3pn Sunrise Riverside ban công hướng Nam, view nội khu yên tĩnh. | ANB79326 • Nguyễn Hữu Thọ, Phước Kiển, Nhà Bè, | 3 | 2 | 98.11 m²",5380.0,-0.01805485436577766,-0.5178398857373703,0.6552718568202075,-0.6557443854688363,-0.13517524411165588,False,False,True,False,False,False,False,False,False,False,False,False,False,False,True,False
"5.5 tỷ | Bán Căn hộ Sunrise Riverside 3 phòng ngủ | ANB77125 • Nguyễn Hữu Thọ, Phước Kiển, Nhà Bè, | 3 | 2 | 103.96 m²",5500.0,-0.014884145276910118,-0.5425756912549358,0.7972660817195044,-0.6557443854688363,-0.13517524411165588,False,False,True,False,False,False,False,False,False,False,False,False,False,False,False,False
"5.5 tỷ | Cho thuê căn hộ Sunrise Riverside 3 phòng ngủ FNT | ANB117810 • Nguyễn Hữu Thọ, Phước Kiển, | 3 | 2 | 93 m²",5500.0,-0.0208244823049423,-0.4627269983279113,0.5242051139585038,0.9724400052447274,-0.13517524411165588,False,False,False,False,False,False,False,False,False,False,False,False,False,True,True,False
"5.5 tỷ | Bán Căn hộ 3 phòng ngủ Sunrise Riverside hướng Bắc, diện tích 93.32m2 | ANB77098 • Nguyễn Hữu Thọ, Phước Kiển, Nhà Bè, | 3 | 2 | 93.32 m²",5500.0,-0.02065104180777348,-0.4653241587512543,0.5326196257619411,-0.6557443854688363,-0.13517524411165588,False,False,True,False,False,False,False,False,False,False,False,False,False,False,True,False
"6.5 tỷ | Bán Căn hộ 3PN Sunrise Riverside hướng Bắc, diện tích 92.42m² | ANB117606 • Nguyễn Hữu Thọ, Phước Kiển, | 3 | 2 | 92.42 m²",6500.0,-0.02113884320606079,-0.3194010582037341,0.5088805396427891,0.9724400052447274,-0.13517524411165588,False,False,False,False,False,False,False,False,False,False,False,False,False,True,True,False
"GIẢM GIÁ | 3.7 tỷ | -5% | Cho thuê Căn hộ Q7 Saigon Riverside 2 PN giá cực tốt | A07191952 • Đào Trí, Phú Thuận, Quận 7, Hồ Chí Minh | 2 | 2 | 66666 m²",3700.0,36.06184494900771,-1.2194131171059928,16.776879533159203,-1.6733596296648134,-0.560291591535269,False,False,False,False,False,False,False,True,False,False,False,False,False,False,False,False
"GIẢM GIÁ | 3.7 tỷ | -5% | Bán Căn hộ Q7 Saigon Riverside 2 phòng ngủ | A0792489 • Đào Trí, Phú Thuận, Quận 7, Hồ Chí Minh | 2 | 2 | 66 m²",3700.0,-0.03545852425356173,-0.5021617133963562,-0.31416290959985016,-1.6733596296648134,-0.560291591535269,False,False,False,False,False,False,False,True,False,False,False,False,False,False,True,False
"4.95 tỷ | Bán Căn hộ Q7 Saigon Riverside 3 phòng ngủ | A0760047 • Đào Trí, Phú Thuận, Quận 7, Hồ Chí Minh | 3 | 2 | 86 m²",4950.0,-0.0246184931805103,-0.48298296215874964,0.33259823326586013,-1.6733596296648134,-0.560291591535269,False,False,False,False,False,False,False,True,False,False,False,False,False,False,True,False
"GIẢM GIÁ | 3.7 tỷ | -5% | Cho thuê Căn hộ Q7 Saigon Riverside nội thất cơ bản | A0760312 • Đào Trí, Phú Thuận, Quận 7, Hồ Chí Minh | 2 | 2 | 69.19 m²",3700.0,-0.03372953929741003,-0.5352633089580107,-0.19899765044795648,-1.6733596296648134,-0.560291591535269,False,False,False,False,False,False,False,True,False,False,False,False,False,False,True,False
"3.5 tỷ | Bán căn hộ Q7 Saigon Riverside tầng trung, tháp Venus, diện tích 65m2 - 2 phòng ngủ, chưa bàn giao | A0757046 • Đào Trí, Phú Thuận, Quận 7, Hồ Chí Minh | 2 | 2 | 66 m²",3500.0,-0.03600052580721431,-0.5305219663576676,-0.3513962084583887,-1.6733596296648134,-0.560291591535269,False,False,False,False,False,False,False,True,False,False,False,False,False,False,True,False
"3.7 tỷ | Căn hộ Q7 Saigon Riverside 2PN | A07141751 • Đào Trí, Phú Thuận, Quận 7, Hồ Chí Minh | 2 | 2 | 66.66 m²",3700.0,-0.03510080322815104,-0.5092702499645639,-0.2898921272248917,-1.6733596296648134,-0.560291591535269,False,False,False,False,False,False,False,True,False,False,False,False,False,False,True,False
"3.05 tỷ | Bán Căn hộ Q7 Saigon Riverside 2pn, 1wc | A07187903 • Đào Trí, Phú Thuận, Quận 7, Hồ Chí Minh | 2 | 1 | 53 m²",3050.0,-0.042504544451045165,-0.4831234502366278,-0.8482503717933819,-1.6733596296648134,-0.560291591535269,False,False,False,False,False,False,False,True,False,False,False,False,False,False,True,False
"3.7 tỷ | Bán Căn hộ Q7 Saigon Riverside hướng Nam, diện tích 66.66m² | A0760049 • Đào Trí, Phú Thuận, Quận 7, Hồ Chí Minh | 2 | 2 | 66.66 m²",3700.0,-0.03510080322815104,-0.5092702499645639,-0.2898921272248917,-1.6733596296648134,-0.560291591535269,False,False,False,False,False,False,False,True,False,False,False,False,False,False,True,False
"3.7 tỷ | Cho thuê căn hộ Q7 Saigon Riverside 2 phòng ngủ, đầy đủ nội thất. | A07112450 • Đào Trí, Phú Thuận, Quận 7, Hồ Chí Minh | 2 | 2 | 73 m²",3700.0,-0.03166451337799373,-0.5710074031733825,-0.06811987266673303,-1.6733596296648134,-0.560291591535269,False,False,False,False,False,False,False,True,False,False,False,False,False,False,True,False
"3.7 tỷ | Bán Căn hộ Q7 Saigon Riverside 2 phòng ngủ | A07113531 • Đào Trí, Phú Thuận, Quận 7, Hồ Chí Minh | 2 | 2 | 73.49 m²",3700.0,-0.03139893261670398,-0.5753354353787146,-0.05177899335989976,-1.6733596296648134,-0.560291591535269,False,False,False,False,False,False,False,True,False,False,False,False,False,False,True,False
"3.7 tỷ | Căn hộ Q7 Saigon Riverside 2pn diện tích 73.49m² | A07146553 • Đào Trí, Phú Thuận, Quận 7, Hồ Chí Minh | 2 | 2 | 73.49 m²",3700.0,-0.03139893261670398,-0.5753354353787146,-0.05177899335989976,-1.6733596296648134,-0.560291591535269,False,False,False,False,False,False,False,True,False,False,False,False,False,False,True,False
"3.7 tỷ | Bán Căn hộ Q7 Saigon Riverside hướng Đông Nam, diện tích 73.49m² | A07140137 • Đào Trí, Phú Thuận, Quận 7, Hồ Chí Minh | 2 | 2 | 73.49 m²",3700.0,-0.03139893261670398,-0.5753354353787146,-0.05177899335989976,-1.6733596296648134,-0.560291591535269,False,False,False,False,False,False,False,True,False,False,False,False,False,False,True,False
"3.5 tỷ | Căn hộ Q7 Saigon Riverside tầng cao, nội thất cơ bản, view sông. | A0772173 • Đào Trí, Phú Thuận, Quận 7, Hồ Chí Minh | 2 | 2 | 67.37 m²",3500.0,-0.03471598212505771,-0.5547813785413339,-0.26404557805864187,-1.6733596296648134,-0.560291591535269,False,False,False,False,False,False,False,True,False,False,False,False,False,False,True,False
"3.9 tỷ | Bán Căn hộ Q7 Saigon Riverside 2pn góc | A07140134 • Đào Trí, Phú Thuận, Quận 7, Hồ Chí Minh | 2 | 2 | 74 m²",3900.0,-0.03112251182434116,-0.5451660230076761,-0.034884907684953156,-1.6733596296648134,-0.560291591535269,False,False,False,False,False,False,False,True,False,False,False,False,False,False,True,False
"3.7 tỷ | Bán căn hộ Q7 Saigon Riverside tầng cao, tháp Venus, diện tích 66.66m2 - 2 phòng ngủ, chưa bàn giao | A0755637 • Đào Trí, Phú Thuận, Quận 7, Hồ Chí Minh | 2 | 2 | 66.66 m²",3700.0,-0.03510080322815104,-0.5092702499645639,-0.2898921272248917,-1.6733596296648134,-0.560291591535269,False,False,False,False,False,False,False,True,False,False,False,False,False,False,True,False
"GIẢM GIÁ | 3.7 tỷ | -3% | Bán và cho thuê căn hộ Q7 Saigon Riverside tầng cao, hoàn thiện cơ bản | A0759935 • Đào Trí, Phú Thuận, Quận 7, Hồ Chí Minh | 2 | 2 | 66.66 m²",3700.0,-0.03510080322815104,-0.5092702499645639,-0.2898921272248917,-1.6733596296648134,-0.560291591535269,False,False,False,False,False,False,False,True,False,False,False,False,False,False,True,False
"3.6 tỷ | Bán căn hộ Q7 Saigon Riverside tầng cao, thuận tiện di chuyển sang Q.1 | A0760212 • Đào Trí, Phú Thuận, Quận 7, Hồ Chí Minh | 2 | 2 | 66.66 m²",3600.0,-0.03510080322815104,-0.5284825109597202,-0.2898921272248917,-1.6733596296648134,-0.560291591535269,False,False,False,False,False,False,False,True,False,False,False,False,False,False,True,False
"3.7 tỷ | Bán Căn hộ Q7 Saigon Riverside 2pn,2wc | A0762583 • Đào Trí, Phú Thuận, Quận 7, Hồ Chí Minh | 2 | 2 | 69.19 m²",3700.0,-0.03372953929741003,-0.5352633089580107,-0.19899765044795648,-1.6733596296648134,-0.560291591535269,False,False,False,False,False,False,False,True,False,False,False,False,False,False,True,False
"3.7 tỷ | Bán Căn hộ Q7 Saigon Riverside 2 phòng ngủ | A07141626 • Đào Trí, Phú Thuận, Quận 7, Hồ Chí Minh | 2 | 2 | 66.66 m²",3700.0,-0.03510080322815104,-0.5092702499645639,-0.2898921272248917,-1.6733596296648134,-0.560291591535269,False,False,False,False,False,False,False,True,False,False,False,False,False,False,True,False
"3.7 tỷ | Bán căn hộ Q7 Saigon Riverside 2PN view nội khu. | A0760716 • Đào Trí, Phú Thuận, Quận 7, Hồ Chí Minh | 2 | 2 | 66.66 m²",3700.0,-0.03510080322815104,-0.5092702499645639,-0.2898921272248917,-1.6733596296648134,-0.560291591535269,False,False,False,False,False,False,False,True,False,False,False,False,False,False,True,False
"GIẢM GIÁ | 3.7 tỷ | -5% | Cho thuê căn hộ Q7 Saigon Riverside 2 phòng ngủ | A0757069 • Đào Trí, Phú Thuận, Quận 7, Hồ Chí Minh | 2 | 2 | 69.19 m²",3700.0,-0.03372953929741003,-0.5352633089580107,-0.19899765044795648,-1.6733596296648134,-0.560291591535269,False,False,False,False,False,False,False,True,False,False,False,False,False,False,True,False
"3.05 tỷ | Bán căn hộ Q7 Saigon Riverside tầng cao, 1 phòng ngủ +1 | A0760378 • Đào Trí, Phú Thuận, Quận 7, Hồ Chí Minh | 1 | 1 | 53.67 m²",3050.0,-0.04214140341009794,-0.4923239403780036,-0.8177190496360173,-1.6733596296648134,-0.560291591535269,False,False,False,False,False,False,False,True,False,False,False,False,False,False,True,False
"3.05 tỷ | Bán Căn hộ Q7 Saigon Riverside 1PN+1 view đẹp, | A0771231 • Đào Trí, Phú Thuận, Quận 7, Hồ Chí Minh | 1 | 1 | 53.2 m²",3050.0,-0.042396144140314646,-0.4858941286447057,-0.8390970611279605,-1.6733596296648134,-0.560291591535269,False,False,False,False,False,False,False,True,False,False,False,False,False,False,True,False
"3.7 tỷ | Cho thuê căn hộ Q7 Saigon Riverside 2 phòng ngủ nhà đẹp | A07198428 • Đào Trí, Phú Thuận, Quận 7, Hồ Chí Minh | 2 | 2 | 67.61 m²",3700.0,-0.03458590175218109,-0.519258579708385,-0.25536937920208785,-1.6733596296648134,-0.560291591535269,False,False,False,False,False,False,False,True,False,False,False,False,False,False,True,False
"3.05 tỷ | Căn hộ The CBD Premium Home tầng trung, đón view thành phố sầm uất. | A0265358 • Đồng Văn Cống, Thạnh Mỹ Lợi, | 2 | 2 | 65 m²",3050.0,-0.03600052580721431,-0.6191850729840832,-0.3513962084583887,0.9724400052447274,-0.13517524411165588,False,False,False,False,False,False,False,False,False,False,False,False,False,True,True,False
"3.05 tỷ | Căn hộ The CBD Premium Home có 2 phòng ngủ, tiện ích đa dạng. | A02106873 • Đồng Văn Cống, Thạnh Mỹ Lợi, | 2 | 2 | 60 m²",3050.0,-0.038710533575477164,-0.569106836833978,-0.5464551185915228,0.9724400052447274,-0.13517524411165588,False,False,False,False,False,False,False,False,False,False,False,False,False,True,True,False
"4.4 tỷ | Căn hộ thô Sunrise Riverside view nội khu, ban công hướng Nam. | ANB72966 • Nguyễn Hữu Thọ, Phước Kiển, Nhà Bè, | 2 | 2 | 70 m²",4400.0,-0.033290518038951444,-0.4151191926534441,-0.1705883317692301,-0.6557443854688363,-0.13517524411165588,False,False,True,False,False,False,False,False,False,False,False,False,False,False,True,False
"4.4 tỷ | Căn hộ Sunrise Riverside hướng Nam, diện tích 69.16m² | ANB54390 • Nguyễn Hữu Thọ, Phước Kiển, Nhà Bè, | 2 | 2 | 69.16 m²",4400.0,-0.03374579934401961,-0.4053418074615586,-0.20005613327780988,-0.6557443854688363,-0.13517524411165588,False,False,True,False,False,False,False,False,False,False,False,False,False,False,True,False
"4.4 tỷ | Căn hộ Sunrise Riverside hướng Nam, diện tích 69.18m² | ANB63997 • Nguyễn Hữu Thọ, Phước Kiển, Nhà Bè, | 2 | 2 | 69.18 m²",4400.0,-0.03373495931294655,-0.4055773616966914,-0.19935042778204598,-0.6557443854688363,-0.13517524411165588,False,False,True,False,False,False,False,False,False,False,False,False,False,False,True,False
"4.4 tỷ | Cho thuê căn hộ Sunrise Riverside đầy đủ nội thất | ANB61787 • Nguyễn Hữu Thọ, Phước Kiển, Nhà Bè, | 2 | 2 | 70 m²",4400.0,-0.033290518038951444,-0.4151191926534441,-0.1705883317692301,-0.6557443854688363,-0.13517524411165588,False,False,True,False,False,False,False,False,False,False,False,False,False,False,True,False
"4.4 tỷ | Căn hộ Sunrise Riverside hướng Nam, diện tích 69.18m² | ANB198436 • Nguyễn Hữu Thọ, Phước Kiển, | 2 | 2 | 69.18 m²",4400.0,-0.03373495931294655,-0.4055773616966914,-0.19935042778204598,0.9724400052447274,-0.13517524411165588,False,False,False,False,False,False,False,False,False,False,False,False,False,True,True,False
"4.4 tỷ | Bán Căn hộ 2PN Sunrise Riverside hướng Tây, diện tích 70.45m² | ANB73980 • Nguyễn Hữu Thọ, Phước Kiển, Nhà Bè, | 2 | 2 | 70.45 m²",4400.0,-0.033046617339807786,-0.42026116740659325,-0.15494510006561127,-0.6557443854688363,-0.13517524411165588,False,False,True,False,False,False,False,False,False,False,False,False,False,False,True,False
"4.2 tỷ | Căn hộ Sunrise Riverside hướng Đông, diện tích 70m² | ANB184104 • Nguyễn Hữu Thọ, Phước Kiển, | 2 | 2 | 69.16 m²",4200.0,-0.033290518038951444,-0.45171031602307593,-0.1705883317692301,0.9724400052447274,-0.13517524411165588,False,False,False,False,False,False,False,False,False,False,False,False,False,True,True,False
"4.3 tỷ | Căn hộ Sunrise Riverside hướng Bắc, diện tích 69.42m² | ANB184156 • Nguyễn Hữu Thọ, Phước Kiển, | 2 | 2 | 69.42 m²",4300.0,-0.033604878940069936,-0.4268418458332282,-0.19089761371693614,0.9724400052447274,-0.13517524411165588,False,False,False,False,False,False,False,False,False,False,False,False,False,True,True,False
"4.4 tỷ | Bán căn hộ Sunrise Riverside 2PN view sông | ANB184103 • Nguyễn Hữu Thọ, Phước Kiển, | 2 | 2 | 69.16 m²",4400.0,-0.03374579934401961,-0.4053418074615586,-0.20005613327780988,0.9724400052447274,-0.13517524411165588,False,False,False,False,False,False,False,False,False,False,False,False,False,True,True,False
"4.4 tỷ | Cho thuê căn hộ Sunrise Riverside 2PN,2WC | ANB189908 • Nguyễn Hữu Thọ, Phước Kiển, | 2 | 2 | 70.45 m²",4400.0,-0.033046617339807786,-0.42026116740659325,-0.15494510006561127,0.9724400052447274,-0.13517524411165588,False,False,False,False,False,False,False,False,False,False,False,False,False,True,True,False
"4.4 tỷ | Căn hộ Sunrise Riverside hướng ban công tây đầy đủ nội thất diện tích 70m² | ANB163320 • Nguyễn Hữu Thọ, Phước Kiển, | 2 | 2 | 70 m²",4400.0,-0.033290518038951444,-0.4151191926534441,-0.1705883317692301,0.9724400052447274,-0.13517524411165588,False,False,False,False,False,False,False,False,False,False,False,False,False,True,True,False
"4.4 tỷ | Căn hộ Sunrise Riverside 2 Phòng ngủ ,hướng Đông view sông vòng cung phong thủy. | ANB198212 • Nguyễn Hữu Thọ, Phước Kiển, | 2 | 2 | 70.96 m²",4400.0,-0.03277019654744498,-0.42600989904530734,-0.13733476803878505,0.9724400052447274,-0.13517524411165588,False,False,False,False,False,False,False,False,False,False,False,False,False,True,True,False
"4.4 tỷ | Căn hộ Sunrise Riverside hướng ban công bắc đầy đủ nội thất diện tích 70.45m² | ANB160940 • Nguyễn Hữu Thọ, Phước Kiển, | 2 | 2 | 70.45 m²",4400.0,-0.033046617339807786,-0.42026116740659325,-0.15494510006561127,0.9724400052447274,-0.13517524411165588,False,False,False,False,False,False,False,False,False,False,False,False,False,True,True,False
"4.4 tỷ | Căn hộ Sunrise Riverside 2PN nội thất đẹp | ANB189906 • Nguyễn Hữu Thọ, Phước Kiển, | 2 | 2 | 71.03 m²",4400.0,-0.032732256438689294,-0.4267924976732365,-0.13492740983735305,0.9724400052447274,-0.13517524411165588,False,False,False,False,False,False,False,False,False,False,False,False,False,True,True,False
"4.4 tỷ | Căn hộ Sunrise Riverside tầng cao nhất 2PN, nội thất đầy đủ | ANB100142 • Nguyễn Hữu Thọ, Phước Kiển, | 2 | 2 | 70 m²",4400.0,-0.033290518038951444,-0.4151191926534441,-0.1705883317692301,0.9724400052447274,-0.13517524411165588,False,False,False,False,False,False,False,False,False,False,False,False,False,True,True,False
"4.4 tỷ | Căn hộ Sunrise Riverside 2PN view đẹp | ANB160673 • Nguyễn Hữu Thọ, Phước Kiển, | 2 | 2 | 70 m²",4400.0,-0.033290518038951444,-0.4151191926534441,-0.1705883317692301,0.9724400052447274,-0.13517524411165588,False,False,False,False,False,False,False,False,False,False,False,False,False,True,True,False
"4.4 tỷ | Bán Căn hộ Sunrise Riverside 2PN nhà đẹp | ANB184100 • Nguyễn Hữu Thọ, Phước Kiển, | 2 | 2 | 69.5 m²",4400.0,-0.033561518815777736,-0.4093277918323513,-0.18808640965096227,0.9724400052447274,-0.13517524411165588,False,False,False,False,False,False,False,False,False,False,False,False,False,True,True,False
"4.4 tỷ | Cho thuê căn hộ Sunrise Riverside 2 phòng ngủ nội thất cơ bản | AOT56991 • Nguyễn Hữu Thọ, Phước Kiển, Nhà Bè, | 2 | 2 | 70 m²",4400.0,-0.033290518038951444,-0.4151191926534441,-0.1705883317692301,-0.6557443854688363,-0.13517524411165588,False,False,True,False,False,False,False,False,False,False,False,False,False,False,True,False
"4.4 tỷ | Bán căn hộ Sunrise Riverside tầng thấp, diện tích 70m2 - 2 phòng ngủ, chưa có nội thất | AOT56988 • Nguyễn Hữu Thọ, Phước Kiển, Nhà Bè, | 2 | 2 | 70 m²",4400.0,-0.033290518038951444,-0.4151191926534441,-0.1705883317692301,-0.6557443854688363,-0.13517524411165588,False,False,True,False,False,False,False,False,False,False,False,False,False,False,True,False
"4.4 tỷ | Bán Căn hộ Sunrise Riverside 2PN ban công hướng Nam mát mẻ. | ANB99316 • Nguyễn Hữu Thọ, Phước Kiển, Nhà Bè, | 2 | 2 | 70 m²",4400.0,-0.033290518038951444,-0.4151191926534441,-0.1705883317692301,-0.6557443854688363,-0.13517524411165588,False,False,True,False,False,False,False,False,False,False,False,False,False,False,True,False
"4.4 tỷ | Bán căn hộ Sunrise Riverside tầng thấp, diện tích 70m2 - 2 phòng ngủ, chưa có nội thất | AOT56980 • Nguyễn Hữu Thọ, Phước Kiển, Nhà Bè, | 2 | 2 | 70 m²",4400.0,-0.033290518038951444,-0.4151191926534441,-0.1705883317692301,-0.6557443854688363,-0.13517524411165588,False,False,True,False,False,False,False,False,False,False,False,False,False,False,True,False
"4.4 tỷ | Căn hộ Sunrise Riverside hướng Đông, diện tích 70.96m² | ANB192121 • Nguyễn Hữu Thọ, Phước Kiển, | 2 | 2 | 70.96 m²",4400.0,-0.03277019654744498,-0.42600989904530734,-0.13733476803878505,0.9724400052447274,-0.13517524411165588,False,False,False,False,False,False,False,False,False,False,False,False,False,True,True,False
"4.4 tỷ | Bán Căn hộ Sunrise Riverside 2PN hướng Tây Nam, diện tích 70m² | ANB99728 • Nguyễn Hữu Thọ, Phước Kiển, Nhà Bè, | 2 | 2 | 70 m²",4400.0,-0.033290518038951444,-0.4151191926534441,-0.1705883317692301,-0.6557443854688363,-0.13517524411165588,False,False,True,False,False,False,False,False,False,False,False,False,False,False,True,False
"4.4 tỷ | Bán Căn hộ 2PN Sunrise Riverside hướng Bắc, diện tích 69.16m² | ANB188136 • Nguyễn Hữu Thọ, Phước Kiển, | 2 | 2 | 69.16 m²",4400.0,-0.03374579934401961,-0.4053418074615586,-0.20005613327780988,0.9724400052447274,-0.13517524411165588,False,False,False,False,False,False,False,False,False,False,False,False,False,True,True,False
"4.4 tỷ | Căn hộ Sunrise Riverside tầng cao, view thành phố sầm uất. | ANB77100 • Nguyễn Hữu Thọ, Phước Kiển, Nhà Bè, | 2 | 2 | 69.36 m²",4400.0,-0.03363739903328909,-0.40769123681370334,-0.19300811338879498,-0.6557443854688363,-0.13517524411165588,False,False,True,False,False,False,False,False,False,False,False,False,False,False,True,False
"4.4 tỷ | Bán căn hộ tầng 14 đầy đủ nội thất Sunrise Riverside | ANB61107 • Nguyễn Hữu Thọ, Phước Kiển, Nhà Bè, | 2 | 2 | 70.45 m²",4400.0,-0.033046617339807786,-0.42026116740659325,-0.15494510006561127,-0.6557443854688363,-0.13517524411165588,False,False,True,False,False,False,False,False,False,False,False,False,False,False,True,False
"4.4 tỷ | Căn hộ Sunrise Riverside hướng Đông nhà siêu đẹp, diện tích 71m² | ANB139531 • Nguyễn Hữu Thọ, Phước Kiển, | 2 | 2 | 71 m²",4400.0,-0.032748516485298876,-0.4264572872186821,-0.13595884818391588,0.9724400052447274,-0.13517524411165588,False,False,False,False,False,False,False,False,False,False,False,False,False,True,True,False
"4.4 tỷ | Căn hộ 2PN Sunrise Riverside hướng Đông, diện tích 70 m² | ANB159067 • Nguyễn Hữu Thọ, Phước Kiển, | 2 | 2 | 70 m²",4400.0,-0.033290518038951444,-0.4151191926534441,-0.1705883317692301,0.9724400052447274,-0.13517524411165588,False,False,False,False,False,False,False,False,False,False,False,False,False,True,True,False
"4.4 tỷ | Căn hộ Sunrise Riverside hướng Đông, diện tích 70m² | ANB198286 • Nguyễn Hữu Thọ, Phước Kiển, | 2 | 2 | 70 m²",4400.0,-0.033290518038951444,-0.4151191926534441,-0.1705883317692301,0.9724400052447274,-0.13517524411165588,False,False,False,False,False,False,False,False,False,False,False,False,False,True,True,False
"4.4 tỷ | Căn hộ Sunrise Riverside 2PN,2WC View sông phong thủy đón tài lộc cực đẹp | ANB66998 • Nguyễn Hữu Thọ, Phước Kiển, Nhà Bè, | 2 | 2 | 70.68 m²",4400.0,-0.03292195698246769,-0.4228640031459412,-0.14698767584081637,-0.6557443854688363,-0.13517524411165588,False,False,True,False,False,False,False,False,False,False,False,False,False,False,True,False
"5.2 tỷ | Căn hộ Sunrise Riverside hướng ban công đông đầy đủ nội thất diện tích 71.03m² | ANB76021 • Nguyễn Hữu Thọ, Phước Kiển, Nhà Bè, | 2 | 2 | 71.03 m²",5200.0,-0.032732256438689294,-0.2825504232892169,-0.13492740983735305,-0.6557443854688363,-0.13517524411165588,False,False,True,False,False,False,False,False,False,False,False,False,False,False,True,False
"5.4 tỷ | Căn hộ Sunrise Riverside hướng ban công nam đầy đủ nội thất diện tích 95m² | ANB144149 • Nguyễn Hữu Thọ, Phước Kiển, | 3 | 2 | 95 m²",5400.0,-0.019740479197637155,-0.4921531365895111,0.5763326754255502,0.9724400052447274,-0.13517524411165588,False,False,False,False,False,False,False,False,False,False,False,False,False,True,True,False
"5.4 tỷ | Căn hộ Sunrise Riverside hướng Nam, diện tích 83m² | ANB160723 • Nguyễn Hữu Thọ, Phước Kiển, | 3 | 2 | 83 m²",5400.0,-0.026244497841468015,-0.3869043505371015,0.24571325833219854,0.9724400052447274,-0.13517524411165588,False,False,False,False,False,False,False,False,False,False,False,False,False,True,True,False
"23.5 tỷ | Căn hộ Empire City nội thất cơ bản diện tích 148.7m² | A0290025 • Mai Chí Thọ, Thủ Thiêm, Quận 2, | 3 | 3 | 148.7 m²",23500.0,0.009365004233505933,0.8038302943930142,1.6763682392298613,-0.6557443854688363,-0.13517524411165588,False,False,False,False,True,False,False,False,False,False,False,False,False,False,False,False
"24 tỷ | Căn hộ Empire City đầy đủ nội thất diện tích 127m² | A02147386 • Mai Chí Thọ, Thủ Thiêm, Quận 2, | 3 | 2 | 127 m²",24000.0,-0.0023964294807548646,1.2000763790800688,1.2886241990350162,-0.6557443854688363,-0.13517524411165588,False,False,False,False,True,False,False,False,False,False,False,False,False,False,False,False
"5.2 tỷ | Căn hộ Sunrise Riverside View sông quận 1 bitexco, diện tích 70m² | ANB183739 • Nguyễn Hữu Thọ, Phước Kiển, | 2 | 2 | 70 m²",5200.0,-0.033290518038951444,-0.2687546991749166,-0.1705883317692301,-3.0980209715391815,6.666686314666153,False,False,False,True,False,False,False,False,False,False,False,False,False,False,True,False
"5 tỷ | Cho thuê Căn hộ Sunrise Riverside 2PN hướng Đông, diện tích 71m² | ANB139532 • Nguyễn Hữu Thọ, Phước Kiển, | 1 | 2 | 71 m²",5000.0,-0.032748516485298876,-0.31823002091413727,-0.13595884818391588,0.9724400052447274,-0.13517524411165588,False,False,False,False,False,False,False,False,False,False,False,False,False,True,True,False
"4.9 tỷ | Căn hộ Sunrise Riverside thiết kế sang trọng bàn giao đầy đủ nội thất. | ANB79855 • Nguyễn Hữu Thọ, Phước Kiển, Nhà Bè, | 2 | 2 | 69.5 m²",4900.0,-0.033561518815777736,-0.3171918696786021,-0.18808640965096227,-0.6557443854688363,-0.13517524411165588,False,False,True,False,False,False,False,False,False,False,False,False,False,False,True,False
"4.7 tỷ | Căn hộ Sunrise Riverside hướng Nam, diện tích 69.19m² | ANB74092 • Nguyễn Hữu Thọ, Phước Kiển, Nhà Bè, | 2 | 2 | 69.19 m²",4700.0,-0.03372953929741003,-0.3501658500857582,-0.19899765044795648,-0.6557443854688363,-0.13517524411165588,False,False,True,False,False,False,False,False,False,False,False,False,False,False,True,False
"4.7 tỷ | Căn hộ Sunrise Riverside hướng Đông, diện tích 70.96m² | ANB74063 • Nguyễn Hữu Thọ, Phước Kiển, Nhà Bè, | 2 | 2 | 70.96 m²",4700.0,-0.03277019654744498,-0.3718657621539411,-0.13733476803878505,-0.6557443854688363,-0.13517524411165588,False,False,True,False,False,False,False,False,False,False,False,False,False,False,True,False
"4.8 tỷ | Căn hộ Sunrise Riverside tầng 11 cửa hướng Đông, đầy đủ nội thất. | ANB87691 • Nguyễn Hữu Thọ, Phước Kiển, Nhà Bè, | 2 | 2 | 69.5 m²",4800.0,-0.033561518815777736,-0.3356190541093519,-0.18808640965096227,-0.6557443854688363,-0.13517524411165588,False,False,True,False,False,False,False,False,False,False,False,False,False,False,True,False
"4.4 tỷ | Căn hộ Sunrise Riverside 2PN RẺ NHẤT DỰ ÁN | ANB198454 • Nguyễn Hữu Thọ, Phước Kiển, | 2 | 2 | 69.19 m²",4400.0,-0.03372953929741003,-0.40569508774743396,-0.19899765044795648,0.9724400052447274,-0.13517524411165588,False,False,False,False,False,False,False,False,False,False,False,False,False,True,True,False
"4.4 tỷ | Cho thuê căn hộ 2PN Sunrise Riverside hướng Bắc View sông | ANB198547 • Nguyễn Hữu Thọ, Phước Kiển, | 2 | 2 | 70 m²",4400.0,-0.033290518038951444,-0.4151191926534441,-0.1705883317692301,0.9724400052447274,-0.13517524411165588,False,False,False,False,False,False,False,False,False,False,False,False,False,True,True,False
"4.4 tỷ | Bán Căn hộ Sunrise Riverside 2PN hướng Nam, diện tích 70m² | ANB160680 • Nguyễn Hữu Thọ, Phước Kiển, | 2 | 2 | 70 m²",4400.0,-0.033290518038951444,-0.4151191926534441,-0.1705883317692301,0.9724400052447274,-0.13517524411165588,False,False,False,False,False,False,False,False,False,False,False,False,False,True,True,False
"4.4 tỷ | Bán căn hộ Sunrise Riverside 2PN hướng Tây, diện tích 69.15m² | ANB198504 • Nguyễn Hữu Thọ, Phước Kiển, | 2 | 2 | 69.15 m²",4400.0,-0.03375121935955613,-0.40522397924762904,-0.20040906146814738,0.9724400052447274,-0.13517524411165588,False,False,False,False,False,False,False,False,False,False,False,False,False,True,True,False
"4.5 tỷ | Căn hộ Sunrise Riverside 2PN block K CÓ SỔ | ANB61526 • Nguyễn Hữu Thọ, Phước Kiển, Nhà Bè, | 2 | 2 | 69.19 m²",4500.0,-0.03372953929741003,-0.38718534186020875,-0.19899765044795648,-0.6557443854688363,-0.13517524411165588,False,False,True,False,False,False,False,False,False,False,False,False,False,False,True,False
"4.5 tỷ | Căn hộ Sunrise Riverside 2PN nội thất đẹp độc lạ giá rẻ | ANB63970 • Nguyễn Hữu Thọ, Phước Kiển, Nhà Bè, | 2 | 2 | 70 m²",4500.0,-0.033290518038951444,-0.39682363096862805,-0.1705883317692301,-0.6557443854688363,-0.13517524411165588,False,False,True,False,False,False,False,False,False,False,False,False,False,False,True,False
"5.3 tỷ | Căn hộ Sunrise Riverside 2PN,2WC nội thất đẹp | ANB198285 • Nguyễn Hữu Thọ, Phước Kiển, | 2 | 2 | 70.61 m²",5300.0,-0.03295989709122338,-0.25883607431590583,-0.14940679446522626,0.9724400052447274,-0.13517524411165588,False,False,False,False,False,False,False,False,False,False,False,False,False,True,True,False
"4.5 tỷ | Căn hộ Sunrise Riverside | ANB72014 • Nguyễn Hữu Thọ, Phước Kiển, Nhà Bè, | 2 | 2 | 70.68 m²",4500.0,-0.03292195698246769,-0.40474445988140934,-0.14698767584081637,-0.6557443854688363,-0.13517524411165588,False,False,True,False,False,False,False,False,False,False,False,False,False,False,True,False
"4 tỷ | Căn hộ tầng thấp River Panorama view thành phố. | A0772076 • Hoàng Quốc Việt, Phú Thuận, Quận 7, | 2 | 1 | 55.3 m²",4000.0,-0.04125794087764425,-0.2937663531237789,-0.7449765486840216,-1.6733596296648134,-0.560291591535269,False,False,False,False,False,False,False,True,False,False,False,False,False,False,True,False
"7.5 tỷ | Căn hộ RichLane Residences hướng Bắc, diện tích 92m² | A07186628 • Nguyễn Văn Linh, Tân Phong, Quận 7, | 2 | 2 | 92 m²",7500.0,-0.02136648385859487,-0.17608370194530562,0.4977239234015609,-1.6733596296648134,-0.560291591535269,False,False,False,False,False,False,False,True,False,False,False,False,False,False,True,False
"5.3 tỷ | Bán căn hộ 3PN Sunrise Riverside View Sông Pháo Hoa | ANB163770 • Nguyễn Hữu Thọ, Phước Kiển, | 3 | 2 | 83.42 m²",5300.0,-0.026016857188933935,-0.40645171965195853,0.25806225009135375,0.9724400052447274,-0.13517524411165588,False,False,False,False,False,False,False,False,False,False,False,False,False,True,True,False
"2.3 tỷ | Bán Căn hộ Studio Vinhomes Grand Park, diện tích 36 m², view hồ bơi công viên đẹp | A09199036 • Nguyễn Xiển, Long Thạnh Mỹ, | 1 | 1 | 36 m²",2300.0,-0.05171857086313888,-0.4019057314366326,-1.7843299135597186,0.9724400052447274,-0.13517524411165588,False,False,False,False,False,False,False,False,False,False,False,False,False,True,False,True
"2.39 tỷ | Bán Căn hộ Westgate 2PN Bình Chánh hướng Đông Sổ hồng | ABC199165 • Tân Túc, Tân Túc, Bình Chánh, | 2 | 2 | 59 m²",2390.0,-0.03925253512912973,-0.7013362000277678,-0.5873811365761936,-0.04517523895124991,-0.13517524411165588,False,False,False,False,False,False,False,False,False,False,False,False,False,False,True,False
"9.6 tỷ | Căn hộ Masteri Thảo Điền, diện tích 86m² | A02199166 • Xa Lộ Hà Nội, Thảo Điền, Quận 2, | 3 | 2 | 86 m²",9600.0,-0.0246184931805103,0.20948277370259716,0.33259823326586013,-0.6557443854688363,-0.13517524411165588,False,False,False,False,True,False,False,False,False,False,False,False,False,False,True,False
"7.3 tỷ | Căn hộ 3 phòng ngủ view hồ bơi đông nam Masteri Centre Point. Gọi ngay 0768892255 | A09188310 • Nguyễn Xiển, Long Thạnh Mỹ, | 3 | 2 | 100 m²",7300.0,-0.0170304714293743,-0.28522070469125105,0.7020433138717228,0.9724400052447274,-0.13517524411165588,False,False,False,False,False,False,False,False,False,False,False,False,False,True,False,False
"GIẢM GIÁ | 2.35 tỷ | -35% | Căn hộ Vinhomes Grand Park 2PN1WC 59m2 có sổ hồng. Gọi ngay 0768892255 | A09100973 • Nguyễn Xiển, Long Thạnh Mỹ, | 2 | 1 | 59 m²",2350.0,-0.03925253512912973,-0.7100188394714092,-0.5873811365761936,0.9724400052447274,-0.13517524411165588,False,False,False,False,False,False,False,False,False,False,False,False,False,True,True,False
"2.2 tỷ | Căn hộ Citi Esto hướng ban công đông nam đầy đủ nội thất diện tích 60m² | A02144401 • Nguyễn Thị Định, Cát Lái, Quận 2, | 2 | 2 | 60 m²",2200.0,-0.038710533575477164,-0.750537823541736,-0.5464551185915228,-0.6557443854688363,-0.13517524411165588,False,False,False,False,True,False,False,False,False,False,False,False,False,False,True,False
"4.65 tỷ | Căn hộ Sunrise Riverside 2PN Hướng Đông View Sông Vòng Cung | ANB159065 • Nguyễn Hữu Thọ, Phước Kiển, | 2 | 2 | 71.3 m²",4650.0,-0.032585916019203104,-0.3848917429133134,-0.12566374929668292,0.9724400052447274,-0.13517524411165588,False,False,False,False,False,False,False,False,False,False,False,False,False,True,True,False
"9.1 tỷ | Căn hộ 2 phòng ngủ Diamond Island - Đảo Kim Cương hướng Tây Bắc, diện tích 84.66m. LH 0768892255² | A09198687 • Số 104-BTT, Bình Trưng Tây, Quận 2, | 2 | 2 | 84.66 m²",9100.0,-0.025344775262404747,0.15647339928927645,0.29416589974331303,-0.6557443854688363,-0.13517524411165588,False,False,False,False,True,False,False,False,False,False,False,False,False,False,True,False
"9.5 tỷ | Căn hộ 2 phòng ngủ Diamond Island - Đảo Kim Cương hướng Đông Nam, diện tích 88m². LH 0768892255 | A09198680 • Số 104-BTT, Bình Trưng Tây, Quận 2, | 2 | 2 | 88 m²",9500.0,-0.02353449007320516,0.16243842507858583,0.3888726491550335,-0.6557443854688363,-0.13517524411165588,False,False,False,False,True,False,False,False,False,False,False,False,False,False,True,False
"12.8 tỷ | Căn hộ 3 phòng ngủ Diamond Island - Đảo Kim Cương hướng Đông Nam, diện tích 124m². LH 0768892255 | A09198686 • Số 104-BTT, Bình Trưng Tây, Quận 2, | 3 | 2 | 124 m²",12800.0,-0.004022434141712579,0.10187796979490255,1.2299028448157556,-0.6557443854688363,-0.13517524411165588,False,False,False,False,True,False,False,False,False,False,False,False,False,False,False,False
"7.5 tỷ | Căn hộ SÂN VƯỜN Saigon South Residence tầng trệt | ANB60684 • Nguyễn Hữu Thọ, Phước Kiển, Nhà Bè, | 2 | 2 | 71.42 m²",7500.0,-0.03252087583276479,0.12476126326903215,-0.12155766590933191,-0.6557443854688363,-0.13517524411165588,False,False,True,False,False,False,False,False,False,False,False,False,False,False,True,False
"73.9 tỷ | 𝐏𝐞𝐧𝐭𝐡𝐨𝐮𝐬𝐞 𝐄𝐀𝐓𝐎𝐍 𝐏𝐀𝐑𝐊 Tháp Alpine A1.37.xx View Sông- view Empire 88 và Landmark81. LH 0768892255 | A09198682 • Mai Chí Thọ, An Phú, Quận 2, | 3 | 3 | 207.07 m²",73900.0,0.04100163492020654,3.3504532215071534,2.491558994534382,-0.6557443854688363,-0.13517524411165588,False,False,False,False,True,False,False,False,False,False,False,False,False,False,False,False
"21 tỷ | 𝐕𝐢𝐧𝐡𝐨𝐦𝐞𝐬 𝐆𝐨𝐥𝐝𝐞𝐧 𝐑𝐢𝐯𝐞𝐫, 𝐐𝐮𝐚̣̂𝐧 𝟏 Căn hộ 3 phòng ngủ vòng cung view LM81. LH 0768892255 | A09198746 • Tôn Đức Thắng, Bến Nghé, Quận 1, | 3 | 2 | 105 m²",21000.0,-0.01432046366111144,1.3412547290888845,0.82167855123478,-3.0980209715391815,6.666686314666153,False,False,False,True,False,False,False,False,False,False,False,False,False,False,False,False
"4.7 tỷ | 👉❤️DUY NHẤT CĂN HỘ SÂN VƯỜN RẠP CHIẾU PHIM NGOÀI TRỜI 93m/4,7 tỷ. LH 0768892255 | A09198733 • Nguyễn Xiển, Long Thạnh Mỹ, | 2 | 2 | 93 m²",4700.0,-0.0208244823049423,-0.5728938213762652,0.5242051139585038,0.9724400052447274,-0.13517524411165588,False,False,False,False,False,False,False,False,False,False,False,False,False,True,True,False
"5.7 tỷ | Căn hộ 3 phòng ngủ 108m2 Vinhomes Grand Park cần bán. LH 0768892255 | A09198706 • Nguyễn Xiển, Long Thạnh Mỹ, | 3 | 2 | 108 m²",5700.0,-0.012694459000153726,-0.5442045445407564,0.8907798095807904,0.9724400052447274,-0.13517524411165588,False,False,False,False,False,False,False,False,False,False,False,False,False,True,False,False
"5.9 tỷ | Căn hộ 3 phòng ngủ 108m2 Vinhomes Grand Park đủ nội thất. LH 0768892255 | A09198726 • Nguyễn Xiển, Long Thạnh Mỹ, | 3 | 2 | 108 m²",5900.0,-0.012694459000153726,-0.5204880756900692,0.8907798095807904,0.9724400052447274,-0.13517524411165588,False,False,False,False,False,False,False,False,False,False,False,False,False,True,False,False
"25 tỷ | Căn hộ có Sân Thượng The Metropole Thủ Thiêm hướng Tây Bắc, diện tích 162m² | A02199151 • Đường R2, An Khánh, Quận 2, | 2 | 2 | 162 m²",25000.0,0.01657362489708514,0.7562484974385976,1.8871149588684695,-0.6557443854688363,-0.13517524411165588,False,False,False,False,True,False,False,False,False,False,False,False,False,False,False,False
"23.7 tỷ | Căn hộ có Sân Thượng The Metropole Thủ Thiêm hướng Đông Nam, diện tích 200m² | A02199152 • Đường R2, An Khánh, Quận 2, | 3 | 2 | 200 m²",23700.0,0.037169683935882866,0.29749293497013607,2.4059656485766525,-0.6557443854688363,-0.13517524411165588,False,False,False,False,True,False,False,False,False,False,False,False,False,False,False,False
"33.5 tỷ | Căn hộ The Metropole Thủ Thiêm hướng Tây Nam, diện tích 104m² | A02199150 • Đường R2, An Khánh, Quận 2, | 3 | 2 | 104 m²",33500.0,-0.014862465214764012,2.905173415415938,0.7982094872234391,-0.6557443854688363,-0.13517524411165588,False,False,False,False,True,False,False,False,False,False,False,False,False,False,False,False
"17.5 tỷ | Căn hộ The Metropole Thủ Thiêm hướng Đông Bắc, diện tích 69m² | A02199149 • Đường R2, An Khánh, Quận 2, | 2 | 2 | 69 m²",17500.0,-0.03383251959260402,2.028001174939221,-0.205709030060077,-0.6557443854688363,-0.13517524411165588,False,False,False,False,True,False,False,False,False,False,False,False,False,False,True,False
"32.5 tỷ | Căn hộ The Metropole Thủ Thiêm hướng Tây Nam, diện tích 111m² | A02198580 • Đường R2, An Khánh, Quận 2, | 3 | 2 | 111 m²",32500.0,-0.01106845433919601,2.5296421142017023,0.9580047819416646,-0.6557443854688363,-0.13517524411165588,False,False,False,False,True,False,False,False,False,False,False,False,False,False,False,False
"17.5 tỷ | Căn hộ The Metropole Thủ Thiêm hướng Tây Nam, diện tích 70m² | A02199147 • Đường R2, An Khánh, Quận 2, | 2 | 2 | 70 m²",17500.0,-0.033290518038951444,1.9815993880574416,-0.1705883317692301,-0.6557443854688363,-0.13517524411165588,False,False,False,False,True,False,False,False,False,False,False,False,False,False,True,False
"18 tỷ | Căn hộ The Metropole Thủ Thiêm hướng Đông Bắc, diện tích 102m² | A02199148 • Đường R2, An Khánh, Quận 2, | 3 | 2 | 102 m²",18000.0,-0.015946468322069154,1.0399160660448574,0.7505932559721994,-0.6557443854688363,-0.13517524411165588,False,False,False,False,True,False,False,False,False,False,False,False,False,False,False,False
"19.2 tỷ | Căn hộ The Metropole Thủ Thiêm hướng Đông Bắc, diện tích 69m² | A02199144 • Đường R2, An Khánh, Quận 2, | 2 | 2 | 69 m²",19200.0,-0.03383251959260402,2.3435333257353217,-0.205709030060077,-0.6557443854688363,-0.13517524411165588,False,False,False,False,True,False,False,False,False,False,False,False,False,False,True,False
"22 tỷ | Căn hộ The Metropole Thủ Thiêm hướng Tây Nam, diện tích 71.2m² | A02199145 • Đường R2, An Khánh, Quận 2, | 2 | 2 | 71.2 m²",22000.0,-0.03264011617456836,2.737062187964167,-0.1290906947781834,-0.6557443854688363,-0.13517524411165588,False,False,False,False,True,False,False,False,False,False,False,False,False,False,True,False
"17.5 tỷ | Căn hộ The Metropole Thủ Thiêm hướng Tây Nam, diện tích 83m² | A02199146 • Đường R2, An Khánh, Quận 2, | 2 | 2 | 83 m²",17500.0,-0.026244497841468015,1.4801246551302585,0.24571325833219854,-0.6557443854688363,-0.13517524411165588,False,False,False,False,True,False,False,False,False,False,False,False,False,False,True,False
"GIẢM GIÁ | 2.75 tỷ | -21% | Bán căn 2PN+ full nội thất có sổ hồng giá 2,75 tỷ. LH 0768892255 | A09198734 • Nguyễn Xiển, Long Thạnh Mỹ, | 2 | 2 | 69 m²",2750.0,-0.03383251959260402,-0.70970425108577,-0.205709030060077,0.9724400052447274,-0.13517524411165588,False,False,False,False,False,False,False,False,False,False,False,False,False,True,True,False
"15.9 tỷ | Căn hộ The Metropole Thủ Thiêm hướng Đông Nam, diện tích 102m² | A02199138 • Đường R2, An Khánh, Quận 2, | 2 | 2 | 102 m²",15900.0,-0.015946468322069154,0.7762447358813338,0.7505932559721994,-0.6557443854688363,-0.13517524411165588,False,False,False,False,True,False,False,False,False,False,False,False,False,False,False,False
"GIẢM GIÁ | 4.8 tỷ | -4% | Căn hộ 3PN+ 92m2 Vinhomes Grand Park có sổ hồng. LH 0768892255 | A09198725 • Nguyễn Xiển, Long Thạnh Mỹ, | 3 | 2 | 92 m²",4800.0,-0.02136648385859487,-0.5519381756877197,0.4977239234015609,0.9724400052447274,-0.13517524411165588,False,False,False,False,False,False,False,False,False,False,False,False,False,True,True,False
"GIẢM GIÁ | 2 tỷ | -26% | Căn hộ Vinhomes Grand Park 1PN+ có sổ 2 tỷ. LH 0768892255 | A09198735 • Nguyễn Xiển, Long Thạnh Mỹ, | 1 | 1 | 47 m²",2000.0,-0.0457565537729606,-0.675149728939764,-1.139877365467433,0.9724400052447274,-0.13517524411165588,False,False,False,False,False,False,False,False,False,False,False,False,False,True,False,True
"1.95 tỷ | Căn hộ Vinhomes Grand Park 1PN+ có sổ 1,95 tỷ. LH 0768892255 | A09198709 • Nguyễn Xiển, Long Thạnh Mỹ, | 1 | 1 | 47 m²",1950.0,-0.0457565537729606,-0.6887740833859035,-1.139877365467433,0.9724400052447274,-0.13517524411165588,False,False,False,False,False,False,False,False,False,False,False,False,False,True,False,True
"GIẢM GIÁ | 2.2 tỷ | -32% | Căn hộ Vinhomes Grand Park 1PN+ toà S501 view hồ bơi. LH 0768892255 | A09198715 • Nguyễn Xiển, Long Thạnh Mỹ, | 1 | 1 | 47 m²",2200.0,-0.0457565537729606,-0.6206523111552059,-1.139877365467433,0.9724400052447274,-0.13517524411165588,False,False,False,False,False,False,False,False,False,False,False,False,False,True,False,True
"3.5 tỷ | Căn hộ 3PN Vinhomes view hồ bơi có sổ hồng. LH 0768892255 | A09198740 • Nguyễn Xiển, Long Thạnh Mỹ, | 3 | 2 | 82 m²",3500.0,-0.026786499395120587,-0.673488222299991,0.21606059595042093,0.9724400052447274,-0.13517524411165588,False,False,False,False,False,False,False,False,False,False,False,False,False,True,True,False
"GIẢM GIÁ | 4.4 tỷ | -4% | Căn hộ 3PN+ Vinhomes 92m2 đã có sổ hồng giá 4,4 tỷ. LH 0768892255 | A09198698 • Nguyễn Xiển, Long Thạnh Mỹ, | 3 | 2 | 92 m²",4400.0,-0.02136648385859487,-0.6076203199458551,0.4977239234015609,0.9724400052447274,-0.13517524411165588,False,False,False,False,False,False,False,False,False,False,False,False,False,True,True,False
"4.6 tỷ | Căn hộ Vinhomes Grand Park 3PN+ diện tích 92m² bán 4,6 tỷ. LH 0768892255 | A09198704 • Nguyễn Xiển, Long Thạnh Mỹ, | 3 | 2 | 92 m²",4600.0,-0.02136648385859487,-0.5797792478167874,0.4977239234015609,0.9724400052447274,-0.13517524411165588,False,False,False,False,False,False,False,False,False,False,False,False,False,True,True,False
"5 tỷ | Căn 3PN+ hoàn thiện 1 tỷ tiền nội thất 92m2 cần bán. LH 0768892255 | A09198729 • Nguyễn Xiển, Long Thạnh Mỹ, | 3 | 2 | 92 m²",5000.0,-0.02136648385859487,-0.5240971035586519,0.4977239234015609,0.9724400052447274,-0.13517524411165588,False,False,False,False,False,False,False,False,False,False,False,False,False,True,True,False
"4.85 tỷ | Cần bán căn 3PN+ 92m2 full nội thất Hafele 500 triệu. LH 0768892255 | A09198736 • Nguyễn Xiển, Long Thạnh Mỹ, | 3 | 2 | 92 m²",4850.0,-0.02136648385859487,-0.5449779076554527,0.4977239234015609,0.9724400052447274,-0.13517524411165588,False,False,False,False,False,False,False,False,False,False,False,False,False,True,True,False
"5 tỷ | Cần bán căn hộ 3 phòng ngủ diện tích lớn 103m3 Vinhomes. LH 0768892255 | A09198741 • Nguyễn Xiển, Long Thạnh Mỹ, | 3 | 2 | 103 m²",5000.0,-0.015404466768416582,-0.5984300631265511,0.7745158354560264,0.9724400052447274,-0.13517524411165588,False,False,False,False,False,False,False,False,False,False,False,False,False,True,False,False
"5 tỷ | Căn hộ 3PN 103m2 Vinhomes Grand Park đủ nội thất. LH 0768892255 | A09198719 • Nguyễn Xiển, Long Thạnh Mỹ, | 3 | 2 | 103 m²",5000.0,-0.015404466768416582,-0.5984300631265511,0.7745158354560264,0.9724400052447274,-0.13517524411165588,False,False,False,False,False,False,False,False,False,False,False,False,False,True,False,False
"7.8 tỷ | Căn hộ Masteri Thảo Điền, diện tích 70m² | A02199133 • Xa Lộ Hà Nội, Thảo Điền, Quận 2, | 2 | 2 | 70 m²",7800.0,-0.033290518038951444,0.2069299046302973,-0.1705883317692301,-0.6557443854688363,-0.13517524411165588,False,False,False,False,True,False,False,False,False,False,False,False,False,False,True,False
"8.8 tỷ | Căn hộ Tropic Garden, diện tích 112m² | A02199134 • Số 66, Thảo Điền, Quận 2, Hồ Chí Minh | 3 | 2 | 112 m²",8800.0,-0.010526452785543438,-0.21386801412046896,0.980013528768168,-0.6557443854688363,-0.13517524411165588,False,False,False,False,True,False,False,False,False,False,False,False,False,False,False,False
"14.5 tỷ | Căn hộ Vinhomes Central Park, diện tích 96m² | ABT199135 • Nguyễn Hữu Cảnh, Phường 22, | 3 | 2 | 96 m²",14500.0,-0.019198477643984583,0.7142505838488387,0.6019906015642296,0.9724400052447274,-0.13517524411165588,False,False,False,False,False,False,False,False,False,False,False,False,False,True,True,False
"27 tỷ | Căn hộ The River Thủ Thiêm, diện tích 140m² | A02199126 • Lương Định Của, An Khánh, Quận 2, | 3 | 3 | 140 m²",27000.0,0.004649590716728567,1.2497769206648048,1.528123631242022,-0.6557443854688363,-0.13517524411165588,False,False,False,False,True,False,False,False,False,False,False,False,False,False,False,False
"10.1 tỷ | Căn hộ The Metropole Thủ Thiêm, diện tích 50m² | A02199127 • Đường R2, An Khánh, Quận 2, | 1 | 1 | 50 m²",10100.0,-0.04413054911200288,1.3668685154476268,-0.9897727591085721,-0.6557443854688363,-0.13517524411165588,False,False,False,False,True,False,False,False,False,False,False,False,False,False,True,False
"17 tỷ | Căn hộ The Metropole Thủ Thiêm, diện tích 102m² | A02199121 • Đường R2, An Khánh, Quận 2, | 3 | 3 | 102 m²",17000.0,-0.015946468322069154,0.9143582897765128,0.7505932559721994,-0.6557443854688363,-0.13517524411165588,False,False,False,False,True,False,False,False,False,False,False,False,False,False,False,False
"15.6 tỷ | Căn hộ The Metropole Thủ Thiêm, diện tích 86m² | A02199122 • Đường R2, An Khánh, Quận 2, | 2 | 2 | 86 m²",15600.0,-0.0246184931805103,1.1029869490075608,0.33259823326586013,-0.6557443854688363,-0.13517524411165588,False,False,False,False,True,False,False,False,False,False,False,False,False,False,True,False
"13.5 tỷ | Căn hộ The Metropole Thủ Thiêm, diện tích 80m² | A02199123 • Đường R2, An Khánh, Quận 2, | 1 | 1 | 80 m²",13500.0,-0.02787050250242573,0.9410393172335362,0.1556681454901363,-0.6557443854688363,-0.13517524411165588,False,False,False,False,True,False,False,False,False,False,False,False,False,False,True,False
"30 tỷ | Căn hộ The Metropole Thủ Thiêm, diện tích 152m² | A02199124 • Đường R2, An Khánh, Quận 2, | 3 | 3 | 152 m²",30000.0,0.011153609360559426,1.3075523786168552,1.7303557990679295,-0.6557443854688363,-0.13517524411165588,False,False,False,False,True,False,False,False,False,False,False,False,False,False,False,False
"12 tỷ | Căn hộ The Metropole Thủ Thiêm, diện tích 59.22m² | A02199117 • Đường R2, An Khánh, Quận 2, | 1 | 1 | 59.22 m²",12000.0,-0.03913329478732617,1.3749912258126584,-0.5783191917188273,-0.6557443854688363,-0.13517524411165588,False,False,False,False,True,False,False,False,False,False,False,False,False,False,True,False
"15.45 tỷ | Căn hộ The Metropole Thủ Thiêm, diện tích 55m² | A02199118 • Đường R2, An Khánh, Quận 2, | 1 | 1 | 55 m²",15450.0,-0.04142054134374002,2.377448813601641,-0.7582052589513175,-0.6557443854688363,-0.13517524411165588,False,False,False,False,True,False,False,False,False,False,False,False,False,False,True,False
"9.1 tỷ | Căn hộ The River Thủ Thiêm, diện tích 65m² | A02199119 • Lương Định Của, An Khánh, Quận 2, | 1 | 1 | 65 m²",9100.0,-0.03600052580721431,0.5728411383266158,-0.3513962084583887,-0.6557443854688363,-0.13517524411165588,False,False,False,False,True,False,False,False,False,False,False,False,False,False,True,False
"32 tỷ | Căn hộ Duplex Sân vườn 3PN The Metropole Thủ Thiêm, diện tích 120m² | A02199115 • Đường R2, An Khánh, Quận 2, | 3 | 3 | 120 m²",32000.0,-0.0061904403563228655,2.1950476077136276,1.1493764721601252,-0.6557443854688363,-0.13517524411165588,False,False,False,False,True,False,False,False,False,False,False,False,False,False,False,False
"30 tỷ | Căn hộ The Metropole Thủ Thiêm, diện tích 151m² | A02199116 • Đường R2, An Khánh, Quận 2, | 3 | 3 | 151 m²",30000.0,0.010611607806906854,1.3242919566658764,1.7141198870205288,-0.6557443854688363,-0.13517524411165588,False,False,False,False,True,False,False,False,False,False,False,False,False,False,False,False
"45 tỷ | Căn hộ The Metropole Thủ Thiêm, diện tích 151m² | A02199113 • Đường R2, An Khánh, Quận 2, | 3 | 3 | 151 m²",45000.0,0.010611607806906854,2.5964998883914867,1.7141198870205288,-0.6557443854688363,-0.13517524411165588,False,False,False,False,True,False,False,False,False,False,False,False,False,False,False,False
"9.3 tỷ | Căn hộ The River Thủ Thiêm, diện tích 57m² | A02199108 • Lương Định Của, An Khánh, Quận 2, | 1 | 1 | 57 m²",9300.0,-0.04033653823643488,0.8694218224804738,-0.6713202840176581,-0.6557443854688363,-0.13517524411165588,False,False,False,False,True,False,False,False,False,False,False,False,False,False,True,False
"23.5 tỷ | Căn hộ The Metropole Thủ Thiêm, diện tích 71m² | A02199109 • Đường R2, An Khánh, Quận 2, | 2 | 2 | 71 m²",23500.0,-0.032748516485298876,3.0187773568093306,-0.13595884818391588,-0.6557443854688363,-0.13517524411165588,False,False,False,False,True,False,False,False,False,False,False,False,False,False,True,False
"15.7 tỷ | Căn hộ The Metropole Thủ Thiêm, diện tích 86m² | A02199110 • Đường R2, An Khánh, Quận 2, | 2 | 2 | 86 m²",15700.0,-0.0246184931805103,1.1178786852626434,0.33259823326586013,-0.6557443854688363,-0.13517524411165588,False,False,False,False,True,False,False,False,False,False,False,False,False,False,True,False
"12.75 tỷ | Căn hộ The River Thủ Thiêm, diện tích 83.6m² | A02199112 • Lương Định Của, An Khánh, Quận 2, | 2 | 2 | 83.6 m²",12750.0,-0.025919296909276475,0.7330804955709008,0.2633358787413155,-0.6557443854688363,-0.13517524411165588,False,False,False,False,True,False,False,False,False,False,False,False,False,False,True,False
"17 tỷ | Căn hộ The Metropole Thủ Thiêm, diện tích 71m² | A02199111 • Đường R2, An Khánh, Quận 2, | 2 | 2 | 71 m²",17000.0,-0.032748516485298876,1.8463153051767607,-0.13595884818391588,-0.6557443854688363,-0.13517524411165588,False,False,False,False,True,False,False,False,False,False,False,False,False,False,True,False
"17 tỷ | Căn hộ Zenity | A01199106 • Võ Văn Kiệt, Cầu Kho, Quận 1, | 3 | 3 | 116 m²",17000.0,-0.008358446570933152,0.6567483695018062,1.0661428291300787,-3.0980209715391815,6.666686314666153,False,False,False,True,False,False,False,False,False,False,False,False,False,False,False,False
"85 tỷ | Căn hộ The River Thủ Thiêm hướng Tây Bắc, diện tích 286m² | A02199103 • Lương Định Của, An Khánh, Quận 2, | 3 | 4 | 286 m²",85000.0,0.08378181755000402,2.586120569601185,3.2878491633016202,-0.6557443854688363,-0.13517524411165588,False,False,False,False,True,False,False,False,False,False,False,False,False,False,False,False
"135 tỷ | Căn hộ The Metropole Thủ Thiêm hướng Tây Bắc, diện tích 340m² | A02141521 • Đường R2, An Khánh, Quận 2, | 8 | 6 | 340 m²",135000.0,0.11304990144724289,3.8649660320826107,3.714706644913057,-0.6557443854688363,-0.13517524411165588,False,False,False,False,True,False,False,False,False,False,False,False,False,False,False,False
"135 tỷ | Căn hộ The Metropole Thủ Thiêm đầy đủ nội thất diện tích 168m². | A02141520 • Đường R2, An Khánh, Quận 2, | 8 | 6 | 340 m²",135000.0,0.019825634219000573,9.07112954092361,1.976617512770021,-0.6557443854688363,-0.13517524411165588,False,False,False,False,True,False,False,False,False,False,False,False,False,False,False,False
"30.5 tỷ | Căn hộ Empire City hướng Tây Nam, diện tích 127m² | A02199102 • Mai Chí Thọ, Thủ Thiêm, Quận 2, | 3 | 2 | 127 m²",30500.0,-0.0023964294807548646,1.8555472898352847,1.2886241990350162,-0.6557443854688363,-0.13517524411165588,False,False,False,False,True,False,False,False,False,False,False,False,False,False,False,False
"2.75 tỷ | Bán căn 2PN+ 69m2 giá 2,75 tỷ có sổ hồng Vinhomes Grand Park. LH 0768892255 | A0992060 • Nguyễn Xiển, Long Thạnh Mỹ, Quận 9, | 2 | 2 | 69 m²",2750.0,-0.03383251959260402,-0.70970425108577,-0.205709030060077,-0.6557443854688363,-0.13517524411165588,False,False,False,False,False,False,False,False,False,True,False,False,False,False,True,False
"7.5 tỷ | Bán nhanh Vinhomes Central Park 1-4PN, view sông tuyệt đẹp, sang trọng, tiện nghi, giá cực tốt, alo 0768892255 | A09198752 • Nguyễn Hữu Cảnh, Phường 22, | 2 | 2 | 70.2 m²",7500.0,-0.03318211772822093,0.1481339115235383,-0.16362357973620703,0.9724400052447274,-0.13517524411165588,False,False,False,False,False,False,False,False,False,False,False,False,False,True,True,False
"8.6 tỷ | Căn hộ Vinhomes Central Park hướng Đông Nam, diện tích 76.8m² | A09198748 • Nguyễn Hữu Cảnh, Phường 22, | 2 | 2 | 76.8 m²",8600.0,-0.02960490747411396,0.21398131902965348,0.05586752346362808,0.9724400052447274,-0.13517524411165588,False,False,False,False,False,False,False,False,False,False,False,False,False,True,True,False
"9 tỷ | Quản lý 100% giỏ hàng mua bán giá siêu tốt tại Vinhomes Central Park (1-2-3-4 PN, Penthouse, LM81). LH 0768892255 | A0960589 • Nguyễn Hữu Cảnh, Phường 22, | 2 | 2 | 87 m²",9000.0,-0.024076491626857727,0.10472711177029112,0.3608953151510796,0.9724400052447274,-0.13517524411165588,False,False,False,False,False,False,False,False,False,False,False,False,False,True,True,False
"5.5 tỷ | 𝗧𝗜̀𝗠 𝗖𝗛𝗨̉ 𝗠𝗢̛́𝗜 𝗖𝗛𝗢 𝗦𝗜𝗘̂𝗨 𝗣𝗛𝗔̂̉𝗠 𝗡𝗢̣̂𝗜 𝗧𝗛𝗔̂́𝗧 𝗟𝗨𝗫𝗨𝗥𝗬 𝗠𝗔𝗦𝗧𝗘𝗥𝗜 𝗖𝗘𝗡𝗧𝗥𝗘 𝗣𝗢𝗜𝗡𝗧 - 𝗖𝗛𝗜̉ 𝟱𝗧𝟱 𝗗𝗢̣𝗡 𝗩𝗔̀𝗢 𝗢̛̉ 𝗡𝗚𝗔𝗬. LH 0768892255 | A09127232 • Nguyễn Xiển, Long Thạnh Mỹ, | 2 | 2 | 73 m²",5500.0,-0.03166451337799373,-0.2552209960108062,-0.06811987266673303,0.9724400052447274,-0.13517524411165588,False,False,False,False,False,False,False,False,False,False,False,False,False,True,True,False
"5.5 tỷ | Bán 1PN 58m2 có sổ hồng Feliz en Vista nội thất đẹp. LH 0768892255 | A0994569 • Đồng Văn Cống, Thạnh Mỹ Lợi, | 1 | 1 | 58 m²",5500.0,-0.03979453668278231,-0.00567713977601184,-0.6289950189117569,0.9724400052447274,-0.13517524411165588,False,False,False,False,False,False,False,False,False,False,False,False,False,True,True,False
"12.5 tỷ | Căn hộ Diamond Island - Bán căn hộ Đảo Kim Cương 1PN, 2PN, 3PN, 4PN, căn hộ sân vườn, Duplex, Penthouse. LH 0768892255 | A09119685 • Số 104-BTT, Bình Trưng Tây, Quận 2, | 3 | 2 | 117 m²",12500.0,-0.007816445017280581,0.14813391152353847,1.0872150219812275,-0.6557443854688363,-0.13517524411165588,False,False,False,False,True,False,False,False,False,False,False,False,False,False,False,False
"14.7 tỷ | Bán hoặc Cho Thuê Căn Hộ 3PN / Full Nội Thất / Đảo Kim Cương Q2. LH 0768892255 | A09160701 • Số 104-BTT, Bình Trưng Tây, Quận 2, | 3 | 2 | 137 m²",14700.0,0.0030235860557708515,0.15404638326396802,1.4748749614401684,-0.6557443854688363,-0.13517524411165588,False,False,False,False,True,False,False,False,False,False,False,False,False,False,False,False
"25 tỷ | [CHO THUÊ] CĂN 4PN DIAMOND ISLAND – BRILLIANT. LH 0768892255 | A09198846 • Số 104-BTT, Bình Trưng Tây, Quận 2, | 4 | 3 | 220 m²",25000.0,0.04800971500893429,0.23520486359774012,2.6408304827078717,-0.6557443854688363,-0.13517524411165588,False,False,False,False,True,False,False,False,False,False,False,False,False,False,False,False
"42 tỷ | Căn hộ Empire City hướng Tây Nam, diện tích 191m² | A02199098 • Mai Chí Thọ, Thủ Thiêm, Quận 2, | 4 | 3 | 191 m²",42000.0,0.03229166995300972,1.5960515567412945,2.2925427163185343,-0.6557443854688363,-0.13517524411165588,False,False,False,False,True,False,False,False,False,False,False,False,False,False,False,False
"12.8 tỷ | 💥ĐẢO KIM CƯƠNG - QUẬN 2💥 🌇CẦN BÁN 3PN VIEW SIÊU ĐẸP🌇 . LH 0768892255 | A09186500 • Số 104-BTT, Bình Trưng Tây, Quận 2, | 3 | 2 | 118 m²",12800.0,-0.0072744434636280095,0.16909840419728803,1.1081093883005277,-0.6557443854688363,-0.13517524411165588,False,False,False,False,True,False,False,False,False,False,False,False,False,False,False,False
"GIẢM GIÁ | 21.5 tỷ | -28% | 𝟐𝐏𝐍 𝐎𝐩𝐞𝐫𝐚 𝐓𝐡𝐮̉ 𝐓𝐡𝐢𝐞̂𝐦 𝐕𝐢𝐞𝐰 đ𝐞̣𝐩 𝐜𝐡𝐚̂́𝐧 đ𝐨̣̂𝐧𝐠 2 베드룸 오페라 투 티엠 2 BEDROOM OPERA THU THIEM. CALL 0768892255 | A0962608 • Đường R2, An Khánh, Quận 2, Hồ Chí Minh | 2 | 2 | 77 m²",21500.0,-0.029496507163383444,2.355826786155949,0.06222431184656036,-0.6557443854688363,-0.13517524411165588,False,False,False,False,True,False,False,False,False,False,False,False,False,False,True,False
"59 tỷ | Căn 3PN hot nhất tại The Opera Thủ Thiêm - Giá tốt từ chủ nhà thiện chí! LH 0768892255 | A0979824 • Đường R2, An Khánh, Quận 2, Hồ Chí Minh | 3 | 2 | 137 m²",59000.0,0.0030235860557708515,4.295253447834346,1.4748749614401684,-0.6557443854688363,-0.13517524411165588,False,False,False,False,True,False,False,False,False,False,False,False,False,False,False,False
"25.5 tỷ | 𝐁𝐀́𝐍 𝐂𝐀̆𝐍 𝐇𝐎̣̂ 𝐓𝐇𝐄 𝐎𝐏𝐄𝐑𝐀 𝐌𝐄𝐓𝐑𝐎𝐏𝐎𝐋𝐄 | 𝟐𝗣𝗡 - 𝟖𝟎𝗺𝟮 | 𝐆𝐈𝐀́ 𝟐𝟓.𝟓 𝗧𝐘̉ (𝐀𝐋𝐋 𝐈𝐍) . LH 0768892255 | A09198723 • Đường R2, An Khánh, Quận 2, | 2 | 2 | 77 m²",25500.0,-0.029496507163383444,3.0211199383310734,0.06222431184656036,-0.6557443854688363,-0.13517524411165588,False,False,False,False,True,False,False,False,False,False,False,False,False,False,True,False
"10 tỷ | [𝗕𝗮́𝗻 𝗰𝗮̆𝗻 𝗵𝗼̣̂ 𝐆𝐚𝐥𝐥𝐞𝐫𝐢𝐚 - 𝐓𝐡𝐞 𝐌𝐞𝐭𝐫𝐨𝐩𝐨𝐥𝐞] Giá 1️⃣ 0️⃣ TỶ đã bao các thuế phí. LH 0768892255 | A09198520 • Đường R2, An Khánh, Quận 2, | 1 | 1 | 60 m²",10000.0,-0.038710533575477164,0.9143582897765128,-0.5464551185915228,-0.6557443854688363,-0.13517524411165588,False,False,False,False,True,False,False,False,False,False,False,False,False,False,True,False
"19.5 tỷ | 💎 HÀNG HIẾM ĐẦU TƯ 💎 BÁN CĂN 2PN OPERA – 𝙳𝙸Ệ𝙽 𝚃Í𝙲𝙷 𝙻Ớ𝙽, 𝚅𝙸𝙴𝚆 𝚀𝚄Ậ𝙽 𝟷 𝙲Ự𝙲 ĐẸ𝙿 🔥. LH 0768892255 | A09198661 • Đường R2, An Khánh, Quận 2, | 2 | 2 | 71 m²",19500.0,-0.032748516485298876,2.2972622481123643,-0.13595884818391588,-0.6557443854688363,-0.13517524411165588,False,False,False,False,True,False,False,False,False,False,False,False,False,False,True,False
"20.6 tỷ | 𝐓𝐇𝐄 𝐎𝐏𝐄𝐑𝐀: 𝟐𝐏𝐍 𝟐𝐖𝐂 𝐂𝐚̆𝐧 𝐆𝐨́𝐜 giá 20.6 tỷ. LH 0768892255 | A09198573 • Đường R2, An Khánh, Quận 2, | 2 | 2 | 80 m²",20600.0,-0.02787050250242573,2.0776510869027254,0.1556681454901363,-0.6557443854688363,-0.13517524411165588,False,False,False,False,True,False,False,False,False,False,False,False,False,False,True,False
"45 tỷ | 💥[ BÁN ] DIAMOND ISLAND - 4️⃣5️⃣ tỷ căn 4 phòng ngủ 170m2. LH 0768892255 | A0995263 • Số 104-BTT, Bình Trưng Tây, Quận 2, | 4 | 3 | 170 m²",45000.0,0.020909637326305713,2.1699360524599585,2.005746880694581,-0.6557443854688363,-0.13517524411165588,False,False,False,False,True,False,False,False,False,False,False,False,False,False,False,False
"15.5 tỷ | Cần bán căn hộ Vinhomes Central Park – Căn L4.08, view Landmark 81 siêu đẹp, giá chỉ 15,5 tỷ. LH 0768892255 | A0983769 • Nguyễn Hữu Cảnh, Phường 22, | 3 | 2 | 108 m²",15500.0,-0.012694459000153726,0.6179024291429215,0.8907798095807904,0.9724400052447274,-0.13517524411165588,False,False,False,False,False,False,False,False,False,False,False,False,False,True,False,False
"15.9 tỷ | [CHỈ 15.9 TỶ - SỞ HỮU NGAY CĂN HỘ 3PN ĐẲNG CẤP TẠI VINHOMES CENTRAL PARK]. LH 0768892255 | A09198702 • Nguyễn Hữu Cảnh, Phường 22, | 3 | 2 | 108 m²",15900.0,-0.012694459000153726,0.6653353668442963,0.8907798095807904,0.9724400052447274,-0.13517524411165588,False,False,False,False,False,False,False,False,False,False,False,False,False,True,False,False
"10 tỷ | Cần bán căn hộ tầng sân vườn Estella Heights 89m2 giá 10 tỷ. Call Ms Hằng 0768892255 | A09106300 • Xa Lộ Hà Nội, An Phú, Quận 2, | 2 | 2 | 89 m²",10000.0,-0.022992488519552587,0.21885285494175027,0.4165373807073246,-0.6557443854688363,-0.13517524411165588,False,False,False,False,True,False,False,False,False,False,False,False,False,False,True,False
"7.5 tỷ | Căn hộ 1 phòng ngủ Eaton Park 50.7m² | A02199097 • Mai Chí Thọ, An Phú, Quận 2, | 1 | 1 | 50.7 m²",7500.0,-0.043751148024446074,0.6743869185654164,-0.9560199988166744,-0.6557443854688363,-0.13517524411165588,False,False,False,False,True,False,False,False,False,False,False,False,False,False,True,False
"3.25 tỷ | Căn hộ The Beverly | A09199094 • Nguyễn Xiển, Long Bình, Quận 9, | 1 | 1 | 53.8 m²",3250.0,-0.04207094320812311,-0.44647329650734796,-0.8118384256426975,-0.6557443854688363,-0.13517524411165588,False,False,False,False,False,False,False,False,False,True,False,False,False,False,True,False
"3.25 tỷ | Cần bán căn 1PN+1 tại phân khu cao cấp The Beverly ( Vinhomes Grand Park) | A09199093 • Số 27, Long Thạnh Mỹ, Quận 9, | 1 | 1 | 53.8 m²",3250.0,-0.04207094320812311,-0.44647329650734796,-0.8118384256426975,-0.6557443854688363,-0.13517524411165588,False,False,False,False,False,False,False,False,False,True,False,False,False,False,True,False
"15 tỷ | Căn hộ The River Thủ Thiêm tầng cao ban công hướng Đông Nam. | A0270914 • Lương Định Của, An Khánh, Quận 2, | 2 | 2 | 85.37 m²",15000.0,-0.024959954159311418,1.0301208828429462,0.31460357990622406,-0.6557443854688363,-0.13517524411165588,False,False,False,False,True,False,False,False,False,False,False,False,False,False,True,False
"GIẢM GIÁ | 4.9 tỷ | -9% | Căn hộ sân vườn đẳng cấp và duy nhất tại Vinhomes Grand Park. LH 0768892255 | A09123977 • Nguyễn Xiển, Long Thạnh Mỹ, | 3 | 2 | 105.7 m²",4900.0,-0.013941062573554638,-0.6264268719800598,0.8379755296820345,0.9724400052447274,-0.13517524411165588,False,False,False,False,False,False,False,False,False,False,False,False,False,True,False,False
"5.4 tỷ | 🔥𝐂𝐚̂̀𝐧 𝐁𝐚́𝐧 𝐆𝐚̂́𝐩🔥 🏷 𝐌𝐀̃ 𝐂𝐀̆𝐍 : 1PN L4-05 Vinhomes Central Park. LH 0768892255 | A09196455 • Nguyễn Hữu Cảnh, Phường 22, | 1 | 1 | 53.7 m²",5400.0,-0.04212514336348836,0.06772010007879287,-0.816360742361326,0.9724400052447274,-0.13517524411165588,False,False,False,False,False,False,False,False,False,False,False,False,False,True,True,False
"14 tỷ | 👉👉🔥Bán căn góc layout 3PN - 3WC view Hiếm có tại Vinhomes Central Park view Lanmark 81. LH 0768892255 | A0974375 • Nguyễn Hữu Cảnh, Phường 22, | 3 | 2 | 115 m²",14000.0,-0.008900448124585724,0.338976132442447,1.0448897568753261,0.9724400052447274,-0.13517524411165588,False,False,False,False,False,False,False,False,False,False,False,False,False,True,False,False
"13.1 tỷ | Cực phẩm Vinhomes Central Park 116 m2 full NT cao cấp có sổ. Giá 13.1 tỷ - LH 0768892255 | T09159864 • Nguyễn Hữu Cảnh, Phường 22, | 3 | 2 | 116 m²",13100.0,-0.008358446570933152,0.22617178847122435,1.0661428291300787,0.9724400052447274,-0.13517524411165588,False,False,False,False,False,False,False,False,False,False,False,False,False,True,False,False
"10.8 tỷ | BÁN HOẶC CHO THUÊ | ĐẢO KIM CƯƠNG | THÁP Brilliant | 2 PHÒNG NGỦ | FULL NỘI THẤT dã có sổ hồng. LH 0768892255 | A09128085 • Số 104-BTT, Bình Trưng Tây, Quận 2, | 2 | 2 | 112 m²",10800.0,-0.010526452785543438,0.014826506939730123,0.980013528768168,-0.6557443854688363,-0.13517524411165588,False,False,False,False,True,False,False,False,False,False,False,False,False,False,False,False
"GIẢM GIÁ | 2.65 tỷ | -32% | Căn 2PN+ rẻ nhất thị trường sẵn SỔ HỒNG VIEW HỒ BƠI 2,65 tỷ. LH 0768892255 | A09105093 • Nguyễn Xiển, Long Thạnh Mỹ, | 2 | 2 | 69.2 m²",2650.0,-0.0337241192818735,-0.7296865234712763,-0.19864492337062795,0.9724400052447274,-0.13517524411165588,False,False,False,False,False,False,False,False,False,False,False,False,False,True,True,False
"2.6 tỷ | 𝟮𝗣𝗡𝟭𝗪𝗖 full nội thất➖ 𝐓𝐎𝐀̀ 𝐒𝟓𝟎𝟏 view thoáng sẵn sổ hồng. LH 0768892255 | A09106561 • Nguyễn Xiển, Long Thạnh Mỹ, | 2 | 1 | 59 m²",2600.0,-0.03925253512912973,-0.65575234294865,-0.5873811365761936,0.9724400052447274,-0.13517524411165588,False,False,False,False,False,False,False,False,False,False,False,False,False,True,True,False
"14 tỷ | Bán 3PN ‼️Landmark 6 view TP cực thoáng đã có sổ hồng nội thất Luxury. LH 076889225 | A09117439 • Nguyễn Hữu Cảnh, Phường 22, | 3 | 2 | 108.7 m²",14000.0,-0.012315057912596924,0.42933795624313764,0.9066296798984694,0.9724400052447274,-0.13517524411165588,False,False,False,False,False,False,False,False,False,False,False,False,False,True,False,False
"8.8 tỷ | Căn hộ Lumiere Riverside 2 phòng ngủ đủ nội thất giá TỐT 8.8 tỷ. LH 0768892255 | A09140893 • Xa Lộ Hà Nội, An Phú, Quận 2, | 1 | 1 | 71.7 m²",8800.0,-0.03236911539774207,0.35171235511794785,-0.11200320311271778,-0.6557443854688363,-0.13517524411165588,False,False,False,False,True,False,False,False,False,False,False,False,False,False,True,False
"7.05 tỷ | Cần bán nhanh căn LUMIERE RIVERSIDE Thảo Điền Q2 1 phòng ngủ đẹp có sổ hồng. LH 0768892255 | A09125486 • Xa Lộ Hà Nội, An Phú, Quận 2, | 1 | 1 | 48.2 m²",7050.0,-0.04510615190857751,0.6530834980811818,-1.0787392538917044,-0.6557443854688363,-0.13517524411165588,False,False,False,False,True,False,False,False,False,False,False,False,False,False,False,True
"39 tỷ | 🔥 BÁN CẶP LOFT ĐẲNG CẤP – THE CREST RESIDENCE, METROPOLE THỦ THIÊM 🔥 | A09111095 • Đường R2, An Khánh, Quận 2, | 2 | 2 | 175 m²",39000.0,0.023619645094568573,1.6339837160459392,2.0771053560440618,-0.6557443854688363,-0.13517524411165588,False,False,False,False,True,False,False,False,False,False,False,False,False,False,False,False
"9.6 tỷ | Căn hộ Lumiere Riverside 2 phòng ngủ sân vườn giá 9.6 tỷ có nội thất. LH 0768892255 | A09127919 • Xa Lộ Hà Nội, An Phú, Quận 2, | 2 | 2 | 88 m²",9600.0,-0.02353449007320516,0.1769917127824167,0.3888726491550335,-0.6557443854688363,-0.13517524411165588,False,False,False,False,True,False,False,False,False,False,False,False,False,False,True,False
"3.1 tỷ | Bán căn 2 phòng + 69m2 toaf S503 Vinhomes Grand Park hướng Đông Nam, có sổ hồng. LH 0768892255 | A09161020 • Nguyễn Xiển, Long Thạnh Mỹ, | 2 | 2 | 69 m²",3100.0,-0.03383251959260402,-0.6447417494512787,-0.205709030060077,0.9724400052447274,-0.13517524411165588,False,False,False,False,False,False,False,False,False,False,False,False,False,True,True,False
"4.7 tỷ | Căn hộ 2PN LUMIÈRE Boulevard hướng Tây Bắc 4tỷ7 | A09199092 • Nguyễn Xiển, Long Thạnh Mỹ, | 2 | 2 | 75 m²",4700.0,-0.030580510270688588,-0.4175586008780862,-0.0020901538724554937,0.9724400052447274,-0.13517524411165588,False,False,False,False,False,False,False,False,False,False,False,False,False,True,True,False
"3.9 tỷ | ❌ Bán 2PN 68m2 BS9 khu The Tropical nội thất xịn sò view sông. LH 0768892255 | A0965996 • Nguyễn Xiển, Long Thạnh Mỹ, Quận 9, | 2 | 2 | 67.4 m²",3900.0,-0.03437452114625659,-0.48561091561552894,-0.24133507945281604,-0.6557443854688363,-0.13517524411165588,False,False,False,False,False,False,False,False,False,True,False,False,False,False,True,False
"2.1 tỷ | Bán căn 1 phòng ngủ có sổ hồng sẵn nội thất toà S501 giá 2,1 tỷ. LH 0768892255 | A09127842 • Nguyễn Xiển, Long Thạnh Mỹ, | 1 | 1 | 47.1 m²",2100.0,-0.04570235361759534,-0.6491159306350388,-1.1347244651369646,0.9724400052447274,-0.13517524411165588,False,False,False,False,False,False,False,False,False,False,False,False,False,True,False,True
"GIẢM GIÁ | 2.85 tỷ | -5% | Bán gấp Căn hộ Vinhomes Grand Park 3 phòng ngủ GIÁ CỰC TỐT 2.85 tỷ. LH 0768892255 | A09108917 • Nguyễn Xiển, Long Thạnh Mỹ, | 3 | 2 | 82 m²",2850.0,-0.026786499395120587,-0.775006277990128,0.21606059595042093,0.9724400052447274,-0.13517524411165588,False,False,False,False,False,False,False,False,False,False,False,False,False,True,True,False
"4.35 tỷ | Bán căn hộ 2PN1WC Lumiere Boulevard Quận 9 4tỷ350 | A09199090 • Nguyễn Xiển, Long Thạnh Mỹ, | 2 | 1 | 54.33 m²",4350.0,-0.04178368238468724,-0.1947238454883727,-0.7880070805075233,-0.6557443854688363,-0.13517524411165588,False,False,False,False,False,False,False,False,False,True,False,False,False,False,True,False
"3.8 tỷ | Căn hộ 2PN LUMIÈRE Boulevard bán nhanh giá 3tỷ8 | A09199089 • Nguyễn Xiển, Long Thạnh Mỹ, | 2 | 2 | 71.45 m²",3800.0,-0.03250461578615522,-0.5390015263569282,-0.12053220815388992,0.9724400052447274,-0.13517524411165588,False,False,False,False,False,False,False,False,False,False,False,False,False,True,True,False
"100 tỷ | Căn hộ Diamond Island - Đảo Kim Cương, diện tích 530 m² | A02199088 • Số 104-BTT, Bình Trưng Tây, Quận 2, | 4 | 6 | 530 m²",100000.0,0.21603019664123152,1.1962710327186452,4.811262097441246,-0.6557443854688363,-0.13517524411165588,False,False,False,False,True,False,False,False,False,False,False,False,False,False,False,False
"10.9 tỷ | Căn hộ Masteri Thảo Điền, diện tích 93m² | A02199087 • Xa Lộ Hà Nội, Thảo Điền, Quận 2, | 3 | 2 | 93 m²",10900.0,-0.0208244823049423,0.28089905724847775,0.5242051139585038,-0.6557443854688363,-0.13517524411165588,False,False,False,False,True,False,False,False,False,False,False,False,False,False,True,False
"3.25 tỷ | Căn hộ LUMIÈRE Boulevard, diện tích 50m². Liên hệ: 0859001632 | A09199086 • Nguyễn Xiển, Long Thạnh Mỹ, | 1 | 1 | 50 m²",3250.0,-0.04413054911200288,-0.3876758501262202,-0.9897727591085721,0.9724400052447274,-0.13517524411165588,False,False,False,False,False,False,False,False,False,False,False,False,False,True,True,False
"2.75 tỷ | Căn hộ Vinhomes Grand Park hướng Tây Bắc, diện tích 69m² | A09112642 • Nguyễn Xiển, Long Thạnh Mỹ, | 2 | 2 | 69 m²",2750.0,-0.03383251959260402,-0.70970425108577,-0.205709030060077,0.9724400052447274,-0.13517524411165588,False,False,False,False,False,False,False,False,False,False,False,False,False,True,True,False
"2.55 tỷ | Căn hộ Glory Heights hướng Đông Nam, diện tích 48.4m² | A09199084 • Nguyễn Xiển, Long Bình, Quận 9, | 1 | 1 | 48.4 m²",2550.0,-0.04499775159784699,-0.5453805677895508,-1.068694746342686,-0.6557443854688363,-0.13517524411165588,False,False,False,False,False,False,False,False,False,True,False,False,False,False,False,True
"10.25 tỷ | Căn hộ 🔥Cần Bán 𝟐𝐏𝐍 𝐆𝐎́𝐂 Tòa Glow-The Global City🔥diện tích 80.3m. LH 0768892255 | A02199085 • An Phú, Quận 2, Hồ Chí Minh | 2 | 2 | 80.3 m²",10250.0,-0.02770790203632996,0.41462895857647664,0.16482145615555785,-0.6557443854688363,-0.13517524411165588,False,False,False,False,True,False,False,False,False,False,False,False,False,False,True,False
"2.3 tỷ | Căn hộ Lovera Vista, diện tích 52.2m² | ABC199083 • Trịnh Quang Nghị, Phong Phú, | 1 | 1 | 52.2 m²",2300.0,-0.04293814569396722,-0.6558355099931295,-0.8852057998570476,0.9724400052447274,-0.13517524411165588,False,False,False,False,False,False,False,False,False,False,False,False,False,True,True,False
"9 tỷ | Căn hộ Eaton Park hướng Đông Nam, diện tích 75.84m² | A02199082 • Mai Chí Thọ, An Phú, Quận 2, | 2 | 2 | 75.84 m²",9000.0,-0.030125228965620428,0.2996814546906614,0.02512567734454796,-0.6557443854688363,-0.13517524411165588,False,False,False,False,True,False,False,False,False,False,False,False,False,False,True,False
"GIẢM GIÁ | 3.6 tỷ | -10% | Căn hộ Vinhomes Grand Park nội thất cơ bản diện tích 69m². | A09118340 • Nguyễn Xiển, Long Thạnh Mỹ, | 2 | 2 | 69 m²",3600.0,-0.03383251959260402,-0.5519381756877197,-0.205709030060077,0.9724400052447274,-0.13517524411165588,False,False,False,False,False,False,False,False,False,False,False,False,False,True,True,False
"GIẢM GIÁ | 4.65 tỷ | -4% | Căn hộ Masteri Centre Point hướng Đông Nam, diện tích 67.32m² | A09189505 • Nguyễn Xiển, Long Thạnh Mỹ, | 2 | 2 | 67.32 m²",4650.0,-0.03474308220274034,-0.3355123012583715,-0.2658569525743711,0.9724400052447274,-0.13517524411165588,False,False,False,False,False,False,False,False,False,False,False,False,False,True,True,False
"4.44 tỷ | Căn hộ Sky 89, diện tích 70m² 2PN 2WC đầy đủ nội thất | A07199072 • Hoàng Quốc Việt, Phú Thuận, | 2 | 2 | 70 m²",4440.0,-0.033290518038951444,-0.4078009679795177,-0.1705883317692301,0.9724400052447274,-0.13517524411165588,False,False,False,False,False,False,False,False,False,False,False,False,False,True,True,False
"GIẢM GIÁ | 23 tỷ | -8% | Căn hộ Vinhomes Central Park 4 phòng ngủ diện tích 150m² có 2 bồn tắm. LH 0768892255 | A09133190 • Nguyễn Hữu Cảnh, Phường 22, | 4 | 3 | 150 m²",23000.0,0.010069606253254282,0.7435997140515644,1.6977768064611918,0.9724400052447274,-0.13517524411165588,False,False,False,False,False,False,False,False,False,False,False,False,False,True,False,False
"4.3 tỷ | Bán nhanh căn hộ khu Emerald 2PN-2WC giá 4,3 all in full nội thất | ATP199070 • Đường N1, Sơn Kỳ, Tân Phú, Hồ Chí Minh | 2 | 2 | 67 m²",4300.0,-0.034916522699909164,-0.39818897139286813,-0.277481235499105,-0.6557443854688363,-0.13517524411165588,False,False,False,False,False,False,False,False,False,False,False,False,True,False,True,False
"6.35 tỷ | Căn hộ Masteri Thảo Điền, diện tích 59m² | A02199068 • Xa Lộ Hà Nội, Thảo Điền, Quận 2, | 2 | 2 | 59 m²",6350.0,-0.03925253512912973,0.15824510489273622,-0.5873811365761936,-0.6557443854688363,-0.13517524411165588,False,False,False,False,True,False,False,False,False,False,False,False,False,False,True,False
"7.1 tỷ | Căn hộ Masteri Thảo Điền, diện tích 65m² | A02199069 • Xa Lộ Hà Nội, Thảo Điền, Quận 2, | 2 | 2 | 65 m²",7100.0,-0.03600052580721431,0.17878288665365735,-0.3513962084583887,-0.6557443854688363,-0.13517524411165588,False,False,False,False,True,False,False,False,False,False,False,False,False,False,True,False
"28 tỷ | Căn hộ Vinhomes Central Park 4 phòng ngủ diện tích 188m² nội thất Luxury sẵn sổ. LH 0768892255 | A09136498 • Nguyễn Hữu Cảnh, Phường 22, | 4 | 3 | 188 m²",28000.0,0.030665665292052002,0.6872857156741875,2.2535502928992353,0.9724400052447274,-0.13517524411165588,False,False,False,False,False,False,False,False,False,False,False,False,False,True,False,False
"32 tỷ | Căn hộ The Metropole Thủ Thiêm Operea view hồ bơi tầng cao. LH 0768892255 | A0992294 • Đường R2, An Khánh, Quận 2, Hồ Chí Minh | 2 | 2 | 84 m²",32000.0,-0.025702496287815443,3.658692542498901,0.27501499339213553,-0.6557443854688363,-0.13517524411165588,False,False,False,False,True,False,False,False,False,False,False,False,False,False,True,False
"4.8 tỷ | Căn hộ Saigon South Residence 2PN View Sông, hướng Đông CÓ SỔ | ANB85105 • Nguyễn Hữu Thọ, Phước Kiển, Nhà Bè, | 2 | 2 | 71.42 m²",4800.0,-0.03252087583276479,-0.35939739795054354,-0.12155766590933191,-0.6557443854688363,-0.13517524411165588,False,False,True,False,False,False,False,False,False,False,False,False,False,False,True,False
"9 tỷ | Căn hộ Diamond Island - Giỏ hàng chuyển nhượng tại Đảo Kim Cương mới nhất và đa dạng từ 1PN - 4PN, Duplex, Villa, Penthouse. LH 0768892255 | TTD189771 • Số 104-BTT, Bình Trưng Tây, Quận 2, | 2 | 2 | 90 m²",9000.0,-0.022450486965900015,0.0605654111517699,0.4438964183626748,-0.6557443854688363,-0.13517524411165588,False,False,False,False,True,False,False,False,False,False,False,False,False,False,True,False
"13.8 tỷ | Căn hộ Diamond Island - Đảo Kim Cương 3 phòng ngủ view sông đẹp lung linh mát mẻ. LH 0768892255 | A02199059 • Số 104-BTT, Bình Trưng Tây, Quận 2, | 3 | 2 | 117 m²",13800.0,-0.007816445017280581,0.2904327246276622,1.0872150219812275,-0.6557443854688363,-0.13517524411165588,False,False,False,False,True,False,False,False,False,False,False,False,False,False,False,False
"4.8 tỷ | CHỈ CÒN 10 SUẤT TẶNG XE VF3- 10 SUẤT HỌC VINSCHOOL- THE BEVERLY| VINHOMES GRAND PARK. LH 0768892255 | A09198944 • Nguyễn Xiển, Long Bình, Quận 9, | 2 | 2 | 79.8 m²",4800.0,-0.027978902813156247,-0.44978446742467426,0.14954708498048228,-0.6557443854688363,-0.13517524411165588,False,False,False,False,False,False,False,False,False,True,False,False,False,False,True,False
"12 tỷ | Căn hộ Eaton Park, diện tích 103.4m² tại mặt tiền đại lộ Mai Chí Thọ Quận 2 | A02198328 • Mai Chí Thọ, An Phú, Quận 2, | 3 | 2 | 103.4 m²",12000.0,-0.01518766614695555,0.2661693055207843,0.784020521658138,-0.6557443854688363,-0.13517524411165588,False,False,False,False,True,False,False,False,False,False,False,False,False,False,False,False
"4.35 tỷ | Căn hộ Jamila Khang Điền hướng Tây Bắc, diện tích 75 m² | A09199055 • Song Hành Cao Tốc HCM - LT - Dầu Giây, | 2 | 2 | 75 m²",4350.0,-0.030580510270688588,-0.4773241023818182,-0.0020901538724554937,0.9724400052447274,-0.13517524411165588,False,False,False,False,False,False,False,False,False,False,False,False,False,True,True,False
"4.35 tỷ | Căn hộ Masteri Centre Point hướng Tây Bắc, diện tích 74 m² | A09199056 • Nguyễn Xiển, Long Thạnh Mỹ, | 2 | 2 | 74 m²",4350.0,-0.03112251182434116,-0.467286267187176,-0.034884907684953156,0.9724400052447274,-0.13517524411165588,False,False,False,False,False,False,False,False,False,False,False,False,False,True,True,False
"3.25 tỷ | Căn hộ Origami Vinhomes Grand Park 2PN+ 69m2 giá 3.25 tỷ. LH 0768892255 | A09139569 • Nguyễn Xiển, Long Thạnh Mỹ, | 2 | 2 | 69 m²",3250.0,-0.03383251959260402,-0.616900677322211,-0.205709030060077,0.9724400052447274,-0.13517524411165588,False,False,False,False,False,False,False,False,False,False,False,False,False,True,True,False
"GIẢM GIÁ | 3.28 tỷ | -2% | Căn 2PN+ Origami đủ nội thất đã có sổ hồng 3,35 tỷ. LH 0768892255 | A0961200 • Nguyễn Xiển, Long Thạnh Mỹ, Quận 9, | 2 | 2 | 69 m²",3280.0,-0.03383251959260402,-0.6113324628963974,-0.205709030060077,-0.6557443854688363,-0.13517524411165588,False,False,False,False,False,False,False,False,False,True,False,False,False,False,True,False
"4.2 tỷ | Căn hộ Masteri Centre Point hướng Tây Bắc, diện tích 74.15m² | A09189502 • Nguyễn Xiển, Long Thạnh Mỹ, | 2 | 2 | 74.15 m²",4200.0,-0.03104121159129327,-0.49471660599830747,-0.02993791759745037,0.9724400052447274,-0.13517524411165588,False,False,False,False,False,False,False,False,False,False,False,False,False,True,True,False
"10 tỷ | Căn hộ The Metropole Thủ Thiêm, diện tích 50 m² | A02199002 • Đường R2, An Khánh, Quận 2, | 1 | 1 | 50 m²",10000.0,-0.04413054911200288,1.3412547290888845,-0.9897727591085721,-0.6557443854688363,-0.13517524411165588,False,False,False,False,True,False,False,False,False,False,False,False,False,False,True,False
"3.65 tỷ | Căn hộ 1PN+1, 1WC Eco Green Saigon view Pháo hoa Hướng Bắc siêu hiếm | A07199015 • Nguyễn Văn Linh, Tân Thuận Tây, | 1 | 1 | 44 m²",3650.0,-0.04738255843391831,-0.15773390440569282,-1.2996726601856596,0.9724400052447274,-0.13517524411165588,False,False,False,False,False,False,False,False,False,False,False,False,False,True,False,True
"11.11 tỷ | Căn hộ Vinhomes Central Park, diện tích 80 m² | ABT199039 • Nguyễn Hữu Cảnh, Phường 22, | 2 | 2 | 80 m²",11110.0,-0.02787050250242573,0.5584333834998232,0.1556681454901363,0.9724400052447274,-0.13517524411165588,False,False,False,False,False,False,False,False,False,False,False,False,False,True,True,False
"5.5 tỷ | CĂN HỘ 2PN DIAMOND ALNATA VIEW HỒ BƠI ALNATA PLUS | ATP199030 • Đường N1, Sơn Kỳ, Tân Phú, Hồ Chí Minh | 2 | 2 | 92.5 m²",5500.0,-0.021095483081768587,-0.45863296098489814,0.5109999215099406,-0.6557443854688363,-0.13517524411165588,False,False,False,False,False,False,False,False,False,False,False,False,True,False,True,False
"5.4 tỷ | Cần bán căn 3PN dự án Jamila Khang Điền view hướng Đông Nam | A09199040 • Song Hành Cao Tốc HCM - LT - Dầu Giây, | 3 | 2 | 92 m²",5400.0,-0.02136648385859487,-0.4684149593005165,0.4977239234015609,0.9724400052447274,-0.13517524411165588,False,False,False,False,False,False,False,False,False,False,False,False,False,True,True,False
"7.17 tỷ | Căn hộ Masteri An Phú, bán 2 phòng ngủ suất SPA. Liên hệ: 0859001632 | A02199051 • Xa Lộ Hà Nội, Thảo Điền, Quận 2, | 2 | 2 | 65 m²",7170.0,-0.03600052580721431,0.19257492546221092,-0.3513962084583887,-0.6557443854688363,-0.13517524411165588,False,False,False,False,True,False,False,False,False,False,False,False,False,False,True,False
"7.35 tỷ | Căn hộ Masteri Thảo Điền, 2 phòng ngủ. Liên hệ: 0859001632 | A02199049 • Xa Lộ Hà Nội, Thảo Điền, Quận 2, | 2 | 2 | 69 m²",7350.0,-0.03383251959260402,0.144088627538973,-0.205709030060077,-0.6557443854688363,-0.13517524411165588,False,False,False,False,True,False,False,False,False,False,False,False,False,False,True,False
"7 tỷ | [HOT] CĂN 2PN GIÁ TỐT ĐẢO KIM CƯƠNG – FULL NT. GIÁ 7 TỶ. LH 0768892255 | A0989510 • Số 104-BTT, Bình Trưng Tây, Quận 2, | 2 | 2 | 72 m²",7000.0,-0.0322065149316463,0.024990707875739024,-0.10180702790000057,-0.6557443854688363,-0.13517524411165588,False,False,False,False,True,False,False,False,False,False,False,False,False,False,True,False
"9.18 tỷ | Căn hộ 📍 HÀNG SIÊU HIẾM - 3PN OPUS ONE 📍 TOÀ OS1. LH 0768892255 | ABT191959 • Đường D2a, Long Bình, Quận 9, | 3 | 2 | 100 m²",9180.0,-0.0170304714293743,-0.04445111291907353,0.7020433138717228,-0.6557443854688363,-0.13517524411165588,False,False,False,False,False,False,False,False,False,True,False,False,False,False,False,False
"25 tỷ | Căn hộ Diamond Island - giỏ hàng căn hộ Đảo Kim Cương Quận 2, từ 1 - 4PN, Duplex, Penthouse, Pool Villa, Garden Villa. LH 0768892255 | A09140705 • Số 104-BTT, Bình Trưng Tây, Quận 2, | 3 | 2 | 184 m²",25000.0,0.028497659077441718,0.5199431012813872,2.2005863971174895,-0.6557443854688363,-0.13517524411165588,False,False,False,False,True,False,False,False,False,False,False,False,False,False,False,False
"5.8 tỷ | Căn hộ Diamond Island - Bán căn hộ Đảo Kim Cương 1PN, 2PN, 3PN, 4PN, căn hộ sân vườn, Duplex, Penthouse. LH 0768892255 | A09135917 • Số 104-BTT, Bình Trưng Tây, Quận 2, | 1 | 1 | 56 m²",5800.0,-0.04087853979008745,0.10630431536380969,-0.7143816774819216,-0.6557443854688363,-0.13517524411165588,False,False,False,False,True,False,False,False,False,False,False,False,False,False,True,False
"13.6 tỷ | Căn hộ Diamond Island - Bán căn hộ Đảo Kim Cương 1PN, 2PN, 3PN, 4PN, căn hộ sân vườn, Duplex, Penthouse. LH 0768892255 | A09191983 • Số 104-BTT, Bình Trưng Tây, Quận 2, | 3 | 2 | 119 m²",13600.0,-0.0067324419099754375,0.2435210279999292,1.1288289043167907,-0.6557443854688363,-0.13517524411165588,False,False,False,False,True,False,False,False,False,False,False,False,False,False,False,False
"9.2 tỷ | Căn hộ Diamond Island - Đảo Kim Cương cập nhật liên tục các siêu phẩm giá kịch sàn, 1-2-3-4pn-duplex-villa. LH 0768892255 | A09108075 • Số 104-BTT, Bình Trưng Tây, Quận 2, | 2 | 2 | 90 m²",9200.0,-0.022450486965900015,0.08902517377259475,0.4438964183626748,-0.6557443854688363,-0.13517524411165588,False,False,False,False,True,False,False,False,False,False,False,False,False,False,True,False
"23 tỷ | Căn hộ Diamond Island - Giỏ hàng chuyển nhượng tại Đảo Kim Cương mới nhất và đa dạng từ 1PN - 4PN, Duplex, Villa, Penthouse. LH 0768892255 | A09106954 • Số 104-BTT, Bình Trưng Tây, Quận 2, | 3 | 2 | 217 m²",23000.0,0.04638371034797658,0.13728873434615926,2.606989850473775,-0.6557443854688363,-0.13517524411165588,False,False,False,False,True,False,False,False,False,False,False,False,False,False,False,False
"13 tỷ | Căn hộ Diamond Island - Giỏ hàng chuyển nhượng tại Đảo Kim Cương mới nhất và đa dạng từ 1PN - 4PN, Duplex, Villa, Penthouse. LH 0768892255 | A0967614 • Số 104-BTT, Bình Trưng Tây, Quận 2, | 3 | 2 | 119 m²",13000.0,-0.0067324419099754375,0.1789484573476376,1.1288289043167907,-0.6557443854688363,-0.13517524411165588,False,False,False,False,True,False,False,False,False,False,False,False,False,False,False,False
"10 tỷ | Căn hộ Diamond Island - Bán căn hộ Đảo Kim Cương 1PN, 2PN, 3PN, 4PN, căn hộ sân vườn, Duplex, Penthouse. LH 0768892255 | N09112844 • Số 104-BTT, Bình Trưng Tây, Quận 2, | 2 | 2 | 98 m²",10000.0,-0.018114474536679442,0.08670192784436415,0.6525223088251296,-0.6557443854688363,-0.13517524411165588,False,False,False,False,True,False,False,False,False,False,False,False,False,False,True,False
"13 tỷ | Bán nhanh Vinhomes Central Park 1-4PN, view sông tuyệt đẹp, sang trọng, tiện nghi, giá cực tốt. LH 0768892255 | A09107867 • Nguyễn Hữu Cảnh, Phường 22, | 3 | 2 | 94 m²",13000.0,-0.020282480751289727,0.5510421712127924,0.550406075018785,0.9724400052447274,-0.13517524411165588,False,False,False,False,False,False,False,False,False,False,False,False,False,True,True,False
"12.2 tỷ | Bán nhanh Vinhomes Central Park 1-4PN, view sông tuyệt đẹp, sang trọng, tiện nghi, giá tốt. LH 0768892255 | A09141047 • Nguyễn Hữu Cảnh, Phường 22, | 3 | 2 | 95 m²",12200.0,-0.019740479197637155,0.42455079624968683,0.5763326754255502,0.9724400052447274,-0.13517524411165588,False,False,False,False,False,False,False,False,False,False,False,False,False,True,True,False
"11.3 tỷ | Cần bán nhiều căn 1PN 2PN 3PN 4PN đã có sổ hồng tại Vinhomes Central Park. LH 0768892255 | A09107988 • Nguyễn Hữu Cảnh, Phường 22, | 3 | 2 | 111 m²",11300.0,-0.01106845433919601,0.08364089435784403,0.9580047819416646,0.9724400052447274,-0.13517524411165588,False,False,False,False,False,False,False,False,False,False,False,False,False,True,False,False
"13.2 tỷ | Quản lý 100% giỏ hàng mua bán giá tốt tại Vinhomes Central Park (1-2-3-4 PN, Penthouse, LM81). LH 0768892255 | A09117547 • Nguyễn Hữu Cảnh, Phường 22, | 3 | 2 | 116 m²",13200.0,-0.008358446570933152,0.23721221362585462,1.0661428291300787,0.9724400052447274,-0.13517524411165588,False,False,False,False,False,False,False,False,False,False,False,False,False,True,False,False
"9.25 tỷ | BÁN 𝐋𝐔𝐌𝐈𝐄𝐑𝐄 𝐑𝐈𝐕𝐄𝐑𝐒𝐈𝐃𝐄 - CÓ SỔ HỒNG 🏡 𝟐 𝐩𝐡𝐨̀𝐧𝐠 𝐧𝐠𝐮̉ - 𝐂𝐀̆𝐍 𝐆𝐎́𝐂. LH 0768892255 | A02191313 • Xa Lộ Hà Nội, An Phú, Quận 2, | 2 | 2 | 77.1 m²",9250.0,-0.02944230700801819,0.31637105961132345,0.06539659634857488,-0.6557443854688363,-0.13517524411165588,False,False,False,False,True,False,False,False,False,False,False,False,False,False,True,False
"26 tỷ | Căn hộ Vinhomes Central Park căn 4 phòng ngủ, diện tích 155m² | A09113468 • Nguyễn Hữu Cảnh, Phường 22, | 4 | 3 | 155 m²",26000.0,0.01277961402151714,0.9281291426575573,1.7784343527395448,0.9724400052447274,-0.13517524411165588,False,False,False,False,False,False,False,False,False,False,False,False,False,True,False,False
"11.9 tỷ | Cần bán nhiều căn 1PN 2PN 3PN 4PN đã có sổ hồng tại Vinhomes Central Park. LH 0768892255 | A09118069 • Nguyễn Hữu Cảnh, Phường 22, | 3 | 2 | 108.7 m²",11900.0,-0.012315057912596924,0.1819186767888654,0.9066296798984694,0.9724400052447274,-0.13517524411165588,False,False,False,False,False,False,False,False,False,False,False,False,False,True,False,False
"16.6 tỷ | Bán nhanh Vinhomes Central Park 1-4PN, view sông tuyệt đẹp, sang trọng, tiện nghi, giá cực tốt. LH 0768892255 | A09143234 • Nguyễn Hữu Cảnh, Phường 22, | 3 | 2 | 126 m²",16600.0,-0.002938431034407436,0.46713344859212375,1.2692047448575585,0.9724400052447274,-0.13517524411165588,False,False,False,False,False,False,False,False,False,False,False,False,False,True,False,False
"13.9 tỷ | Cần bán gấp nhiều căn 1PN 2PN 3PN 4PN đã có sổ hồng tại Vinhomes Central Park. LH 0768892255 | A09141229 • Nguyễn Hữu Cảnh, Phường 22, | 3 | 2 | 114.4 m²",13900.0,-0.009225649056777264,0.3359583938550304,1.0320497918073155,0.9724400052447274,-0.13517524411165588,False,False,False,False,False,False,False,False,False,False,False,False,False,True,False,False
"13.5 tỷ | Quản lý 100% giỏ hàng mua bán giá tốt tại Vinhomes Central Park (1-2-3-4 PN, Penthouse, LM81). LH 0768892255 | A09121214 • Nguyễn Hữu Cảnh, Phường 22, | 3 | 2 | 116 m²",13500.0,-0.008358446570933152,0.2703334890897456,1.0661428291300787,0.9724400052447274,-0.13517524411165588,False,False,False,False,False,False,False,False,False,False,False,False,False,True,False,False
"13.5 tỷ | Căn hộ Vinhomes Central Park 3 phòng ngủ nội thất lung linh giá 13.5 tỷ sẵn sổ. LH 0768892255 | A09117063 • Nguyễn Hữu Cảnh, Phường 22, | 3 | 2 | 100 m²",13500.0,-0.0170304714293743,0.50880667242976,0.7020433138717228,0.9724400052447274,-0.13517524411165588,False,False,False,False,False,False,False,False,False,False,False,False,False,True,False,False
"15 tỷ | Căn hộ Vinhomes Central Park 3 phòng ngủ đủ nội thất đẹp xịn. LH 0768892255 | A09116907 • Nguyễn Hữu Cảnh, Phường 22, | 3 | 2 | 98.3 m²",15000.0,-0.01795187407058367,0.7341324278084213,0.6600138961294394,0.9724400052447274,-0.13517524411165588,False,False,False,False,False,False,False,False,False,False,False,False,False,True,True,False
"11.2 tỷ | Căn hộ Riviera Point hướng Tây Nam, diện tích 159.7m² | A07199037 • Nguyễn Văn Tưởng, Tân Phú, Quận 7, | 3 | 3 | 159.7 m²",11200.0,0.015327021323684221,-0.3219573218826718,1.851929159781854,-1.6733596296648134,-0.560291591535269,False,False,False,False,False,False,False,True,False,False,False,False,False,False,False,False
"9.8 tỷ | Căn hộ Eaton Park hướng Tây Nam, diện tích 75m² | A02199034 • Mai Chí Thọ, An Phú, Quận 2, | 2 | 2 | 75 m²",9800.0,-0.030580510270688588,0.4533101353191516,-0.0020901538724554937,-0.6557443854688363,-0.13517524411165588,False,False,False,False,True,False,False,False,False,False,False,False,False,False,True,False
"15.7 tỷ | 🔥Căn hộ 3PN Eaton Park cực HOT | A09127688 • Mai Chí Thọ, An Phú, Quận 2, | 3 | 2 | 104 m²",15700.0,-0.014862465214764012,0.713224390485107,0.7982094872234391,-0.6557443854688363,-0.13517524411165588,False,False,False,False,True,False,False,False,False,False,False,False,False,False,False,False
"9.71 tỷ | 𝐁𝐚́𝐧 𝐜𝐚̆𝐧 𝐠𝐨́𝐜 𝟐𝐏𝐍 𝐄𝐚𝐭𝐨𝐧 𝐏𝐚𝐫𝐤 𝐭𝐚̂̀𝐧𝐠 𝐜𝐚𝐨 𝐠𝐢𝐚́ 𝐬𝐢𝐞̂𝐮 𝐭𝐨̂́𝐭 𝐠𝐢𝐚𝐢 đ𝐨𝐚̣𝐧 đ𝐚̂̀𝐮, 𝐭𝐡𝐚𝐧𝐡 𝐭𝐨𝐚́𝐧 đ𝐞̂́𝐧 𝟐𝟎𝟐𝟖. LH 0768892255 | A0971057 • Mai Chí Thọ, An Phú, Quận 2, Hồ Chí Minh | 2 | 2 | 71.67 m²",9710.0,-0.032385375444351654,0.5149804991263873,-0.11302513380691911,-0.6557443854688363,-0.13517524411165588,False,False,False,False,True,False,False,False,False,False,False,False,False,False,True,False
"6.5 tỷ | 𝐁𝐚́𝐧 𝐜𝐚̆𝐧 1𝐏𝐍 𝐠𝐨́𝐜 𝐠𝐢𝐚́ 𝐬𝐢𝐞̂𝐮 𝐭𝐨̂́𝐭 𝐠𝐢𝐚𝐢 đ𝐨𝐚̣𝐧 đ𝐚̂̀𝐮, 𝐭𝐡𝐚𝐧𝐡 𝐭𝐨𝐚́𝐧 đ𝐞̂́𝐧 𝟐𝟎𝟐𝟖 𝐄𝐚𝐭𝐨𝐧 𝐏𝐚𝐫𝐤 𝐆𝐚𝐦𝐮𝐝𝐚 𝐋𝐚𝐧𝐝. LH 0768892255 | A09118694 • Mai Chí Thọ, An Phú, Quận 2, | 1 | 1 | 50.68 m²",6500.0,-0.043761988055519126,0.42243342679619517,-0.9569780052960756,-0.6557443854688363,-0.13517524411165588,False,False,False,False,True,False,False,False,False,False,False,False,False,False,True,False
"7.9 tỷ | Cần Bán Gấp 2 Phòng Ngủ View Sông Trực Diện – Vĩnh Viễn | A02199032 • Xa Lộ Hà Nội, An Phú, Quận 2, | 2 | 2 | 73 m²",7900.0,-0.03166451337799373,0.16582754687262855,-0.06811987266673303,-0.6557443854688363,-0.13517524411165588,False,False,False,False,True,False,False,False,False,False,False,False,False,False,True,False
"11.8 tỷ | DIAMOND ISLAND || CHUYỂN NHƯỢNG CĂN HỘ 3 PHÒNG NGỦ VIEW NỘI KHU MÁT MẺ - GIÁ TỐT MA.3A.07. LH 0768892255 | N09103015 • Số 104-BTT, Bình Trưng Tây, Quận 2, | 3 | 2 | 119 m²",11800.0,-0.0067324419099754375,0.04980331604305469,1.1288289043167907,-0.6557443854688363,-0.13517524411165588,False,False,False,False,True,False,False,False,False,False,False,False,False,False,False,False
"6.7 tỷ | DIAMOND ISLAND || CHUYỂN NHƯỢNG HOẶC CHO THUÊ CĂN HỘ 2 PHÒNG NGỦ VIEW NỘI KHU HỒ BƠI, SÔNG SG - THÁP CANARY. LH 0768892255 | A09112462 • Số 104-BTT, Bình Trưng Tây, Quận 2, | 2 | 2 | 89 m²",6700.0,-0.022992488519552587,-0.256009476428191,0.4165373807073246,-0.6557443854688363,-0.13517524411165588,False,False,False,False,True,False,False,False,False,False,False,False,False,False,True,False
"10.8 tỷ | DIAMOND ISLAND || CHUYỂN NHƯỢNG CĂN HỘ 2 PHÒNG NGỦ TẦNG THẤP 112m2 | A09107019 • Số 104-BTT, Bình Trưng Tây, Quận 2, | 2 | 2 | 112 m²",10800.0,-0.010526452785543438,0.014826506939730123,0.980013528768168,-0.6557443854688363,-0.13517524411165588,False,False,False,False,True,False,False,False,False,False,False,False,False,False,False,False
"4.78 tỷ | DIAMOND ISLAND || CHUYỂN NHƯỢNG CĂN HỘ 1 PHÒNG NGỦ VIEW SÔNG MÁT MẺ | A0992103 • Số 104-BTT, Bình Trưng Tây, Quận 2, | 1 | 1 | 47 m²",4780.0,-0.0457565537729606,0.08236437826559319,-1.139877365467433,-0.6557443854688363,-0.13517524411165588,False,False,False,False,True,False,False,False,False,False,False,False,False,False,False,True
"12 tỷ | Cần bán Căn 3PN 117m2 làm thành 2PN giá 12 tỷ đủ nội thất. LH 0768892255 | N09105102 • Số 104-BTT, Bình Trưng Tây, Quận 2, | 2 | 2 | 117.93 m²",12000.0,-0.007816445017280581,0.09340359879118316,1.0872150219812275,-0.6557443854688363,-0.13517524411165588,False,False,False,False,True,False,False,False,False,False,False,False,False,False,False,False
"5.1 tỷ | Căn hộ Masteri Thảo Điền hướng ban công nam đầy đủ nội thất diện tích 47.75m² | A0211359 • Xa Lộ Hà Nội, Thảo Điền, Quận 2, | 1 | 1 | 47.75 m²",5100.0,-0.04535005260772117,0.14773274692759444,-1.1014895001551834,-0.6557443854688363,-0.13517524411165588,False,False,False,False,True,False,False,False,False,False,False,False,False,False,False,True
"5 tỷ | Căn hộ tầng 12 Masteri Thảo Điền đầy đủ nội thất và tiện ích. | A0283306 • Xa Lộ Hà Nội, Thảo Điền, Quận 2, | 1 | 1 | 45 m²",5000.0,-0.046840556880265734,0.2028642242558938,-1.2452535967363343,-0.6557443854688363,-0.13517524411165588,False,False,False,False,True,False,False,False,False,False,False,False,False,False,False,True
"6 tỷ | Căn hộ Masteri Thảo Điền đầy đủ nội thất diện tích 68m² | A02145785 • Xa Lộ Hà Nội, Thảo Điền, Quận 2, | 2 | 2 | 68 m²",6000.0,-0.03437452114625659,-0.09010392037024359,-0.24133507945281604,-0.6557443854688363,-0.13517524411165588,False,False,False,False,True,False,False,False,False,False,False,False,False,False,True,False
"6 tỷ | Căn hộ Masteri Thảo Điền đầy đủ nội thất diện tích 65.8m² | A02187358 • Xa Lộ Hà Nội, Thảo Điền, Quận 2, | 2 | 2 | 65.8 m²",6000.0,-0.03556692456429225,-0.05232209711624311,-0.32156491127150033,-0.6557443854688363,-0.13517524411165588,False,False,False,False,True,False,False,False,False,False,False,False,False,False,True,False
"GIẢM GIÁ | 13.5 tỷ | -16% | Bán căn hộ Sunwah Pearl 2 phòng ngủ, diện tích 109m2, view sông 13,5 tỷ all in | A09106784 • Nguyễn Hữu Cảnh, Phường 22, | 2 | 2 | 109 m²",13500.0,-0.012152457446501154,0.3660509365312652,0.9133915440423201,0.9724400052447274,-0.13517524411165588,False,False,False,False,False,False,False,False,False,False,False,False,False,True,False,False
"7.2 tỷ | Vinhomes Tân Cảng 2PN 80m2 6.2 tỷ, 2PN 89m2 7,4 tỷ, 3PN 107m2 9.8 tỷ đã có sổ hồng LH 0768892255 Hoàng Hằng | A09139253 • Nguyễn Hữu Cảnh, Phường 22, | 2 | 2 | 82 m²",7200.0,-0.02787050250242573,-0.06750352064194155,0.1556681454901363,0.9724400052447274,-0.13517524411165588,False,False,False,False,False,False,False,False,False,False,False,False,False,True,True,False
"10.8 tỷ | Vinhomes Central Park 1 - 2 - 3 - 4PN Penthouse - giá tốt nhất. LH 0768892255 Hoàng Hằng | A0999412 • Nguyễn Hữu Cảnh, Phường 22, | 3 | 2 | 116 m²",10800.0,-0.008358446570933152,-0.027757990085272542,1.0661428291300787,0.9724400052447274,-0.13517524411165588,False,False,False,False,False,False,False,False,False,False,False,False,False,True,False,False
"10.8 tỷ | 💥💥𝐆𝐢𝐨̉ 𝐇𝐚̀𝐧𝐠 𝐂𝐮𝐨̂́𝐢 𝐍𝐚̆𝐦 𝐆𝐢𝐚́ 𝐂𝐨̀𝐧 𝐓𝐨̂́𝐭 💥💥 Vinhomes Central Park. LH 0768892255 Hoàng Hằng | A09106770 • Nguyễn Hữu Cảnh, Phường 22, | 3 | 2 | 106 m²",10800.0,-0.013778462107458868,0.08472936054680985,0.8449272451943419,0.9724400052447274,-0.13517524411165588,False,False,False,False,False,False,False,False,False,False,False,False,False,True,False,False
"GIẢM GIÁ | 11.3 tỷ | -4% | Chuyên bán căn hộ Vinhomes Central Park & Landmark 81 giá tốt nhất (1-2-3-4 PN). LH 0768892255 | A0987221 • Nguyễn Hữu Cảnh, Phường 22, | 3 | 2 | 108 m²",11300.0,-0.012694459000153726,0.11985658327848822,0.8907798095807904,0.9724400052447274,-0.13517524411165588,False,False,False,False,False,False,False,False,False,False,False,False,False,True,False,False
"GIẢM GIÁ | 12 tỷ | -2% | Vinhomes Central Park 1 - 2 - 3 - 4PN Penthouse - giá tốt nhất. LH 0768892255 hoàng Hằng | A0961186 • Nguyễn Hữu Cảnh, Phường 22, | 3 | 2 | 106 m²",12000.0,-0.013778462107458868,0.22971305691704919,0.8449272451943419,0.9724400052447274,-0.13517524411165588,False,False,False,False,False,False,False,False,False,False,False,False,False,True,False,False
"13.1 tỷ | Call 0768892255 để xem căn hộ 3-4 PN Vinhomes Central Park đang bán giá tốt cập nhật 11/2024 | A0986191 • Nguyễn Hữu Cảnh, Phường 22, | 3 | 2 | 123 m²",13100.0,-0.004564435695365151,0.14386227735906185,1.210015447011027,0.9724400052447274,-0.13517524411165588,False,False,False,False,False,False,False,False,False,False,False,False,False,True,False,False
"6.5 tỷ | ĐẢO KIM CƯƠNG | BÁN CĂN HỘ 2 PHÒNG NGỦ TOÀ CANARY - OFFICETEL GIÁ TỐT. LH 0768892255 | A09118525 • Số 104-BTT, Bình Trưng Tây, Quận 2, | 2 | 2 | 87 m²",6500.0,-0.024076491626857727,-0.2632870600507189,0.3608953151510796,-0.6557443854688363,-0.13517524411165588,False,False,False,False,True,False,False,False,False,False,False,False,False,False,True,False
"11.8 tỷ | ĐẢO KIM CƯƠNG – Chuyển nhượng căn hộ 3 phòng ngủ – Full nội thất. LH 0768892255 | A09121200 • Số 104-BTT, Bình Trưng Tây, Quận 2, | 3 | 2 | 117 m²",11800.0,-0.007816445017280581,0.07151147369824093,1.0872150219812275,-0.6557443854688363,-0.13517524411165588,False,False,False,False,True,False,False,False,False,False,False,False,False,False,False,False
"28.5 tỷ | 🔥 SIÊU PHẨM GÓC BO 3PN - VIEW SÔNG & BITEXCO, CHỈ 28.5 TỶ! 🔥 | A09113466 • Tôn Đức Thắng, Bến Nghé, Quận 1, | 3 | 2 | 121 m²",28500.0,-0.005648438802670294,1.796375726372322,1.1697549223014616,-3.0980209715391815,6.666686314666153,False,False,False,True,False,False,False,False,False,False,False,False,False,False,False,False
"27 tỷ | Bán gấp 4PN‼️ view trực diện L81, Sông, Công Viên. LH 0768892255 | A09113746 • Nguyễn Hữu Cảnh, Phường 22, | 4 | 3 | 155 m²",27000.0,0.01277961402151714,1.0107542599438226,1.7784343527395448,0.9724400052447274,-0.13517524411165588,False,False,False,False,False,False,False,False,False,False,False,False,False,True,False,False
"14 tỷ | Bán Căn Duplex Vista Verde 3PN, 154m², Full Nội Thất, Giá 14 Tỷ, Đang Cho Thuê | A09162251 • Đồng Văn Cống, Thạnh Mỹ Lợi, | 3 | 2 | 154 m²",14000.0,0.012237612467864568,-0.05586089047887691,1.7625116759022674,0.9724400052447274,-0.13517524411165588,False,False,False,False,False,False,False,False,False,False,False,False,False,True,False,False
"15.9 tỷ | 💎 Ra mắt BDS Hàng Hiệu căn 3PN hơn 136m2 căn góc rộng nhất toàn khu view nhìn trọn sông và bán đảo Thủ Thiêm xinh đẹp. LH 0768892255 | N09114627 • Nguyễn Hữu Cảnh, Phường 22, | 3 | 2 | 136 m²",15900.0,0.00248158450211828,0.2771525752146642,1.4568678441415273,0.9724400052447274,-0.13517524411165588,False,False,False,False,False,False,False,False,False,False,False,False,False,True,False,False
"GIẢM GIÁ | 2.95 tỷ | -2% | Căn hộ Vinhomes Grand Park hướng Tây Nam, diện tích 69m² | A0958832 • Nguyễn Xiển, Long Thạnh Mỹ, Quận 9, | 2 | 2 | 69 m²",2950.0,-0.03383251959260402,-0.6725828215803464,-0.205709030060077,-0.6557443854688363,-0.13517524411165588,False,False,False,False,False,False,False,False,False,True,False,False,False,False,True,False
"23 tỷ | VINHOMES GOLDEN RIVER - chuyển nhượng 3 phòng ngủ | A09107609 • Tôn Đức Thắng, Bến Nghé, Quận 1, | 3 | 2 | 104.9 m²",23000.0,-0.014374663816476695,1.5878698313036574,0.8193416301409367,-3.0980209715391815,6.666686314666153,False,False,False,True,False,False,False,False,False,False,False,False,False,False,False,False
"13.5 tỷ | 𝐆𝐇 𝐒𝐔𝐍𝐖𝐀𝐇 𝐏𝐄𝐀𝐑𝐋 chuyển nhượng | N09103696 • Nguyễn Hữu Cảnh, Phường 22, | 1 | 1 | 28 m²",13500.0,-0.056054583292359454,4.95462816184003,-2.3875303249106414,0.9724400052447274,-0.13517524411165588,False,False,False,False,False,False,False,False,False,False,False,False,False,True,False,True
"6.75 tỷ | SANG NHƯỢNG CĂN HỘ 2 PHÒNG NGỦ VIEW NỘI KHU, CĂN GÓC LAYOUT ĐẸP. LH 0768892255 | A09198712 • Số 104-BTT, Bình Trưng Tây, Quận 2, | 2 | 2 | 87 m²",6750.0,-0.024076491626857727,-0.22648564286861778,0.3608953151510796,-0.6557443854688363,-0.13517524411165588,False,False,False,False,True,False,False,False,False,False,False,False,False,False,True,False
"54 tỷ | 𝗧𝗛𝗘 𝗢𝗣𝗘𝗥𝗔 - 𝗠𝗘𝗧𝗥𝗢𝗣𝗢𝗟𝗘: 𝗕𝗔́𝗡 𝗖𝗔̆𝗡 𝗛𝗢̣̂ 𝟯 𝗣𝗛𝗢̀𝗡𝗚 𝗡𝗚𝗨̉ 𝗩𝗜𝗘𝗪 𝗧𝗥𝗨̛̣𝗖 𝗗𝗜𝗘̣̂𝗡 𝗦𝗢̂𝗡𝗚. LH 0768892255 | A09162249 • Đường R2, An Khánh, Quận 2, | 3 | 2 | 138 m²",54000.0,0.003565587609423423,3.791269076446843,1.4927520623176824,-0.6557443854688363,-0.13517524411165588,False,False,False,False,True,False,False,False,False,False,False,False,False,False,False,False
"GIẢM GIÁ | 2.48 tỷ | -42% | GIẢM NHANH❗️2PN2WC 𝟔𝟕𝐦𝟐 𝐯𝐢𝐞𝐰 𝐬𝐨̂𝐧𝐠 𝐓𝐚̆́𝐜 mát cả ngày 2,48 tỷ. LH 0768892255 | A09198699 • Nguyễn Xiển, Long Thạnh Mỹ, | 2 | 2 | 67 m²",2480.0,-0.034916522699909164,-0.7460777114892188,-0.277481235499105,0.9724400052447274,-0.13517524411165588,False,False,False,False,False,False,False,False,False,False,False,False,False,True,True,False
"GIẢM GIÁ | 2.75 tỷ | -21% | 𝟐𝐏𝐍 𝟓𝟗𝐦𝟐 Full nội thất gỗ 𝐀𝐧 𝐂𝐮̛𝐨̛̀𝐧𝐠- 𝐎𝐑𝐈𝐆𝐀𝐌𝐈 có sổ hồng LH 0768892255 | A09198707 • Nguyễn Xiển, Long Thạnh Mỹ, | 2 | 2 | 59 m²",2750.0,-0.03925253512912973,-0.6231924450349946,-0.5873811365761936,0.9724400052447274,-0.13517524411165588,False,False,False,False,False,False,False,False,False,False,False,False,False,True,True,False
"2.29 tỷ | Căn hộ cao cấp Vinhomes Grand Park tầng 19, bàn giao nội thất cơ bản. | A0988093 • Nguyễn Xiển, Long Thạnh Mỹ, Quận 9, | 2 | 1 | 59.2 m²",2290.0,-0.03914413481839922,-0.7247221267049406,-0.5791416357440328,-0.6557443854688363,-0.13517524411165588,False,False,False,False,False,False,False,False,False,True,False,False,False,False,True,False
"2.88 tỷ | Căn hộ Vinhomes Grand Park hướng ban công đông bắc nội thất cơ bản diện tích 65.5m² | A0986287 • Nguyễn Xiển, Long Thạnh Mỹ, Quận 9, | 2 | 2 | 65.5 m²",2880.0,-0.03572952503038802,-0.6570116570664302,-0.33270957096580717,-0.6557443854688363,-0.13517524411165588,False,False,False,False,False,False,False,False,False,True,False,False,False,False,True,False
"6.87 tỷ | CHUYỂN NHƯỢNG CĂN HỘ 1PN THẢO ĐIỀN GREEN | A09121278 • Thảo Điền, Quận 2, Hồ Chí Minh | 1 | 1 | 55 m²",6870.0,-0.04142054134374002,0.37957347761974203,-0.7582052589513175,-0.6557443854688363,-0.13517524411165588,False,False,False,False,True,False,False,False,False,False,False,False,False,False,True,False
"9.5 tỷ | CHUYỂN NHƯỢNG CĂN HỘ CANARY - 9.5 TỶ - 3PN - KHÔNG GIAN SỐNG XANH | A09109117 • Số 104-BTT, Bình Trưng Tây, Quận 2, | 3 | 2 | 123 m²",9500.0,-0.004564435695365151,-0.23097362057375212,1.210015447011027,-0.6557443854688363,-0.13517524411165588,False,False,False,False,True,False,False,False,False,False,False,False,False,False,False,False
"24.12 tỷ | 𝐂𝐚̣̂𝐩 𝐧𝐡𝐚̣̂𝐭 𝐜𝐡𝐢́𝐧𝐡 𝐬𝐚́𝐜𝐡 𝐦𝐨̛́𝐢 𝐧𝐡𝐚̂́𝐭 𝑫𝑬𝑭𝑰𝑵𝑬 𝐦𝐮𝐚 𝐭𝐫𝐮̛̣𝐜 𝐭𝐢𝐞̂́𝐩 𝐂Đ𝐓 𝐂𝐚𝐩𝐢𝐭𝐚𝐥𝐚𝐧𝐝 | A09117405 • Phan Văn Đáng, Thạnh Mỹ Lợi, | 3 | 4 | 220 m²",24120.0,0.04800971500893429,0.18397729088025552,2.6408304827078717,0.9724400052447274,-0.13517524411165588,False,False,False,False,False,False,False,False,False,False,False,False,False,True,False,False
"27.5 tỷ | 💥 HOT DEAL DEFINE FOR SALE💥 | A09162247 • Phan Văn Đáng, Thạnh Mỹ Lợi, | 3 | 4 | 325 m²",27500.0,0.10491987814245432,-0.13646371468470928,3.603324999761454,0.9724400052447274,-0.13517524411165588,False,False,False,False,False,False,False,False,False,False,False,False,False,True,False,False
"35.2 tỷ | 🏙️ Đơn giá chỉ 108triệu/m2 gồm VAT. Duy nhất 1 căn 3PN đặc biệt có hồ bơi riêng mua trực tiếp CĐT Capitaland. | ATA198320 • Phan Văn Đáng, Thạnh Mỹ Lợi, | 3 | 5 | 324 m²",35200.0,0.10437787658880174,0.17124226578831064,3.595718334131492,0.9724400052447274,-0.13517524411165588,False,False,False,False,False,False,False,False,False,False,False,False,False,True,False,False
"10 tỷ | ✨𝐂𝐇𝐔𝐘𝐄̂̉𝐍 𝐍𝐇𝐔̛𝐎̛̣𝐍𝐆 𝟑𝐏𝐍 𝐅𝐄𝐋𝐈𝐙 𝐄𝐍 𝐕𝐈𝐒𝐓𝐀 - Suất người nước ngoài - 106m2 - 3PN - 2WCs 𝟏𝟎 𝐭𝐲̉ 𝐚𝐥𝐥 𝐢𝐧 | A09105111 • Đồng Văn Cống, Thạnh Mỹ Lợi, | 3 | 2 | 106 m²",10000.0,-0.013778462107458868,-0.01192643703334976,0.8449272451943419,0.9724400052447274,-0.13517524411165588,False,False,False,False,False,False,False,False,False,False,False,False,False,True,False,False
"9.39 tỷ | 🏡 BÁN CĂN HỘ 2PN DUPLEX FELIZ EN VISTA - GIÁ TỐT ! | A09104676 • Đồng Văn Cống, Thạnh Mỹ Lợi, | 2 | 2 | 103 m²",9390.0,-0.015404466768416582,-0.05258286839413047,0.7745158354560264,0.9724400052447274,-0.13517524411165588,False,False,False,False,False,False,False,False,False,False,False,False,False,True,False,False
"9.5 tỷ | FELIZ EN VISTA - 3 PHÒNG NGỦ 110m² 9,5 tỷ bao thuế phí. LH 0768892255 | A0964100 • Đồng Văn Cống, Thạnh Mỹ Lợi, | 3 | 2 | 110 m²",9500.0,-0.011610455892848582,-0.11407404129420032,0.9357986446167831,0.9724400052447274,-0.13517524411165588,False,False,False,False,False,False,False,False,False,False,False,False,False,True,False,False
"17.3 tỷ | Opera tháp B - 2PN - 75m2 - view sông - giá bán 17.3 tỷ all in | A09131903 • Đường R2, An Khánh, Quận 2, | 2 | 2 | 75 m²",17300.0,-0.030580510270688588,1.7339994532562661,-0.0020901538724554937,-0.6557443854688363,-0.13517524411165588,False,False,False,False,True,False,False,False,False,False,False,False,False,False,True,False
"31 tỷ | 𝐕𝐈𝐍𝐇𝐎𝐌𝐄𝐒 𝐁𝐀𝐒𝐎𝐍 chuyển nhượng 3PN view trực diện CBD Icons, LM81, sông SG, Thủ Thiêm... | A09135889 • Tôn Đức Thắng, Bến Nghé, Quận 1, | 3 | 2 | 123 m²",31000.0,-0.004564435695365151,2.0076296587472204,1.210015447011027,-3.0980209715391815,6.666686314666153,False,False,False,True,False,False,False,False,False,False,False,False,False,False,False,False
"17.8 tỷ | 𝐕𝐈𝐍𝐇𝐎𝐌𝐄𝐒 𝐁𝐀𝐒𝐎𝐍 chuyển nhượng 2PN view trực diện CBD Icons, sông SG, Thủ Thiêm | A0988635 • Tôn Đức Thắng, Bến Nghé, Quận 1, | 2 | 2 | 79 m²",17800.0,-0.028412504056078303,1.6654798728704323,0.12491038703327242,-3.0980209715391815,6.666686314666153,False,False,False,True,False,False,False,False,False,False,False,False,False,False,True,False
"13 tỷ | 🏡BÁN CĂN HỘ 2PN SUNWAH PEARL- VIEW CBD, SÔNG SG, THỦ THIÊM - SUẤT SPA🏡 | A0961483 • Nguyễn Hữu Cảnh, Phường 22, | 2 | 2 | 98 m²",13000.0,-0.018114474536679442,0.47874967823327663,0.6525223088251296,0.9724400052447274,-0.13517524411165588,False,False,False,False,False,False,False,False,False,False,False,False,False,True,True,False
"31 tỷ | 𝐒𝐄𝐀 | 𝐆𝐑𝐀𝐍𝐃 𝐌𝐀𝐑𝐈𝐍𝐀 chuyển nhượng | A09123486 • Tôn Đức Thắng, Bến Nghé, Quận 1, | 2 | 2 | 78.22 m²",31000.0,-0.028835265267927308,3.8554793732006636,0.10065124537468631,-3.0980209715391815,6.666686314666153,False,False,False,True,False,False,False,False,False,False,False,False,False,False,True,False
"2.8 tỷ | Căn hộ Vinhomes Grand Park cửa hướng Nam, sàn lót gỗ. | A0961709 • Nguyễn Xiển, Long Thạnh Mỹ, Quận 9, | 2 | 2 | 61.4 m²",2800.0,-0.03795173140036356,-0.636096204794478,-0.49027191704468015,-0.6557443854688363,-0.13517524411165588,False,False,False,False,False,False,False,False,False,True,False,False,False,False,True,False
"65 tỷ | Căn hộ The Metropole Thủ Thiêm | A02199025 • Đường R2, An Khánh, Quận 2, | 3 | 2 | 137 m²",65000.0,0.0030235860557708515,4.856139280507535,1.4748749614401684,-0.6557443854688363,-0.13517524411165588,False,False,False,False,True,False,False,False,False,False,False,False,False,False,False,False
"4.4 tỷ | Căn hộ Masteri Centre Point hướng Đông Bắc, diện tích 75 m² | A09199026 • Nguyễn Xiển, Long Thạnh Mỹ, | 2 | 2 | 75 m²",4400.0,-0.030580510270688588,-0.4687861735955708,-0.0020901538724554937,0.9724400052447274,-0.13517524411165588,False,False,False,False,False,False,False,False,False,False,False,False,False,True,True,False
"3.9 tỷ | Căn hộ Vinhomes Grand Park, diện tích 82 m² | A09199027 • Nguyễn Xiển, Long Thạnh Mỹ, | 3 | 2 | 82 m²",3900.0,-0.026786499395120587,-0.6110155726445219,0.21606059595042093,0.9724400052447274,-0.13517524411165588,False,False,False,False,False,False,False,False,False,False,False,False,False,True,True,False
"3 tỷ | 𝐁𝐄𝐕𝐄𝐑𝐋𝐘 𝐒𝐎𝐋𝐀𝐑𝐈 giá tốt ❗️ 𝟐𝐏𝐍𝟐𝐖𝐂 𝟓𝟗𝐦𝟐 💸 Giá bán: 𝟑 𝐓𝐲̉ (btp) | A09197852 • Nguyễn Xiển, Long Bình, Quận 9, | 2 | 2 | 59.2 m²",3000.0,-0.03914413481839922,-0.5711259416145097,-0.5791416357440328,-0.6557443854688363,-0.13517524411165588,False,False,False,False,False,False,False,False,False,True,False,False,False,False,True,False
"GIẢM GIÁ | 2.78 tỷ | -37% | 2PN 59m2 full nội thất gốc An Cường ORIGAMI 2,78 tỷ. LH 0768892255 | A09132583 • Nguyễn Xiển, Long Thạnh Mỹ, | 2 | 2 | 59 m²",2780.0,-0.03925253512912973,-0.6166804654522635,-0.5873811365761936,0.9724400052447274,-0.13517524411165588,False,False,False,False,False,False,False,False,False,False,False,False,False,True,True,False
"GIẢM GIÁ | 3.2 tỷ | -36% | ORIGAMI 2PN+ 69m2 full nội thất gỗ view hồ bơi giá 3,2 tỷ/ LH 0768892255 | A09134627 • Nguyễn Xiển, Long Thạnh Mỹ, | 2 | 2 | 69.2 m²",3200.0,-0.03383251959260402,-0.6261810346985669,-0.205709030060077,0.9724400052447274,-0.13517524411165588,False,False,False,False,False,False,False,False,False,False,False,False,False,True,True,False
"2.7 tỷ | Chính chủ gửi bán căn 2PN đủ nội thất giá tốt nhất Origami. LH 0768892255 | A09113840 • Nguyễn Xiển, Long Thạnh Mỹ, | 2 | 2 | 59.2 m²",2700.0,-0.03914413481839922,-0.6360257381315931,-0.5791416357440328,0.9724400052447274,-0.13517524411165588,False,False,False,False,False,False,False,False,False,False,False,False,False,True,True,False
"GIẢM GIÁ | 2.35 tỷ | -16% | Giảm mạnh 2PN1WC view sông S3.05 Sẵn Sổ Giá 2,35 tỷ gồm thuế phí. LH 0768892255 | A09139131 • Nguyễn Xiển, Long Thạnh Mỹ, | 2 | 1 | 59 m²",2350.0,-0.03925253512912973,-0.7100188394714092,-0.5873811365761936,0.9724400052447274,-0.13517524411165588,False,False,False,False,False,False,False,False,False,False,False,False,False,True,True,False
"2.68 tỷ | Chính chủ gửi cho thuê căn hộ 2 phòng 70m2 đủ nội thất Vinhomes Grand Park giá 8 triệu | A09124014 • Nguyễn Xiển, Long Thạnh Mỹ, | 2 | 2 | 69.3 m²",2680.0,-0.033290518038951444,-0.7298028536322779,-0.1705883317692301,0.9724400052447274,-0.13517524411165588,False,False,False,False,False,False,False,False,False,False,False,False,False,True,True,False
"GIẢM GIÁ | 3.3 tỷ | -18% | Bán gấp căn hộ 1PN+ 54m2 bao trọn gói nội thất hơn 100triệu | A09189064 • Nguyễn Xiển, Long Thạnh Mỹ, | 1 | 1 | 53.91 m²",3300.0,-0.04196254289739259,-0.4374804347126635,-0.8028184968506642,0.9724400052447274,-0.13517524411165588,False,False,False,False,False,False,False,False,False,False,False,False,False,True,True,False
"2.3 tỷ | Căn hộ Vinhomes Grand Park hướng Đông Nam, diện tích 59m² | A0970895 • Nguyễn Xiển, Long Thạnh Mỹ, Quận 9, | 2 | 1 | 59 m²",2300.0,-0.03925253512912973,-0.720872138775961,-0.5873811365761936,-0.6557443854688363,-0.13517524411165588,False,False,False,False,False,False,False,False,False,True,False,False,False,False,True,False
"2.35 tỷ | Căn hộ Vinhomes Grand Park hướng Đông Nam, diện tích 59m² | A09163205 • Nguyễn Xiển, Long Thạnh Mỹ, | 2 | 1 | 59 m²",2350.0,-0.03925253512912973,-0.7100188394714092,-0.5873811365761936,0.9724400052447274,-0.13517524411165588,False,False,False,False,False,False,False,False,False,False,False,False,False,True,True,False
"2.48 tỷ | Căn hộ Vinhomes Grand Park tầng 22 view thành phố thoáng mát | A0978090 • Nguyễn Xiển, Long Thạnh Mỹ, Quận 9, | 2 | 1 | 59 m²",2480.0,-0.03925253512912973,-0.6818002612795745,-0.5873811365761936,-0.6557443854688363,-0.13517524411165588,False,False,False,False,False,False,False,False,False,True,False,False,False,False,True,False
"2.45 tỷ | Căn hộ Vinhomes Grand Park, diện tích 59m² | A0964002 • Nguyễn Xiển, Long Thạnh Mỹ, Quận 9, | 2 | 1 | 59 m²",2450.0,-0.03925253512912973,-0.6883122408623056,-0.5873811365761936,-0.6557443854688363,-0.13517524411165588,False,False,False,False,False,False,False,False,False,True,False,False,False,False,True,False
"2.5 tỷ | Căn hộ Vinhomes Grand Park hướng ban công tây bắc đầy đủ nội thất diện tích 59m² | A09161201 • Nguyễn Xiển, Long Thạnh Mỹ, | 2 | 1 | 59 m²",2500.0,-0.03925253512912973,-0.6774589415577538,-0.5873811365761936,0.9724400052447274,-0.13517524411165588,False,False,False,False,False,False,False,False,False,False,False,False,False,True,True,False
"GIẢM GIÁ | 2.9 tỷ | -6% | Căn hộ 2PN Origami Vinhomes Grand Park đủ nội thất có sổ giá 2,78 tỷ | A09119767 • Nguyễn Xiển, Long Thạnh Mỹ, | 2 | 2 | 59 m²",2900.0,-0.03925253512912973,-0.5906325471213392,-0.5873811365761936,0.9724400052447274,-0.13517524411165588,False,False,False,False,False,False,False,False,False,False,False,False,False,True,True,False
"GIẢM GIÁ | 3.2 tỷ | -14% | Chính chủ gửi cho thuê căn 2 phòng ngủ Origami view Vườn Nhật hồ bơi, đủ nội thất đẹp LH 0768892255 | A09133978 • Nguyễn Xiển, Long Thạnh Mỹ, | 2 | 2 | 59.2 m²",3200.0,-0.03914413481839922,-0.5278594106031206,-0.5791416357440328,0.9724400052447274,-0.13517524411165588,False,False,False,False,False,False,False,False,False,False,False,False,False,True,True,False
"4.5 tỷ | Giỏ hàng căn hộ Vinhomes Grand Park ( Phân khu mới bên Vincom) | A09198575 • Nguyễn Xiển, Long Bình, Quận 9, | 3 | 2 | 82.3 m²",4500.0,-0.026623898929024815,-0.5198685081563026,0.2249937423159356,-0.6557443854688363,-0.13517524411165588,False,False,False,False,False,False,False,False,False,True,False,False,False,False,True,False
"4.5 tỷ | 🔥🔥 Giỏ hàng căn hộ Vinhomes Grand Park ( Phân khu mới bên Vincom) | A09198574 • Nguyễn Xiển, Long Bình, Quận 9, | 3 | 2 | 82.3 m²",4500.0,-0.026623898929024815,-0.5198685081563026,0.2249937423159356,-0.6557443854688363,-0.13517524411165588,False,False,False,False,False,False,False,False,False,True,False,False,False,False,True,False
"GIẢM GIÁ | 8 tỷ | -6% | Giỏ hàng mua bán giá tốt tại Vinhomes Central Park (1-2-3-4 PN, Penthouse, LM81). LH 0768892255 | A09106341 • Nguyễn Hữu Cảnh, Phường 22, | 2 | 2 | 80 m²",8000.0,-0.02787050250242573,0.0605654111517699,0.1556681454901363,0.9724400052447274,-0.13517524411165588,False,False,False,False,False,False,False,False,False,False,False,False,False,True,True,False
"GIẢM GIÁ | 7.5 tỷ | -6% | 💥💥𝐆𝐢𝐨̉ 𝐇𝐚̀𝐧𝐠 𝐂𝐮𝐨̂́𝐢 𝐍𝐚̆𝐦 𝐆𝐢𝐚́ 𝐂𝐨̀𝐧 𝐓𝐨̂́𝐭 💥💥 Vinhomes Central Park. LH 0768892255 Hoàng Hằng | A09112606 • Nguyễn Hữu Cảnh, Phường 22, | 2 | 2 | 79.1 m²",7500.0,-0.028358303900713047,-0.005816715315261151,0.12800341393784517,0.9724400052447274,-0.13517524411165588,False,False,False,False,False,False,False,False,False,False,False,False,False,True,True,False
"2.75 tỷ | Căn hộ Vinhomes Grand Park tầng 20, view sông và thành phố. | A0962352 • Nguyễn Xiển, Long Thạnh Mỹ, Quận 9, | 2 | 2 | 70 m²",2750.0,-0.033290518038951444,-0.7169959604529068,-0.1705883317692301,-0.6557443854688363,-0.13517524411165588,False,False,False,False,False,False,False,False,False,True,False,False,False,False,True,False
"2.7 tỷ | Căn hộ 2 phòng 69m2 Vinhomes Grand Park có nội thất có sổ. LH 0768892255 | A0983095 • Nguyễn Xiển, Long Thạnh Mỹ, Quận 9, | 2 | 2 | 69.2 m²",2700.0,-0.03383251959260402,-0.7189846084621259,-0.205709030060077,-0.6557443854688363,-0.13517524411165588,False,False,False,False,False,False,False,False,False,True,False,False,False,False,True,False
"2.7 tỷ | Căn hộ Vinhomes Grand Park hướng Đông Nam, diện tích 69m² | A09145540 • Nguyễn Xiển, Long Thạnh Mỹ, | 2 | 2 | 69 m²",2700.0,-0.03383251959260402,-0.7189846084621259,-0.205709030060077,0.9724400052447274,-0.13517524411165588,False,False,False,False,False,False,False,False,False,False,False,False,False,True,True,False
"2.65 tỷ | Căn hộ Vinhomes Grand Park thiết kế kỹ lưỡng, đầy đủ tiện ích. | A0982322 • Nguyễn Xiển, Long Thạnh Mỹ, Quận 9, | 2 | 2 | 69.3 m²",2650.0,-0.03366991912650825,-0.7303942253231003,-0.19512041357246315,-0.6557443854688363,-0.13517524411165588,False,False,False,False,False,False,False,False,False,True,False,False,False,False,True,False
"2.35 tỷ | Căn hộ 1PN+ có sổ hồng đủ nội thất chỉ 2,03 tỷ | A09198542 • Nguyễn Xiển, Long Thạnh Mỹ, | 2 | 1 | 59 m²",2350.0,-0.03925253512912973,-0.7100188394714092,-0.5873811365761936,0.9724400052447274,-0.13517524411165588,False,False,False,False,False,False,False,False,False,False,False,False,False,True,True,False
"2.25 tỷ | Căn hộ Vinhomes Grand Park tầng cao, đầy đủ nội thất. | A0974770 • Nguyễn Xiển, Long Thạnh Mỹ, Quận 9, | 2 | 1 | 58 m²",2250.0,-0.03979453668278231,-0.7233047748269812,-0.6289950189117569,-0.6557443854688363,-0.13517524411165588,False,False,False,False,False,False,False,False,False,True,False,False,False,False,True,False
"2.2 tỷ | Căn hộ Vinhomes Grand Park tầng 35 ban công hướng Đông mát mẻ. | A0999647 • Nguyễn Xiển, Long Thạnh Mỹ, Quận 9, | 2 | 1 | 60 m²",2200.0,-0.038710533575477164,-0.750537823541736,-0.5464551185915228,-0.6557443854688363,-0.13517524411165588,False,False,False,False,False,False,False,False,False,True,False,False,False,False,True,False
"3.99 tỷ | Căn hộ Masteri Centre Point 72m2 giá 3.990 tỷ. LH 0768892255 | A09189294 • Nguyễn Xiển, Long Thạnh Mỹ, | 2 | 2 | 72 m²",3990.0,-0.0322065149316463,-0.510408576428527,-0.10180702790000057,0.9724400052447274,-0.13517524411165588,False,False,False,False,False,False,False,False,False,False,False,False,False,True,True,False
"GIẢM GIÁ | 2.03 tỷ | -10% | Bán căn 1pn+ Vinhomes Grand Park Diện tích 47m2 có sổ toà S5 giá 2.03 tỷ. LH 0768892255 | A09124096 • Nguyễn Xiển, Long Thạnh Mỹ, | 1 | 1 | 47.2 m²",2030.0,-0.0457565537729606,-0.6669751162720803,-1.139877365467433,0.9724400052447274,-0.13517524411165588,False,False,False,False,False,False,False,False,False,False,False,False,False,True,False,True
"2.8 tỷ | Căn hộ MT Eastmark City, diện tích 63 m² | A09199020 • Trường Lưu, Long Trường, Quận 9, | 1 | 1 | 63 m²",2800.0,-0.037084528914519445,-0.6509286543688493,-0.42758584185796805,-0.6557443854688363,-0.13517524411165588,False,False,False,False,False,False,False,False,False,True,False,False,False,False,True,False
"9.7 tỷ | Căn hộ Eaton Park 2PN góc, hướng Tây Tứ Mệnh, diện tích 75.2m² giá siêu tốt đợt 1 | A02198780 • Mai Chí Thọ, An Phú, Quận 2, | 2 | 2 | 75.2 m²",9700.0,-0.030472109959958072,0.4318290698090718,0.004416992356852025,-0.6557443854688363,-0.13517524411165588,False,False,False,False,True,False,False,False,False,False,False,False,False,False,True,False
"GIẢM GIÁ | 3.65 tỷ | -37% | Căn hộ 1PN+1, 1WC Eco Green Saigon view Pháo hoa Hướng Bắc siêu hiếm | N07109636 • Nguyễn Văn Linh, Tân Thuận Tây, | 1 | 1 | 44 m²",3650.0,-0.04738255843391831,-0.15773390440569282,-1.2996726601856596,0.9724400052447274,-0.13517524411165588,False,False,False,False,False,False,False,False,False,False,False,False,False,True,False,True
"4.65 tỷ | Căn hộ Saigon South Residence tầng cao view đón gió mát, đầy đủ nội thất. | ANB67176 • Nguyễn Hữu Thọ, Phước Kiển, Nhà Bè, | 2 | 2 | 71.42 m²",4650.0,-0.03252087583276479,-0.386295101351631,-0.12155766590933191,-0.6557443854688363,-0.13517524411165588,False,False,True,False,False,False,False,False,False,False,False,False,False,False,True,False
"GIẢM GIÁ | 5.4 tỷ | -7% | Căn hộ 3PN+ Vinhomes Grand Park 104m2 đã có sổ hồng full nội thất. LH 0768892255 | A09120681 • Nguyễn Xiển, Long Thạnh Mỹ, | 3 | 3 | 104 m²",5400.0,-0.014862465214764012,-0.5551506070872275,0.7982094872234391,0.9724400052447274,-0.13517524411165588,False,False,False,False,False,False,False,False,False,False,False,False,False,True,False,False
"7.8 tỷ | 🔥 Cơ hội vàng sở hữu căn hộ phiên bản giới hạn tại Thảo Điền Green - siêu phẩm cuối cùng còn sót lại tại khu vực Thảo Điền, Quận 2. | A09198577 • Thảo Điền, Quận 2, Hồ Chí Minh | 1 | 1 | 55.06 m²",7800.0,-0.041388021250520865,0.5941471938157256,-0.7555538565400479,-0.6557443854688363,-0.13517524411165588,False,False,False,False,True,False,False,False,False,False,False,False,False,False,True,False
"8.05 tỷ | 𝐇𝐎𝐓 𝐃𝐄𝐀𝐋 - 𝟕𝟒𝐦𝟐 𝐜𝐚̆𝐧 𝐂𝐢𝐭𝐲 🌿 𝐋𝐔𝐌𝐈𝐄𝐑𝐄 𝐫𝐢𝐯𝐞𝐫𝐬𝐢𝐝𝐞 🌿 ✨ 𝐆𝐢𝐚́ 𝐛𝐚́𝐧: 𝟖.𝟎𝟓 𝐓𝐲̉ ( 𝐛𝐚𝐨 𝐡𝐞̂́𝐭 𝐟𝐮𝐥𝐥 𝐩𝐡𝐢́ 𝐭𝐡𝐮𝐞̂́) . LH 0768892255 | T09143965 • Xa Lộ Hà Nội, An Phú, Quận 2, | 2 | 2 | 74 m²",8050.000000000001,-0.03112251182434116,0.17305839178138138,-0.034884907684953156,-0.6557443854688363,-0.13517524411165588,False,False,False,False,True,False,False,False,False,False,False,False,False,False,True,False
"GIẢM GIÁ | 2.9 tỷ | -6% | Căn góc 2 phòng ngủ sẵn sổ hồng, tặng 400 triệu cho khách mua thiện chí giá 2,9 tỷ. LH 0768892255 | A0972300 • Nguyễn Xiển, Long Thạnh Mỹ, Quận 9, | 2 | 2 | 69 m²",2900.0,-0.03383251959260402,-0.6818631789567023,-0.205709030060077,-0.6557443854688363,-0.13517524411165588,False,False,False,False,False,False,False,False,False,True,False,False,False,False,True,False
"4.3 tỷ | Cần bán giá cực tốt Vinhomes Quận 9 | A09198986 • Số 27, Long Thạnh Mỹ, Quận 9, | 2 | 2 | 63 m²",4300.0,-0.037084528914519445,-0.3460026262885839,-0.42758584185796805,-0.6557443854688363,-0.13517524411165588,False,False,False,False,False,False,False,False,False,True,False,False,False,False,True,False
"8.19 tỷ | Căn hộ Masteri Centre Point hướng Đông Nam, diện tích 96.98m² | A09189096 • Nguyễn Xiển, Long Thạnh Mỹ, | 3 | 2 | 96.98 m²",8189.999999999999,-0.018667316121405063,-0.1385766275623125,0.6268800137464231,0.9724400052447274,-0.13517524411165588,False,False,False,False,False,False,False,False,False,False,False,False,False,True,True,False
"5.56 tỷ | Căn hộ Masteri Centre Point hướng Đông Nam, diện tích 71.89m² | A09189109 • Nguyễn Xiển, Long Thạnh Mỹ, | 2 | 2 | 71.89 m²",5560.0,-0.03226613510254808,-0.22963390710105522,-0.10554075194243288,0.9724400052447274,-0.13517524411165588,False,False,False,False,False,False,False,False,False,False,False,False,False,True,True,False
"8.34 tỷ | Căn hộ 3PN Masteri Centre Point view sông hướng Đông Nam, diện tích 95.66m² | A09189273 • Nguyễn Xiển, Long Thạnh Mỹ, | 3 | 2 | 95.66 m²",8340.0,-0.019382758172226462,-0.10357060220709503,0.5932967062004801,0.9724400052447274,-0.13517524411165588,False,False,False,False,False,False,False,False,False,False,False,False,False,True,True,False
"3.51 tỷ | Căn hộ 1PN+ Masteri Centre Point hướng Tây Nam, diện tích 50.92m² | A09189055 • Nguyễn Xiển, Long Thạnh Mỹ, | 1 | 1 | 50.92 m²",3510.0,-0.04363190768264251,-0.33732353248069574,-0.9455063196851924,0.9724400052447274,-0.13517524411165588,False,False,False,False,False,False,False,False,False,False,False,False,False,True,True,False
"5.4 tỷ | Căn hộ 2PN Masteri Centre Point hướng Đông Nam, diện tích 71.86m² | A09189084 • Nguyễn Xiển, Long Thạnh Mỹ, | 2 | 2 | 71.86 m²",5400.0,-0.032282395149157664,-0.2577356077510532,-0.10656001825464764,0.9724400052447274,-0.13517524411165588,False,False,False,False,False,False,False,False,False,False,False,False,False,True,True,False
"14 tỷ | Căn hộ D1 Mension, diện tích 94m², suất SPA | A01192147 • Võ Văn Kiệt, Cầu Kho, Quận 1, | 3 | 2 | 94 m²",14000.0,-0.020282480751289727,0.6872857156741875,0.550406075018785,-3.0980209715391815,6.666686314666153,False,False,False,True,False,False,False,False,False,False,False,False,False,False,True,False
"4.28 tỷ | Căn hộ 2PN Masteri Centre Point view hồ bơi hướng Tây Nam, diện tích 70.61m² | A09188771 • Nguyễn Xiển, Long Thạnh Mỹ, | 2 | 2 | 70.61 m²",4280.0,-0.03295989709122338,-0.44383863830059034,-0.14940679446522626,0.9724400052447274,-0.13517524411165588,False,False,False,False,False,False,False,False,False,False,False,False,False,True,True,False
"3.15 tỷ | Căn hộ Masteri Centre Point hướng Tây Bắc, diện tích 53.91m² | A09188959 • Nguyễn Xiển, Long Thạnh Mỹ, | 1 | 1 | 53.91 m²",3150.0,-0.042011323037221326,-0.47180794471858317,-0.8068733989372147,0.9724400052447274,-0.13517524411165588,False,False,False,False,False,False,False,False,False,False,False,False,False,True,True,False
"8.5 tỷ | Căn hộ Masteri Centre Point hướng Đông Nam, diện tích 72.31m² | A09188855 • Nguyễn Xiển, Long Thạnh Mỹ, | 2 | 2 | 72.31 m²",8500.0,-0.032038494450014006,0.28531921345604294,-0.09131490651022235,0.9724400052447274,-0.13517524411165588,False,False,False,False,False,False,False,False,False,False,False,False,False,True,True,False
"6.7 tỷ | Căn hộ 2PN Masteri Centre Point view công viên 36ha hướng Đông Nam, diện tích 72.86m² | A09188961 • Nguyễn Xiển, Long Thạnh Mỹ, | 2 | 2 | 72.86 m²",6700.0,-0.03174039359550509,-0.04243814914347436,-0.07280857256804753,0.9724400052447274,-0.13517524411165588,False,False,False,False,False,False,False,False,False,False,False,False,False,True,True,False
"6.7 tỷ | Căn hộ Masteri Centre Point hướng Đông Nam, diện tích 99,38 m² | A09188801 • Nguyễn Xiển, Long Thạnh Mỹ, | 3 | 2 | 99.38 m²",6700.0,-0.05063456775583374,1.0379335748406207,-1.653985729046424,0.9724400052447274,-0.13517524411165588,False,False,False,False,False,False,False,False,False,False,False,False,False,True,False,True
"3.6 tỷ | Căn hộ Masteri Centre Point, diện tích 49,57 m² | A09188827 • Nguyễn Xiển, Long Thạnh Mỹ, | 1 | 1 | 54 m²",3600.0,-0.04033653823643488,-0.41126749545664076,-0.6713202840176581,0.9724400052447274,-0.13517524411165588,False,False,False,False,False,False,False,False,False,False,False,False,False,True,True,False
"7.5 tỷ | Căn hộ Masteri Centre Point, diện tích 99m² | A09188921 • Nguyễn Xiển, Long Thạnh Mỹ, | 3 | 2 | 99 m²",7500.0,-0.01757247298302687,-0.24990472652995493,0.6774066159245151,0.9724400052447274,-0.13517524411165588,False,False,False,False,False,False,False,False,False,False,False,False,False,True,True,False
"5.7 tỷ | Căn hộ Masteri Centre Point hướng Đông Nam | A09189022 • Nguyễn Xiển, Long Thạnh Mỹ, | 2 | 2 | 74 m²",5700.0,-0.03112251182434116,-0.23364699972567526,-0.034884907684953156,0.9724400052447274,-0.13517524411165588,False,False,False,False,False,False,False,False,False,False,False,False,False,True,True,False
"3.2 tỷ | Cho Thuê Căn hộ Vinhomes Grand Park hướng Đông Bắc | A09163285 • Nguyễn Xiển, Long Thạnh Mỹ, | 2 | 2 | 69 m²",3200.0,-0.03383251959260402,-0.6261810346985669,-0.205709030060077,0.9724400052447274,-0.13517524411165588,False,False,False,False,False,False,False,False,False,False,False,False,False,True,True,False
"5.2 tỷ | Căn hộ Vinhomes Grand Park đầy đủ nội thất diện tích 81.5m² | A09187336 • Nguyễn Xiển, Long Thạnh Mỹ, | 3 | 2 | 81.5 m²",5200.0,-0.02705750017194687,-0.40299698000338197,0.20110002043285183,0.9724400052447274,-0.13517524411165588,False,False,False,False,False,False,False,False,False,False,False,False,False,True,True,False
"2.8 tỷ | Căn hộ Vinhomes Grand Park hướng Tây Bắc, diện tích 59 m² | A09130218 • Nguyễn Xiển, Long Thạnh Mỹ, | 2 | 1 | 59 m²",2800.0,-0.03925253512912973,-0.6123391457304428,-0.5873811365761936,0.9724400052447274,-0.13517524411165588,False,False,False,False,False,False,False,False,False,False,False,False,False,True,True,False
"2.1 tỷ | Căn hộ Vinhomes Grand Park nội thất cơ bản diện tích 47.1m² | A09109113 • Nguyễn Xiển, Long Thạnh Mỹ, | 1 | 1 | 47.1 m²",2100.0,-0.04570235361759534,-0.6491159306350388,-1.1347244651369646,0.9724400052447274,-0.13517524411165588,False,False,False,False,False,False,False,False,False,False,False,False,False,True,False,True
"2.55 tỷ | Căn hộ Vinhomes Grand Park hướng Đông Nam, diện tích 67.6m² | A09130179 • Nguyễn Xiển, Long Thạnh Mỹ, | 2 | 2 | 67.6 m²",2550.0,-0.03459132176771762,-0.7370236463209006,-0.255730281136277,0.9724400052447274,-0.13517524411165588,False,False,False,False,False,False,False,False,False,False,False,False,False,True,True,False
"2.3 tỷ | Căn hộ Vinhomes Grand Park hướng Tây Nam, diện tích 47.1m² | A09130245 • Nguyễn Xiển, Long Thạnh Mỹ, | 1 | 1 | 47.1 m²",2300.0,-0.04570235361759534,-0.594734218620724,-1.1347244651369646,0.9724400052447274,-0.13517524411165588,False,False,False,False,False,False,False,False,False,False,False,False,False,True,False,True
"GIẢM GIÁ | 5 tỷ | -4% | Căn hộ Vinhomes Grand Park diện tích 76m2, đầy đủ nội thất. | A09110858 • Nguyễn Xiển, Long Thạnh Mỹ, | 3 | 2 | 76 m²",5000.0,-0.030038508717036016,-0.37756514498461147,0.03027589805772795,0.9724400052447274,-0.13517524411165588,False,False,False,False,False,False,False,False,False,False,False,False,False,True,True,False
"GIẢM GIÁ | 2.75 tỷ | -1% | Căn hộ Vinhomes Grand Park nội thất đầy đủ, ban công Đông Nam | A09109695 • Nguyễn Xiển, Long Thạnh Mỹ, | 2 | 2 | 69 m²",2750.0,-0.03383251959260402,-0.70970425108577,-0.205709030060077,0.9724400052447274,-0.13517524411165588,False,False,False,False,False,False,False,False,False,False,False,False,False,True,True,False
"3.5 tỷ | Căn hộ Masteri Centre Point 1PN view hồ bơi hướng Đông Bắc, diện tích 51.25m² | A09188608 • Nguyễn Xiển, Long Thạnh Mỹ, | 1 | 1 | 51.25 m²",3500.0,-0.04345304716993716,-0.34550681160877855,-0.9298190377563933,0.9724400052447274,-0.13517524411165588,False,False,False,False,False,False,False,False,False,False,False,False,False,True,True,False
"9 tỷ | Căn hộ Masteri Centre Point hướng Đông Nam, diện tích 99.37m² | A09189242 • Nguyễn Xiển, Long Thạnh Mỹ, | 3 | 2 | 99.37 m²",9000.0,-0.017371932408175417,-0.06019597466961251,0.6865507901608463,0.9724400052447274,-0.13517524411165588,False,False,False,False,False,False,False,False,False,False,False,False,False,True,True,False
"5.2 tỷ | Căn hộ Masteri Centre Point, diện tích 70m² | A09189717 • Nguyễn Xiển, Long Thạnh Mỹ, | 2 | 2 | 70 m²",5200.0,-0.033290518038951444,-0.2687546991749166,-0.1705883317692301,0.9724400052447274,-0.13517524411165588,False,False,False,False,False,False,False,False,False,False,False,False,False,True,True,False
"4.64 tỷ | Căn hộ Masteri Centre Point hướng Tây Nam, diện tích 73.52m² | A09188266 • Nguyễn Xiển, Long Thạnh Mỹ, | 2 | 2 | 73.52 m²",4640.0,-0.031382672570094396,-0.41185426107965745,-0.05078202627772878,0.9724400052447274,-0.13517524411165588,False,False,False,False,False,False,False,False,False,False,False,False,False,True,True,False
"4.3 tỷ | Căn hộ Masteri Centre Point hướng Tây Bắc, diện tích 71.67m² | A09189318 • Nguyễn Xiển, Long Thạnh Mỹ, | 2 | 2 | 71.67 m²",4300.0,-0.032385375444351654,-0.4517460545278321,-0.11302513380691911,0.9724400052447274,-0.13517524411165588,False,False,False,False,False,False,False,False,False,False,False,False,False,True,True,False
"6.92 tỷ | Căn hộ Masteri Centre Point hướng Đông Nam, diện tích 96.45m² | A09189367 • Nguyễn Xiển, Long Thạnh Mỹ, | 3 | 2 | 96.45 m²",6920.0,-0.018954576944840925,-0.3012674961969742,0.6134504880220238,0.9724400052447274,-0.13517524411165588,False,False,False,False,False,False,False,False,False,False,False,False,False,True,True,False
"2.42 tỷ | Căn hộ Vinhomes Grand Park hướng Đông Nam, diện tích 59.1m² | A09130190 • Nguyễn Xiển, Long Thạnh Mỹ, | 2 | 1 | 59.1 m²",2420.0,-0.03919833497376448,-0.6957130524016192,-0.5832579587455408,0.9724400052447274,-0.13517524411165588,False,False,False,False,False,False,False,False,False,False,False,False,False,True,True,False
"2.4 tỷ | Căn hộ Vinhomes Grand Park hướng Đông Nam, diện tích 51.7m² | A09130032 • Nguyễn Xiển, Long Thạnh Mỹ, | 1 | 1 | 51.7 m²",2400.0,-0.043209146470793505,-0.6256066218628931,-0.9085862164143369,0.9724400052447274,-0.13517524411165588,False,False,False,False,False,False,False,False,False,False,False,False,False,True,True,False
"1.57 tỷ | Căn hộ Vinhomes Grand Park hướng ban công tây bắc không có nội thất diện tích 33.8m² | A09142752 • Nguyễn Xiển, Long Thạnh Mỹ, | 1 | 1 | 33.8 m²",1570.0,-0.05291097428117454,-0.6252475076252055,-1.9361080365183647,0.9724400052447274,-0.13517524411165588,False,False,False,False,False,False,False,False,False,False,False,False,False,True,False,True
"2.85 tỷ | Căn hộ Vinhomes Grand Park hướng Tây Bắc, diện tích 69m² | A09198498 • Nguyễn Xiển, Long Thạnh Mỹ, | 2 | 2 | 69 m²",2850.0,-0.03383251959260402,-0.6911435363330583,-0.205709030060077,0.9724400052447274,-0.13517524411165588,False,False,False,False,False,False,False,False,False,False,False,False,False,True,True,False
"2.2 tỷ | Căn hộ Vinhomes Grand Park hướng Tây Bắc, diện tích 59.1m² | A09130158 • Nguyễn Xiển, Long Thạnh Mỹ, | 2 | 1 | 59.1 m²",2200.0,-0.03919833497376448,-0.7433867664365034,-0.5832579587455408,0.9724400052447274,-0.13517524411165588,False,False,False,False,False,False,False,False,False,False,False,False,False,True,True,False
"GIẢM GIÁ | 3.25 tỷ | -4% | Căn hộ Vinhomes Grand Park hướng Đông Bắc, diện tích 69m² | A09159072 • Nguyễn Xiển, Long Thạnh Mỹ, | 2 | 2 | 69 m²",3250.0,-0.03383251959260402,-0.616900677322211,-0.205709030060077,0.9724400052447274,-0.13517524411165588,False,False,False,False,False,False,False,False,False,False,False,False,False,True,True,False
"3.1 tỷ | Căn hộ Vinhomes Grand Park hướng ban công tây bắc nội thất cơ bản diện tích 69.2m² | A0986153 • Nguyễn Xiển, Long Thạnh Mỹ, Quận 9, | 2 | 2 | 69.2 m²",3100.0,-0.0337241192818735,-0.6464047036632269,-0.19864492337062795,-0.6557443854688363,-0.13517524411165588,False,False,False,False,False,False,False,False,False,True,False,False,False,False,True,False
"2.19 tỷ | Căn hộ Vinhomes Grand Park hướng ban công tây bắc không có nội thất diện tích 46.7m² | A0993759 • Nguyễn Xiển, Long Thạnh Mỹ, Quận 9, | 1 | 1 | 46.7 m²",2190.0,-0.04591915423905636,-0.6195436913073402,-1.1554007248753928,-0.6557443854688363,-0.13517524411165588,False,False,False,False,False,False,False,False,False,True,False,False,False,False,False,True
"GIẢM GIÁ | 2.2 tỷ | -4% | Căn hộ Vinhomes Grand Park hướng ban công đông nam nội thất cơ bản diện tích 51.7m² | A0981097 • Nguyễn Xiển, Long Thạnh Mỹ, Quận 9, | 1 | 1 | 51.7 m²",2200.0,-0.043209146470793505,-0.675149728939764,-0.9085862164143369,-0.6557443854688363,-0.13517524411165588,False,False,False,False,False,False,False,False,False,True,False,False,False,False,True,False
"3 tỷ | Căn hộ Vinhomes Grand Park 2 Phòng ngủ 69m2 đầy đủ nội thất, ban công Đông Nam | A0983630 • Nguyễn Xiển, Long Thạnh Mỹ, Quận 9, | 2 | 2 | 69.2 m²",3000.0,-0.03383251959260402,-0.6633024642039905,-0.205709030060077,-0.6557443854688363,-0.13517524411165588,False,False,False,False,False,False,False,False,False,True,False,False,False,False,True,False
"4.35 tỷ | Căn hộ sân vườn Vinhomes Grand Park diện tích 93m² nội thất châu Âu cho thuê 15 triệu | A09198672 • Nguyễn Xiển, Long Thạnh Mỹ, | 2 | 2 | 93 m²",4350.0,-0.0208244823049423,-0.6210918064599201,0.5242051139585038,0.9724400052447274,-0.13517524411165588,False,False,False,False,False,False,False,False,False,False,False,False,False,True,True,False
"GIẢM GIÁ | 3.35 tỷ | -20% | Bán căn 2PN+ 69m2 có sổ hồng, đủ nội thất ở Origami Vinhomes Grand Park giá 3,35 tỷ. LH 0768892255 | A09103673 • Nguyễn Xiển, Long Thạnh Mỹ, | 2 | 2 | 69.2 m²",3350.0,-0.03383251959260402,-0.5983399625694992,-0.205709030060077,0.9724400052447274,-0.13517524411165588,False,False,False,False,False,False,False,False,False,False,False,False,False,True,True,False
"4.85 tỷ | Căn hộ Masteri Centre Point hướng Đông Bắc, diện tích 70.62m² | A09189240 • Nguyễn Xiển, Long Thạnh Mỹ, | 2 | 2 | 70.62 m²",4850.0,-0.03295447707568685,-0.3405794162734493,-0.14906106134798267,0.9724400052447274,-0.13517524411165588,False,False,False,False,False,False,False,False,False,False,False,False,False,True,True,False
"6 tỷ | Căn hộ Masteri Centre Point, diện tích 74m² | A09188937 • Nguyễn Xiển, Long Thạnh Mỹ, | 2 | 2 | 74 m²",6000.0,-0.03112251182434116,-0.18172716251200852,-0.034884907684953156,0.9724400052447274,-0.13517524411165588,False,False,False,False,False,False,False,False,False,False,False,False,False,True,True,False
"4 tỷ | Căn hộ Masteri Centre Point hướng Tây Bắc, diện tích 74,39 m² | A09189671 • Nguyễn Xiển, Long Thạnh Mỹ, | 2 | 2 | 74.39 m²",4000.0,-0.050092566202181166,0.09340359879118316,-1.5912996538597108,0.9724400052447274,-0.13517524411165588,False,False,False,False,False,False,False,False,False,False,False,False,False,True,False,True
"5.5 tỷ | Căn hộ 2PN 2 view Masteri Centre Point hướng Đông Nam, diện tích 76.15m² | A09189689 • Nguyễn Xiển, Long Thạnh Mỹ, | 2 | 2 | 76.15 m²",5500.0,-0.029957208483988126,-0.2951349049922876,0.03509451984806823,0.9724400052447274,-0.13517524411165588,False,False,False,False,False,False,False,False,False,False,False,False,False,True,True,False
"5.2 tỷ | Căn hộ Masteri Centre Point hướng Đông Nam, diện tích 67,32 m² | A09189427 • Nguyễn Xiển, Long Thạnh Mỹ, | 2 | 2 | 67.32 m²",5200.0,-0.053886577077749166,0.8609962348624665,-2.067606249351372,0.9724400052447274,-0.13517524411165588,False,False,False,False,False,False,False,False,False,False,False,False,False,True,False,True
"GIẢM GIÁ | 6.2 tỷ | -9% | Căn hộ Masteri Centre Point hướng Đông Nam, diện tích 96,45 m² | A09189348 • Nguyễn Xiển, Long Thạnh Mỹ, | 3 | 2 | 96.45 m²",6200.0,-0.046840556880265734,0.5443813757057909,-1.2452535967363343,0.9724400052447274,-0.13517524411165588,False,False,False,False,False,False,False,False,False,False,False,False,False,True,False,True
"GIẢM GIÁ | 3.7 tỷ | -18% | Căn hộ Masteri Centre Point, diện tích 74.81m² | A09189339 • Nguyễn Xiển, Long Thạnh Mỹ, | 1 | 1 | 74.81 m²",3700.0,-0.030683490565882574,-0.5867125344598102,-0.008287823479259498,0.9724400052447274,-0.13517524411165588,False,False,False,False,False,False,False,False,False,False,False,False,False,True,True,False
"GIẢM GIÁ | 4.52 tỷ | -2% | Căn hộ Masteri Centre Point hướng Đông Nam, diện tích 74.4m² | A09189605 • Nguyễn Xiển, Long Thạnh Mỹ, | 2 | 2 | 74.4 m²",4520.0,-0.03090571120288013,-0.442070719006345,-0.021714835594904117,0.9724400052447274,-0.13517524411165588,False,False,False,False,False,False,False,False,False,False,False,False,False,True,True,False
"3.3 tỷ | Cho Thuê Căn Hộ Chung Cư Masteri Centre Point | A09188927 • Nguyễn Xiển, Long Thạnh Mỹ, | 1 | 1 | 53.91 m²",3300.0,-0.042011323037221326,-0.4361738512868326,-0.8068733989372147,0.9724400052447274,-0.13517524411165588,False,False,False,False,False,False,False,False,False,False,False,False,False,True,True,False
"8.6 tỷ | Căn hộ Masteri Centre Point hướng Đông Nam, diện tích 97.43m² | A09189204 • Nguyễn Xiển, Long Thạnh Mỹ, | 3 | 2 | 97.43 m²",8600.0,-0.018423415422261405,-0.08967865026690233,0.6382255401591195,0.9724400052447274,-0.13517524411165588,False,False,False,False,False,False,False,False,False,False,False,False,False,True,True,False
"GIẢM GIÁ | 4.8 tỷ | -2% | Căn hộ Masteri Centre Point hướng Đông Nam, diện tích 51.24m² | A09189545 • Nguyễn Xiển, Long Thạnh Mỹ, | 1 | 1 | 51.24 m²",4800.0,-0.043458467185473686,-0.020414943846595777,-0.9302929525276974,0.9724400052447274,-0.13517524411165588,False,False,False,False,False,False,False,False,False,False,False,False,False,True,True,False
"4.5 tỷ | Căn hộ Masteri Centre Point hướng Tây Bắc, diện tích 71,67 m² | A09189495 • Nguyễn Xiển, Long Thạnh Mỹ, | 2 | 2 | 71.67 m²",4500.0,-0.034916522699909164,-0.3599594395141483,-0.277481235499105,0.9724400052447274,-0.13517524411165588,False,False,False,False,False,False,False,False,False,False,False,False,False,True,True,False
"4.4 tỷ | Căn hộ Masteri Centre Point, diện tích 74m² | A09189433 • Nguyễn Xiển, Long Thạnh Mỹ, | 2 | 2 | 74 m²",4400.0,-0.03112251182434116,-0.45863296098489814,-0.034884907684953156,0.9724400052447274,-0.13517524411165588,False,False,False,False,False,False,False,False,False,False,False,False,False,True,True,False
"7.78 tỷ | Căn hộ 3PN Masteri Centre Point hướng Đông Nam, diện tích 97m² | A09198453 • Nguyễn Xiển, Long Thạnh Mỹ, | 3 | 2 | 97 m²",7780.0,-0.018656476090332014,-0.19293185590382392,0.6273853648483152,0.9724400052447274,-0.13517524411165588,False,False,False,False,False,False,False,False,False,False,False,False,False,True,True,False
"4.5 tỷ | Căn hộ Masteri Centre Point, diện tích 70m² | A09189580 • Nguyễn Xiển, Long Thạnh Mỹ, | 2 | 2 | 70 m²",4500.0,-0.033290518038951444,-0.39682363096862805,-0.1705883317692301,0.9724400052447274,-0.13517524411165588,False,False,False,False,False,False,False,False,False,False,False,False,False,True,True,False
"4.45 tỷ | Căn hộ Masteri Centre Point hướng Đông Nam, diện tích 52m² | A09189499 • Nguyễn Xiển, Long Thạnh Mỹ, | 1 | 1 | 52 m²",4450.0,-0.04304654600469773,-0.12414939431992927,-0.8945314896582033,0.9724400052447274,-0.13517524411165588,False,False,False,False,False,False,False,False,False,False,False,False,False,True,True,False
"4.1 tỷ | Căn hộ Masteri Centre Point hướng Tây Bắc, diện tích 71.67m² | A09189308 • Nguyễn Xiển, Long Thạnh Mỹ, | 2 | 2 | 71.67 m²",4100.0,-0.032385375444351654,-0.4874845592839955,-0.11302513380691911,0.9724400052447274,-0.13517524411165588,False,False,False,False,False,False,False,False,False,False,False,False,False,True,True,False
"5.2 tỷ | Căn hộ 2PN Góc Masteri Centre Point hướng Đông Bắc, diện tích 73.91m² | A09188609 • Nguyễn Xiển, Long Thạnh Mỹ, | 2 | 2 | 73.91 m²",5200.0,-0.031171291964169894,-0.31908420264882786,-0.03785785306729298,0.9724400052447274,-0.13517524411165588,False,False,False,False,False,False,False,False,False,False,False,False,False,True,True,False
"5.02 tỷ | Căn hộ Masteri Centre Point | A09188711 • Nguyễn Xiển, Long Thạnh Mỹ, | 2 | 2 | 72.05 m²",5020.0,-0.032179414853963674,-0.32781851108176174,-0.10011174011372857,0.9724400052447274,-0.13517524411165588,False,False,False,False,False,False,False,False,False,False,False,False,False,True,True,False
"GIẢM GIÁ | 5.1 tỷ | -2% | Căn hộ Masteri Centre Point hướng Tây Bắc, diện tích 72m² | A09188895 • Nguyễn Xiển, Long Thạnh Mỹ, | 2 | 2 | 72 m²",5100.0,-0.0322065149316463,-0.31296897324655526,-0.10180702790000057,0.9724400052447274,-0.13517524411165588,False,False,False,False,False,False,False,False,False,False,False,False,False,True,True,False
"2.9 tỷ | CĂN HỘ CENTUM WEALTH, QUẬN 9 | A09198998 • Xa Lộ Hà Nội, Hiệp Phú, Quận 9, | 2 | 1 | 56.5 m²",2900.0,-0.04060753901326116,-0.5627789471362061,-0.6927573678450938,-0.6557443854688363,-0.13517524411165588,False,False,False,False,False,False,False,False,False,True,False,False,False,False,True,False
"23 tỷ | Căn hộ The River Thủ Thiêm nội thất cơ bản diện tích 140m² | A02137910 • Lương Định Của, An Khánh, Quận 2, | 3 | 2 | 140 m²",23000.0,0.004649590716728567,0.8838656869684863,1.528123631242022,-0.6557443854688363,-0.13517524411165588,False,False,False,False,True,False,False,False,False,False,False,False,False,False,False,False
"2.2 tỷ | Căn hộ Chung cư Hà Kiều không có nội thất diện tích 46m². | AGV138529 • Số 20, Phường 5, Gò Vấp, Hồ Chí Minh | 2 | 1 | 46 m²",2200.0,-0.046298555326613165,-0.6076203199458551,-1.1920049269344806,-0.6557443854688363,-0.13517524411165588,False,True,False,False,False,False,False,False,False,False,False,False,False,False,False,True
"GIẢM GIÁ | 3.5 tỷ | -8% | Căn hộ Masteri Centre Point view hồ bơi hướng Tây Nam, diện tích 53.21m² | A09188388 • Nguyễn Xiển, Long Thạnh Mỹ, | 1 | 1 | 53.21 m²",3500.0,-0.042390724124778116,-0.3777234909274419,-0.8386402826532545,0.9724400052447274,-0.13517524411165588,False,False,False,False,False,False,False,False,False,False,False,False,False,True,True,False
"5 tỷ | Căn hộ Masteri Centre Point hướng Tây Nam, diện tích 74.68m² | A09188426 • Nguyễn Xiển, Long Thạnh Mỹ, | 2 | 2 | 74.68 m²",5000.0,-0.030753950767857408,-0.3626725691198958,-0.012537290532876116,0.9724400052447274,-0.13517524411165588,False,False,False,False,False,False,False,False,False,False,False,False,False,True,True,False
"6.7 tỷ | Căn hộ Masteri Centre Point hướng Đông Bắc, diện tích 97.5m² | A09188355 • Nguyễn Xiển, Long Thạnh Mỹ, | 3 | 2 | 97.5 m²",6700.0,-0.018385475313505727,-0.3400604780490711,0.6399857366488153,0.9724400052447274,-0.13517524411165588,False,False,False,False,False,False,False,False,False,False,False,False,False,True,True,False
"15 tỷ | CĂN HỘ HẠNG SANG 2PN THE RIVER THỦ THIÊM | A02137389 • Lương Định Của, An Khánh, Quận 2, | 2 | 2 | 84 m²",15000.0,-0.025702496287815443,1.0668213038166459,0.27501499339213553,-0.6557443854688363,-0.13517524411165588,False,False,False,False,True,False,False,False,False,False,False,False,False,False,True,False
"6.85 tỷ | CĂN HỘ 2PN MASTERI THẢO ĐIỀN NỘI THẤT ĐẸP | A02198987 • Xa Lộ Hà Nội, Thảo Điền, Quận 2, | 2 | 2 | 75 m²",6850.0,-0.030580510270688588,-0.05042766306944675,-0.0020901538724554937,-0.6557443854688363,-0.13517524411165588,False,False,False,False,True,False,False,False,False,False,False,False,False,False,True,False
"4.5 tỷ | Căn hộ Masteri Centre Point hướng Đông Bắc, diện tích 73.93m² | A09189239 • Nguyễn Xiển, Long Thạnh Mỹ, | 2 | 2 | 73.93 m²",4500.0,-0.031160451933096835,-0.4405889506488622,-0.0371968899787134,0.9724400052447274,-0.13517524411165588,False,False,False,False,False,False,False,False,False,False,False,False,False,True,True,False
"7 tỷ | Căn hộ Masteri Centre Point, diện tích 100m² | A09188624 • Nguyễn Xiển, Long Thạnh Mỹ, | 3 | 2 | 100 m²",7000.0,-0.0170304714293743,-0.32364138422936445,0.7020433138717228,0.9724400052447274,-0.13517524411165588,False,False,False,False,False,False,False,False,False,False,False,False,False,True,False,False
"5.3 tỷ | Căn hộ Masteri Centre Point hướng Đông Nam | A09189212 • Nguyễn Xiển, Long Thạnh Mỹ, | 2 | 2 | 67 m²",5300.0,-0.034916522699909164,-0.20704131199926898,-0.277481235499105,0.9724400052447274,-0.13517524411165588,False,False,False,False,False,False,False,False,False,False,False,False,False,True,True,False
"3.4 tỷ | Căn hộ Masteri Centre Point hướng Đông Bắc, diện tích 51m² | A09188765 • Nguyễn Xiển, Long Thạnh Mỹ, | 1 | 1 | 51 m²",3400.0,-0.04358854755835031,-0.36633102816060154,-0.9416942054369568,0.9724400052447274,-0.13517524411165588,False,False,False,False,False,False,False,False,False,False,False,False,False,True,True,False
"GIẢM GIÁ | 2.6 tỷ | -4% | Căn hộ 2 phòng 67m2 Vinhomes Grand Park full nội thất có sổ. LH 0768892255 | A0982740 • Nguyễn Xiển, Long Thạnh Mỹ, Quận 9, | 2 | 2 | 67.5 m²",2600.0,-0.034916522699909164,-0.7231399923619868,-0.277481235499105,-0.6557443854688363,-0.13517524411165588,False,False,False,False,False,False,False,False,False,True,False,False,False,False,True,False
"2.2 tỷ | Căn hộ 2 phòng 59m2 Vinhomes Grand Park có sổ. LH 0768892255 | A09109691 • Nguyễn Xiển, Long Thạnh Mỹ, | 2 | 1 | 59 m²",2200.0,-0.03925253512912973,-0.7425787373850646,-0.5873811365761936,0.9724400052447274,-0.13517524411165588,False,False,False,False,False,False,False,False,False,False,False,False,False,True,True,False
"4.4 tỷ | Căn hộ 2 phòng ngủ LUMIÈRE Boulevard cho thuê đủ nội thất giá 14 triệu. LH 0768892255 | A09198602 • Nguyễn Xiển, Long Thạnh Mỹ, | 2 | 2 | 67.6 m²",4400.0,-0.03459132176771762,-0.38653914363100966,-0.255730281136277,0.9724400052447274,-0.13517524411165588,False,False,False,False,False,False,False,False,False,False,False,False,False,True,True,False
"4.3 tỷ | Căn hộ LUMIÈRE Boulevard hướng Đông Bắc, diện tích 72,18 m² | A09198601 • Nguyễn Xiển, Long Thạnh Mỹ, | 2 | 2 | 72.18 m²",4300.0,-0.06147459882888517,1.8393005749533178,-3.4345102356584243,0.9724400052447274,-0.13517524411165588,False,False,False,False,False,False,False,False,False,False,False,False,False,True,False,True
"5.5 tỷ | Căn hộ 2PN LUMIÈRE Boulevard full nội thất đẹp giá 14 triệu. LH 0768892255 | A09198548 • Nguyễn Xiển, Long Thạnh Mỹ, | 2 | 2 | 74.36 m²",5500.0,-0.030927391265026236,-0.27286849410996405,-0.02302869485371021,0.9724400052447274,-0.13517524411165588,False,False,False,False,False,False,False,False,False,False,False,False,False,True,True,False
"GIẢM GIÁ | 3 tỷ | -32% | Căn hộ Vinhomes Grand Park hướng ban công nam nội thất cơ bản diện tích 75m² | A09118322 • Nguyễn Xiển, Long Thạnh Mỹ, | 3 | 3 | 75 m²",3000.0,-0.030580510270688588,-0.7078481796104988,-0.0020901538724554937,0.9724400052447274,-0.13517524411165588,False,False,False,False,False,False,False,False,False,False,False,False,False,True,True,False
"4.9 tỷ | Căn hộ Vinhomes Grand Park hướng ban công bắc đầy đủ nội thất diện tích 81.5m² | A09136027 • Nguyễn Xiển, Long Thạnh Mỹ, | 3 | 2 | 81.5 m²",4900.0,-0.02705750017194687,-0.4501389180869568,0.20110002043285183,0.9724400052447274,-0.13517524411165588,False,False,False,False,False,False,False,False,False,False,False,False,False,True,True,False
"4.5 tỷ | Căn hộ Vinhomes Grand Park có 3 phòng ngủ, nội thất cơ bản. | A09113844 • Nguyễn Xiển, Long Thạnh Mỹ, | 3 | 2 | 93 m²",4500.0,-0.0208244823049423,-0.6004355271383537,0.5242051139585038,0.9724400052447274,-0.13517524411165588,False,False,False,False,False,False,False,False,False,False,False,False,False,True,True,False
"2.65 tỷ | Căn hộ Vinhomes Grand Park hướng Đông Nam, diện tích 43m² | A09138229 • Nguyễn Xiển, Long Thạnh Mỹ, | 1 | 1 | 43 m²",2650.0,-0.04792455998757088,-0.4308618852659601,-1.3553147257419058,0.9724400052447274,-0.13517524411165588,False,False,False,False,False,False,False,False,False,False,False,False,False,True,False,True
"8.4 tỷ | Căn hộ Masteri Lumiere Riverside 2 phòng ngủ diện tích 76.8m² | A02191053 • Xa Lộ Hà Nội, An Phú, Quận 2, | 2 | 2 | 76.8 m²",8400.0,-0.02960490747411396,0.18063003470837438,0.05586752346362808,-0.6557443854688363,-0.13517524411165588,False,False,False,False,True,False,False,False,False,False,False,False,False,False,True,False
"GIẢM GIÁ | 8.5 tỷ | -6% | Căn hộ Masteri Lumiere Riverside 2 Phòng Ngủ, diện tích 75.4m² | A02191199 • Xa Lộ Hà Nội, An Phú, Quận 2, | 2 | 2 | 75.4 m²",8500.0,-0.030363709649227556,0.223623998050925,0.010907081826812314,-0.6557443854688363,-0.13517524411165588,False,False,False,False,True,False,False,False,False,False,False,False,False,False,True,False
"3.2 tỷ | Căn hộ Origami - Vinhomes Grand Park 67.8m2 hướng đông nam 3,2 tỷ chính chủ xem nhà 24/7 | A09198971 • Nguyễn Xiển, Long Thạnh Mỹ, | 2 | 2 | 67.8 m²",3200.0,-0.03448292145698711,-0.615668771475792,-0.2485222186506833,0.9724400052447274,-0.13517524411165588,False,False,False,False,False,False,False,False,False,False,False,False,False,True,True,False
"13 tỷ | Căn hộ The River Thủ Thiêm, diện tích 94m² | A02198981 • Lương Định Của, An Khánh, Quận 2, | 2 | 2 | 94 m²",13000.0,-0.020282480751289727,0.5510421712127924,0.550406075018785,-0.6557443854688363,-0.13517524411165588,False,False,False,False,True,False,False,False,False,False,False,False,False,False,True,False
"5.7 tỷ | Căn hộ Masteri Centre Point Hoa Hậu Tầng Cao View Sông hướng Đông Bắc, diện tích 61 m² | A09198977 • Nguyễn Xiển, Long Thạnh Mỹ, | 2 | 2 | 67 m²",5700.0,-0.03816853202182459,-0.023414216253942573,-0.5061945938819573,0.9724400052447274,-0.13517524411165588,False,False,False,False,False,False,False,False,False,False,False,False,False,True,True,False
"3.5 tỷ | Căn hộ Vinhomes Grand Park hướng ban công đông bắc nội thất cơ bản diện tích 82.4m² | A09129371 • Nguyễn Xiển, Long Thạnh Mỹ, | 3 | 2 | 82.4 m²",3500.0,-0.026569698773659556,-0.6761417935839004,0.22796430981697582,0.9724400052447274,-0.13517524411165588,False,False,False,False,False,False,False,False,False,False,False,False,False,True,True,False
"3.5 tỷ | Căn hộ Vinhomes Grand Park hướng ban công tây nam đầy đủ nội thất diện tích 69m² | A09141008 • Nguyễn Xiển, Long Thạnh Mỹ, | 2 | 2 | 69 m²",3500.0,-0.03383251959260402,-0.5704988904404314,-0.205709030060077,0.9724400052447274,-0.13517524411165588,False,False,False,False,False,False,False,False,False,False,False,False,False,True,True,False
"2.3 tỷ | Căn hộ Vinhomes Grand Park nội thất cơ bản, thoáng gió | A09110495 • Nguyễn Xiển, Long Thạnh Mỹ, | 2 | 1 | 59 m²",2300.0,-0.03925253512912973,-0.720872138775961,-0.5873811365761936,0.9724400052447274,-0.13517524411165588,False,False,False,False,False,False,False,False,False,False,False,False,False,True,True,False
"GIẢM GIÁ | 3.09 tỷ | -9% | Căn hộ Vinhomes Grand Park hướng Tây Nam, diện tích 81.3m² | A0986734 • Nguyễn Xiển, Long Thạnh Mỹ, Quận 9, | 3 | 2 | 81.3 m²",3090.0,-0.027165900482677387,-0.7333674501524192,0.19509038710600426,-0.6557443854688363,-0.13517524411165588,False,False,False,False,False,False,False,False,False,True,False,False,False,False,True,False
"8.4 tỷ | Căn hộ Masteri Lumiere Riverside 2 phòng ngủ nội thất cơ bản | A02191299 • Xa Lộ Hà Nội, An Phú, Quận 2, | 2 | 2 | 71.7 m²",8400.0,-0.03236911539774207,0.28026525230416194,-0.11200320311271778,-0.6557443854688363,-0.13517524411165588,False,False,False,False,True,False,False,False,False,False,False,False,False,False,True,False
"8.22 tỷ | Căn hộ Lumiere Riverside, diện tích 51.7m² | A02191548 • Xa Lộ Hà Nội, An Phú, Quận 2, | 1 | 1 | 51.7 m²",8220.0,-0.043209146470793505,0.8160977940740521,-0.9085862164143369,-0.6557443854688363,-0.13517524411165588,False,False,False,False,True,False,False,False,False,False,False,False,False,False,True,False
"4.15 tỷ | Căn hộ Masteri Centre Point | A09188661 • Nguyễn Xiển, Long Thạnh Mỹ, | 2 | 2 | 74 m²",4150.0,-0.03112251182434116,-0.5018994919962871,-0.034884907684953156,0.9724400052447274,-0.13517524411165588,False,False,False,False,False,False,False,False,False,False,False,False,False,True,True,False
"47 tỷ | Siêu phẩm 4PN view sông The River Thủ Thiêm, diện tích 202 m². | A02198973 • Lương Định Của, An Khánh, Quận 2, | 4 | 4 | 202 m²",47000.0,0.038253687043188,1.7596977735633874,2.430480380674959,-0.6557443854688363,-0.13517524411165588,False,False,False,False,True,False,False,False,False,False,False,False,False,False,False,False
"16.52 tỷ | Căn 2PN Góc siêu đẹp The Opera Residence - The Metropole Thủ Thiêm, diện tích 71m² | A02198974 • Đường R2, An Khánh, Quận 2, | 2 | 2 | 71 m²",16520.0,-0.032748516485298876,1.7597334921331247,-0.13595884818391588,-0.6557443854688363,-0.13517524411165588,False,False,False,False,True,False,False,False,False,False,False,False,False,False,True,False
"18 tỷ | Bán căn siêu đẹp Opera - Căn hộ The Metropole Thủ Thiêm, diện tích 80m² | A02198976 • Đường R2, An Khánh, Quận 2, | 2 | 2 | 80 m²",18000.0,-0.02787050250242573,1.661427058573163,0.1556681454901363,-0.6557443854688363,-0.13517524411165588,False,False,False,False,True,False,False,False,False,False,False,False,False,False,True,False
"8.17 tỷ | Căn hộ Lumiere Riverside hướng Đông Nam, diện tích 77.1m² | A02191406 • Xa Lộ Hà Nội, An Phú, Quận 2, | 2 | 2 | 77.1 m²",8170.0,-0.02944230700801819,0.13697489056176645,0.06539659634857488,-0.6557443854688363,-0.13517524411165588,False,False,False,False,True,False,False,False,False,False,False,False,False,False,True,False
"10.8 tỷ | Căn hộ Masteri Lumiere Riverside hướng Tây Bắc, diện tích 96.4m² | A02190943 • Xa Lộ Hà Nội, An Phú, Quận 2, | 3 | 2 | 96.4 m²",10800.0,-0.01898167702252355,0.21467325438901605,0.6121797834957375,-0.6557443854688363,-0.13517524411165588,False,False,False,False,True,False,False,False,False,False,False,False,False,False,True,False
"7.8 tỷ | Căn hộ Masteri Lumiere Riverside 2 phòng ngủ tầng cao view thoáng | A02191229 • Xa Lộ Hà Nội, An Phú, Quận 2, | 2 | 2 | 71.7 m²",7800.0,-0.03236911539774207,0.1730945980834828,-0.11200320311271778,-0.6557443854688363,-0.13517524411165588,False,False,False,False,True,False,False,False,False,False,False,False,False,False,True,False
"7 tỷ | Căn hộ Masteri Lumiere Riverside 2 phòng ngủ diện tích 71.7m² | A02190941 • Xa Lộ Hà Nội, An Phú, Quận 2, | 2 | 2 | 71.7 m²",7000.0,-0.03236911539774207,0.03020039245591086,-0.11200320311271778,-0.6557443854688363,-0.13517524411165588,False,False,False,False,True,False,False,False,False,False,False,False,False,False,True,False
"7.8 tỷ | Căn hộ Masteri Lumiere Riverside 3 phòng ngủ, diện tích 71.7m² | A02191024 • Xa Lộ Hà Nội, An Phú, Quận 2, | 2 | 2 | 71.7 m²",7800.0,-0.03236911539774207,0.1730945980834828,-0.11200320311271778,-0.6557443854688363,-0.13517524411165588,False,False,False,False,True,False,False,False,False,False,False,False,False,False,True,False
"6 tỷ | Căn hộ Masteri Lumiere Riverside 1 Phòng Ngủ, diện tích 52.7m² | A02191009 • Xa Lộ Hà Nội, An Phú, Quận 2, | 1 | 1 | 52.7 m²",6000.0,-0.04266714491714094,0.23796639826639857,-0.8620440994753137,-0.6557443854688363,-0.13517524411165588,False,False,False,False,True,False,False,False,False,False,False,False,False,False,True,False
"GIẢM GIÁ | 7.5 tỷ | -6% | Căn hộ Masteri Lumiere Riverside, diện tích 74.2m² | A02191088 • Xa Lộ Hà Nội, An Phú, Quận 2, | 2 | 2 | 74.2 m²",7500.0,-0.031014111513610644,0.07437338223464975,-0.02829111493273669,-0.6557443854688363,-0.13517524411165588,False,False,False,False,True,False,False,False,False,False,False,False,False,False,True,False
"8.5 tỷ | Lumiere Riverside căn góc hướng Đông Nam View Landmark 81, 2pn | A02191196 • Xa Lộ Hà Nội, An Phú, Quận 2, | 2 | 2 | 76.8 m²",8500.0,-0.02960490747411396,0.197305676869014,0.05586752346362808,-0.6557443854688363,-0.13517524411165588,False,False,False,False,True,False,False,False,False,False,False,False,False,False,True,False
"8.4 tỷ | Căn hộ Masteri Lumiere Riverside view sông, diện tích 72.6m² | A02191180 • Xa Lộ Hà Nội, An Phú, Quận 2, | 2 | 2 | 72.6 m²",8400.0,-0.03188131399945476,0.26166538669561457,-0.08153978473459045,-0.6557443854688363,-0.13517524411165588,False,False,False,False,True,False,False,False,False,False,False,False,False,False,True,False
"5.85 tỷ | Căn hộ Masteri Lumiere Riverside 1 phòng ngủ giá tốt | A02191137 • Xa Lộ Hà Nội, An Phú, Quận 2, | 1 | 1 | 49.4 m²",5850.0,-0.04445575004419442,0.2964818644559752,-1.019074494168508,-0.6557443854688363,-0.13517524411165588,False,False,False,False,True,False,False,False,False,False,False,False,False,False,False,True
"11 tỷ | Căn hộ Lumiere Riverside hướng Tây Bắc, diện tích 96.4m² | A02190957 • Xa Lộ Hà Nội, An Phú, Quận 2, | 3 | 2 | 96.4 m²",11000.0,-0.01898167702252355,0.24124357218854114,0.6121797834957375,-0.6557443854688363,-0.13517524411165588,False,False,False,False,True,False,False,False,False,False,False,False,False,False,True,False
"8.8 tỷ | Căn hộ Masteri Lumiere Riverside hướng Tây Bắc, diện tích 72.6m² | A02191222 • Xa Lộ Hà Nội, An Phú, Quận 2, | 2 | 2 | 72.6 m²",8800.0,-0.03188131399945476,0.3322267816232791,-0.08153978473459045,-0.6557443854688363,-0.13517524411165588,False,False,False,False,True,False,False,False,False,False,False,False,False,False,True,False
"7.25 tỷ | Căn hộ Masteri Lumiere Riverside hướng Đông Nam, diện tích 71.7m² | A02191052 • Xa Lộ Hà Nội, An Phú, Quận 2, | 2 | 2 | 71.7 m²",7250.0,-0.03236911539774207,0.07485483171452707,-0.11200320311271778,-0.6557443854688363,-0.13517524411165588,False,False,False,False,True,False,False,False,False,False,False,False,False,False,True,False
"7.8 tỷ | Căn hộ Lumiere Riverside hướng Đông Nam, diện tích 71.7m² | A02191080 • Xa Lộ Hà Nội, An Phú, Quận 2, | 2 | 2 | 71.7 m²",7800.0,-0.03236911539774207,0.1730945980834828,-0.11200320311271778,-0.6557443854688363,-0.13517524411165588,False,False,False,False,True,False,False,False,False,False,False,False,False,False,True,False
"6 tỷ | Căn hộ Masteri Lumiere Riverside hướng Tây Bắc, diện tích 49.4m² | A02191207 • Xa Lộ Hà Nội, An Phú, Quận 2, | 1 | 1 | 49.4 m²",6000.0,-0.04445575004419442,0.33536919192370146,-1.019074494168508,-0.6557443854688363,-0.13517524411165588,False,False,False,False,True,False,False,False,False,False,False,False,False,False,False,True
"6.5 tỷ | Căn hộ Masteri Lumiere Riverside hướng Tây Bắc, diện tích 49.4m² | A02191096 • Xa Lộ Hà Nội, An Phú, Quận 2, | 1 | 1 | 49.4 m²",6500.0,-0.04445575004419442,0.46499361681612206,-1.019074494168508,-0.6557443854688363,-0.13517524411165588,False,False,False,False,True,False,False,False,False,False,False,False,False,False,False,True
"GIẢM GIÁ | 7.8 tỷ | -22% | Căn hộ Masteri Lumiere Riverside, diện tích 71.7m² | A02190968 • Xa Lộ Hà Nội, An Phú, Quận 2, | 2 | 2 | 71.7 m²",7800.0,-0.03236911539774207,0.1730945980834828,-0.11200320311271778,-0.6557443854688363,-0.13517524411165588,False,False,False,False,True,False,False,False,False,False,False,False,False,False,True,False
"3.91 tỷ | Căn hộ Flora Novia tầng trung, view thành phố. | ATD64464 • Phạm Văn Đồng, Linh Tây, Thủ Đức, | 3 | 2 | 89.12 m²",3910.0,-0.022927448333114275,-0.658241587088967,0.41983647208832564,-1.0627904831472272,0.7150574507355703,False,False,False,False,False,False,False,False,False,False,True,False,False,False,True,False
"GIẢM GIÁ | 4.2 tỷ | -7% | Căn hộ góc Flora Novia bàn giao nội thất cơ bản. | ATD110597 • Phạm Văn Đồng, Linh Tây, Thủ Đức, | 3 | 2 | 80 m²",4200.0,-0.02787050250242573,-0.5477620148683595,0.1556681454901363,-1.0627904831472272,0.7150574507355703,False,False,False,False,False,False,False,False,False,False,True,False,False,False,True,False
"GIẢM GIÁ | 3.59 tỷ | -2% | Căn hộ Flora Novia hướng ban công tây bắc nội thất cơ bản diện tích 80m². | ATD139612 • Phạm Văn Đồng, Linh Tây, Thủ Đức, | 3 | 2 | 80 m²",3590.0,-0.02787050250242573,-0.6454145753610645,0.1556681454901363,-1.0627904831472272,0.7150574507355703,False,False,False,False,False,False,False,False,False,False,True,False,False,False,True,False
"GIẢM GIÁ | 5 tỷ | -9% | Căn hộ Vinhomes Grand Park 3PN+ diện tích 103.6m² nội thất sang xịn | A09137440 • Nguyễn Xiển, Long Thạnh Mỹ, | 3 | 2 | 103.6 m²",5000.0,-0.015079265836225044,-0.6020306066226445,0.7887592172962108,0.9724400052447274,-0.13517524411165588,False,False,False,False,False,False,False,False,False,False,False,False,False,True,False,False
"5.6 tỷ | Căn hộ Masteri Lumiere Riverside 1 phòng ngủ | A02191404 • Xa Lộ Hà Nội, An Phú, Quận 2, | 1 | 1 | 48.2 m²",5600.0,-0.04510615190857751,0.26781388998806643,-1.0787392538917044,-0.6557443854688363,-0.13517524411165588,False,False,False,False,True,False,False,False,False,False,False,False,False,False,False,True
"7.8 tỷ | Căn hộ Masteri Lumiere Riverside, diện tích 73.2m² | A02191305 • Xa Lộ Hà Nội, An Phú, Quận 2, | 2 | 2 | 73.2 m²",7800.0,-0.03155611306726321,0.14454503855748219,-0.06143709474981222,-0.6557443854688363,-0.13517524411165588,False,False,False,False,True,False,False,False,False,False,False,False,False,False,True,False
"8.5 tỷ | Căn hộ Lumiere Riverside hướng Đông Nam, diện tích 73.2m² | A02191629 • Xa Lộ Hà Nội, An Phú, Quận 2, | 2 | 2 | 73.2 m²",8500.0,-0.03155611306726321,0.2670153285241463,-0.06143709474981222,-0.6557443854688363,-0.13517524411165588,False,False,False,False,True,False,False,False,False,False,False,False,False,False,True,False
"7 tỷ | Căn hộ Masteri Lumiere Riverside hướng Đông Nam, diện tích 68.9m² | A02191533 • Xa Lộ Hà Nội, An Phú, Quận 2, | 2 | 2 | 68.9 m²",7000.0,-0.03388671974796927,0.0810118298706497,-0.2092486557024024,-0.6557443854688363,-0.13517524411165588,False,False,False,False,True,False,False,False,False,False,False,False,False,False,True,False
"6 tỷ | Căn hộ Masteri Lumiere Riverside, diện tích 51.7m² | A02191779 • Xa Lộ Hà Nội, An Phú, Quận 2, | 1 | 1 | 51.7 m²",6000.0,-0.043209146470793505,0.2661693055207843,-0.9085862164143369,-0.6557443854688363,-0.13517524411165588,False,False,False,False,True,False,False,False,False,False,False,False,False,False,True,False
"8 tỷ | Căn hộ Lumiere Riverside hướng Đông Nam, diện tích 73.2m² | A02191529 • Xa Lộ Hà Nội, An Phú, Quận 2, | 2 | 2 | 73.2 m²",8000.0,-0.03155611306726321,0.17953654997652918,-0.06143709474981222,-0.6557443854688363,-0.13517524411165588,False,False,False,False,True,False,False,False,False,False,False,False,False,False,True,False
"8.2 tỷ | Căn hộ Masteri Lumiere Riverside 2 Phòng Ngủ, diện tích 73.2m² | A02191424 • Xa Lộ Hà Nội, An Phú, Quận 2, | 2 | 2 | 73.2 m²",8200.0,-0.03155611306726321,0.21452806139557598,-0.06143709474981222,-0.6557443854688363,-0.13517524411165588,False,False,False,False,True,False,False,False,False,False,False,False,False,False,True,False
"11.5 tỷ | Căn hộ Masteri Lumiere Riverside hướng Tây Bắc, diện tích 95.3m² | A02191284 • Xa Lộ Hà Nội, An Phú, Quận 2, | 3 | 2 | 95.3 m²",11500.0,-0.019577878731541386,0.3253039165385608,0.5840580099771536,-0.6557443854688363,-0.13517524411165588,False,False,False,False,True,False,False,False,False,False,False,False,False,False,True,False
"13 tỷ | Căn hộ Masteri Lumiere Riverside hướng Tây Bắc, diện tích 93.2m² | A02191769 • Xa Lộ Hà Nội, An Phú, Quận 2, | 3 | 2 | 93.2 m²",13000.0,-0.020716081994211783,0.5662453135132055,0.5294675340375303,-0.6557443854688363,-0.13517524411165588,False,False,False,False,True,False,False,False,False,False,False,False,False,False,True,False
"8.7 tỷ | Căn hộ Masteri Lumiere Riverside view sông 2 phòng ngủ | A02191654 • Xa Lộ Hà Nội, An Phú, Quận 2, | 2 | 2 | 71.7 m²",8700.0,-0.03236911539774207,0.33385057941450147,-0.11200320311271778,-0.6557443854688363,-0.13517524411165588,False,False,False,False,True,False,False,False,False,False,False,False,False,False,True,False
"13.8 tỷ | Căn hộ Masteri Lumiere Riverside 3 Phòng Ngủ, diện tích 95.7m² | A02191432 • Xa Lộ Hà Nội, An Phú, Quận 2, | 3 | 2 | 95.7 m²",13800.0,-0.019361078110080355,0.6266381190800869,0.5943211032838229,-0.6557443854688363,-0.13517524411165588,False,False,False,False,True,False,False,False,False,False,False,False,False,False,True,False
"8.7 tỷ | Căn hộ Masteri Lumiere Riverside, diện tích 71.7m² | A02191655 • Xa Lộ Hà Nội, An Phú, Quận 2, | 2 | 2 | 71.7 m²",8700.0,-0.03236911539774207,0.33385057941450147,-0.11200320311271778,-0.6557443854688363,-0.13517524411165588,False,False,False,False,True,False,False,False,False,False,False,False,False,False,True,False
"12.5 tỷ | Căn hộ Masteri Lumiere Riverside, 3 phòng ngủ diện tầng cao thoáng mát | A02191802 • Xa Lộ Hà Nội, An Phú, Quận 2, | 3 | 2 | 101.1 m²",12500.0,-0.016434269720356474,0.3633198592100988,0.728863511978673,-0.6557443854688363,-0.13517524411165588,False,False,False,False,True,False,False,False,False,False,False,False,False,False,False,False
"12.9 tỷ | Căn hộ Lumiere Riverside 3 phòng ngủ thoáng mát | A02191521 • Xa Lộ Hà Nội, An Phú, Quận 2, | 3 | 2 | 95.7 m²",12900.0,-0.019361078110080355,0.5061971173932112,0.5943211032838229,-0.6557443854688363,-0.13517524411165588,False,False,False,False,True,False,False,False,False,False,False,False,False,False,True,False
"12 tỷ | Căn hộ Lumiere Riverside view sông | A02191558 • Xa Lộ Hà Nội, An Phú, Quận 2, | 2 | 2 | 73.8 m²",12000.0,-0.031230912135071676,0.8622977483969554,-0.041496307381299974,-0.6557443854688363,-0.13517524411165588,False,False,False,False,True,False,False,False,False,False,False,False,False,False,True,False
"9.8 tỷ | Căn hộ Masteri Lumiere Riverside 2 phòng ngủ suất SPA | A02191636 • Xa Lộ Hà Nội, An Phú, Quận 2, | 2 | 2 | 71.7 m²",9800.0,-0.03236911539774207,0.5303301121524131,-0.11200320311271778,-0.6557443854688363,-0.13517524411165588,False,False,False,False,True,False,False,False,False,False,False,False,False,False,True,False
"12 tỷ | Căn hộ Masteri Lumiere Riverside, diện tích 71.7m² view sông tuyệt đẹp | A02191559 • Xa Lộ Hà Nội, An Phú, Quận 2, | 2 | 2 | 71.7 m²",12000.0,-0.03236911539774207,0.9232891776282363,-0.11200320311271778,-0.6557443854688363,-0.13517524411165588,False,False,False,False,True,False,False,False,False,False,False,False,False,False,True,False
"8.6 tỷ | Căn hộ Masteri Lumiere Riverside, diện tích 77.1m² | A02191444 • Xa Lộ Hà Nội, An Phú, Quận 2, | 2 | 2 | 77.1 m²",8600.0,-0.02944230700801819,0.2084011430537196,0.06539659634857488,-0.6557443854688363,-0.13517524411165588,False,False,False,False,True,False,False,False,False,False,False,False,False,False,True,False
"8.3 tỷ | Căn hộ Masteri Lumiere Riverside, diện tích 73.8m² | A02191410 • Xa Lộ Hà Nội, An Phú, Quận 2, | 2 | 2 | 73.8 m²",8300.0,-0.031230912135071676,0.22021773804907954,-0.041496307381299974,-0.6557443854688363,-0.13517524411165588,False,False,False,False,True,False,False,False,False,False,False,False,False,False,True,False
"GIẢM GIÁ | 11 tỷ | -4% | Căn hộ Masteri Lumiere Riverside 3 Phòng Ngủ, diện tích 93.2m² | A02191333 • Xa Lộ Hà Nội, An Phú, Quận 2, | 3 | 2 | 93.2 m²",11000.0,-0.020716081994211783,0.29141927962112096,0.5294675340375303,-0.6557443854688363,-0.13517524411165588,False,False,False,False,True,False,False,False,False,False,False,False,False,False,True,False
"11.2 tỷ | Căn hộ Masteri Lumiere Riverside hướng Đông Nam, diện tích 101.1m² | A02191839 • Xa Lộ Hà Nội, An Phú, Quận 2, | 3 | 2 | 101.1 m²",11200.0,-0.016434269720356474,0.19864170754657265,0.728863511978673,-0.6557443854688363,-0.13517524411165588,False,False,False,False,True,False,False,False,False,False,False,False,False,False,False,False
"8.3 tỷ | Căn hộ 2 phòng ngủ Masteri Lumiere Riverside | A02191441 • Xa Lộ Hà Nội, An Phú, Quận 2, | 2 | 2 | 76.2 m²",8300.0,-0.0299301084063055,0.17485264687319205,0.03669864540798076,-0.6557443854688363,-0.13517524411165588,False,False,False,False,True,False,False,False,False,False,False,False,False,False,True,False
"7.1 tỷ | Căn hộ Lumiere Riverside 2 phòng ngủ tầng cao thoáng mát | A02191644 • Xa Lộ Hà Nội, An Phú, Quận 2, | 2 | 2 | 68.9 m²",7100.0,-0.03388671974796927,0.09959948325144971,-0.2092486557024024,-0.6557443854688363,-0.13517524411165588,False,False,False,False,True,False,False,False,False,False,False,False,False,False,True,False
"GIẢM GIÁ | 1.65 tỷ | -3% | Căn hộ chung cư An Hòa 3 kèm nội thất cơ bản. | N0774030 • Số 4, Tân Thuận Đông, Quận 7, | 1 | 1 | 64 m²",1650.0,-0.036542527360866876,-0.8899461920046823,-0.3891979765457174,-1.6733596296648134,-0.560291591535269,False,False,False,False,False,False,False,True,False,False,False,False,False,False,True,False
"3.52 tỷ | Căn hộ Vinhomes Grand Park hướng ban công bắc đầy đủ nội thất diện tích 58.9m². | A09141085 • Nguyễn Xiển, Long Thạnh Mỹ, | 2 | 2 | 58.9 m²",3520.0,-0.039306735284494985,-0.45475439929151723,-0.5915111921044965,0.9724400052447274,-0.13517524411165588,False,False,False,False,False,False,False,False,False,False,False,False,False,True,True,False
"4.2 tỷ | Căn hộ Vinhomes Grand Park hướng Tây Bắc, diện tích 69.2m² | A09138971 • Nguyễn Xiển, Long Thạnh Mỹ, | 2 | 2 | 69.2 m²",4200.0,-0.0337241192818735,-0.44282692191021733,-0.19864492337062795,0.9724400052447274,-0.13517524411165588,False,False,False,False,False,False,False,False,False,False,False,False,False,True,True,False
"4.85 tỷ | Căn hộ Vinhomes Grand Park hướng Tây Bắc, diện tích 103.6m² | A09137800 • Nguyễn Xiển, Long Thạnh Mỹ, | 3 | 2 | 103.6 m²",4850.0,-0.015079265836225044,-0.6205734056275255,0.7887592172962108,0.9724400052447274,-0.13517524411165588,False,False,False,False,False,False,False,False,False,False,False,False,False,True,False,False
"3.25 tỷ | Căn hộ Vinhomes Grand Park hướng Tây Bắc, diện tích 69m² | A09107084 • Nguyễn Xiển, Long Thạnh Mỹ, | 2 | 2 | 69 m²",3250.0,-0.03383251959260402,-0.616900677322211,-0.205709030060077,0.9724400052447274,-0.13517524411165588,False,False,False,False,False,False,False,False,False,False,False,False,False,True,True,False
"3 tỷ | Căn hộ Vinhomes Grand Park hướng Đông Nam, diện tích 59.2m² | A09142804 • Nguyễn Xiển, Long Thạnh Mỹ, | 2 | 2 | 59.2 m²",3000.0,-0.03914413481839922,-0.5711259416145097,-0.5791416357440328,0.9724400052447274,-0.13517524411165588,False,False,False,False,False,False,False,False,False,False,False,False,False,True,True,False
"GIẢM GIÁ | 3.2 tỷ | -2% | Căn hộ Vinhomes Grand Park hướng Bắc, diện tích 69.2m² | A09142884 • Nguyễn Xiển, Long Thạnh Mỹ, | 2 | 2 | 69.2 m²",3200.0,-0.0337241192818735,-0.6278976325947715,-0.19864492337062795,0.9724400052447274,-0.13517524411165588,False,False,False,False,False,False,False,False,False,False,False,False,False,True,True,False
"4.35 tỷ | Căn hộ Vinhomes Grand Park hướng Tây Bắc, diện tích 69.5m² | A09136714 • Nguyễn Xiển, Long Thạnh Mỹ, | 2 | 2 | 69.5 m²",4350.0,-0.033561518815777736,-0.41854138404772623,-0.18808640965096227,0.9724400052447274,-0.13517524411165588,False,False,False,False,False,False,False,False,False,False,False,False,False,True,True,False
"GIẢM GIÁ | 4 tỷ | -7% | Căn hộ Vinhomes Grand Park hướng Đông Nam, diện tích 82.3m² | A09115739 • Nguyễn Xiển, Long Thạnh Mỹ, | 3 | 2 | 82.3 m²",4000.0,-0.026623898929024815,-0.5976746635595295,0.2249937423159356,0.9724400052447274,-0.13517524411165588,False,False,False,False,False,False,False,False,False,False,False,False,False,True,True,False
"GIẢM GIÁ | 2.4 tỷ | -2% | Căn hộ Vinhomes Grand Park hướng Đông Nam, diện tích 47m² | A09140654 • Nguyễn Xiển, Long Thạnh Mỹ, | 1 | 1 | 47 m²",2400.0,-0.0457565537729606,-0.5661548933706478,-1.139877365467433,0.9724400052447274,-0.13517524411165588,False,False,False,False,False,False,False,False,False,False,False,False,False,True,False,True
"3.05 tỷ | Bán Căn hộ 2PN+ 70m2 Vinhomes Grand Park - The Origami view trọn hồ bơi chỉ 3,055 tỷ | A09198543 • Nguyễn Xiển, Long Thạnh Mỹ, | 2 | 2 | 69 m²",3050.0,-0.033290518038951444,-0.6621092753984591,-0.1705883317692301,0.9724400052447274,-0.13517524411165588,False,False,False,False,False,False,False,False,False,False,False,False,False,True,True,False
"3.4 tỷ | Căn hộ Vinhomes Grand Park hướng Đông, diện tích 59.2m² | A09143338 • Nguyễn Xiển, Long Thạnh Mỹ, | 2 | 14 | 59.2 m²",3400.0,-0.03914413481839922,-0.48459287959173164,-0.5791416357440328,0.9724400052447274,-0.13517524411165588,False,False,False,False,False,False,False,False,False,False,False,False,False,True,True,False
"GIẢM GIÁ | 3.9 tỷ | -7% | Căn hộ Vinhomes Grand Park hướng ban công đông nam nội thất cơ bản diện tích 85.2m². | A09121266 • Nguyễn Xiển, Long Thạnh Mỹ, | 2 | 2 | 85.2 m²",3900.0,-0.025052094423432356,-0.6338928809690598,0.3097253896329735,0.9724400052447274,-0.13517524411165588,False,False,False,False,False,False,False,False,False,False,False,False,False,True,True,False
"3.4 tỷ | Căn hộ Vinhomes Grand Park, diện tích 62.5m² | A09117917 • Nguyễn Xiển, Long Thạnh Mỹ, | 2 | 2 | 62.5 m²",3400.0,-0.037355529691345736,-0.5234289178275543,-0.44700529603542577,0.9724400052447274,-0.13517524411165588,False,False,False,False,False,False,False,False,False,False,False,False,False,True,True,False
"GIẢM GIÁ | 3.85 tỷ | -1% | Căn hộ Vinhomes Grand Park hướng Tây Bắc, diện tích 81.5m² | A09138650 • Nguyễn Xiển, Long Thạnh Mỹ, | 3 | 2 | 81.5 m²",3850.0,-0.02705750017194687,-0.6151357013794684,0.20110002043285183,0.9724400052447274,-0.13517524411165588,False,False,False,False,False,False,False,False,False,False,False,False,False,True,True,False
"3.9 tỷ | Bán căn 3PN Vinhomes Grand Park Quận 9, đầy đủ nội thất xịn, view đẹp, vị trí vàng | A09136842 • Nguyễn Xiển, Long Thạnh Mỹ, | 3 | 2 | 82 m²",3900.0,-0.026786499395120587,-0.6110155726445219,0.21606059595042093,-0.6557443854688363,-0.13517524411165588,False,False,False,False,False,False,False,False,False,True,False,False,False,False,True,False
"GIẢM GIÁ | 4 tỷ | -13% | Căn hộ Vinhomes Grand Park hướng Tây Nam, diện tích 81.5m² | A09105866 • Nguyễn Xiển, Long Thạnh Mỹ, | 3 | 2 | 81.5 m²",4000.0,-0.02705750017194687,-0.591564732337681,0.20110002043285183,0.9724400052447274,-0.13517524411165588,False,False,False,False,False,False,False,False,False,False,False,False,False,True,True,False
"8 tỷ | Căn hộ The Metropole Thủ Thiêm hướng Đông Bắc, diện tích 46.11m² | A02198955 • Đường R2, An Khánh, Quận 2, | 1 | 1 | 46.11 m²",8000.0,-0.04623893515571138,1.0018484513792436,-1.1862168794858703,-0.6557443854688363,-0.13517524411165588,False,False,False,False,True,False,False,False,False,False,False,False,False,False,False,True
"20 tỷ | Căn hộ The Metropole Thủ Thiêm hướng Đông Nam, diện tích 70m² | A02198960 • Đường R2, An Khánh, Quận 2, | 2 | 2 | 70 m²",20000.0,-0.033290518038951444,2.4389884301778397,-0.1705883317692301,-0.6557443854688363,-0.13517524411165588,False,False,False,False,True,False,False,False,False,False,False,False,False,False,True,False
"8 tỷ | Căn hộ Masteri Lumiere Riverside 2 phòng diện tích 72.8m² | A02191353 • Xa Lộ Hà Nội, An Phú, Quận 2, | 2 | 2 | 72.8 m²",8000.0,-0.031772913688724244,0.18722699204664947,-0.07482073660818724,-0.6557443854688363,-0.13517524411165588,False,False,False,False,True,False,False,False,False,False,False,False,False,False,True,False
"9 tỷ | Căn hộ Masteri Lumiere Riverside, diện tích 76.2m² | A02191627 • Xa Lộ Hà Nội, An Phú, Quận 2, | 2 | 2 | 76.2 m²",9000.0,-0.0299301084063055,0.29250127188053854,0.03669864540798076,-0.6557443854688363,-0.13517524411165588,False,False,False,False,True,False,False,False,False,False,False,False,False,False,True,False
"12 tỷ | Căn hộ Lumiere Riverside hướng Đông Nam, diện tích 93.2m² | A02191786 • Xa Lộ Hà Nội, An Phú, Quận 2, | 3 | 2 | 93.2 m²",12000.0,-0.020716081994211783,0.42883229656716315,0.5294675340375303,-0.6557443854688363,-0.13517524411165588,False,False,False,False,True,False,False,False,False,False,False,False,False,False,True,False
"8.5 tỷ | Căn hộ Masteri Lumiere Riverside, diện tích 71.7m² | A02191450 • Xa Lộ Hà Nội, An Phú, Quận 2, | 2 | 2 | 71.7 m²",8500.0,-0.03236911539774207,0.2981270280076083,-0.11200320311271778,-0.6557443854688363,-0.13517524411165588,False,False,False,False,True,False,False,False,False,False,False,False,False,False,True,False
"6.8 tỷ | Căn hộ Masteri Lumiere Riverside giá tốt | A02191365 • Xa Lộ Hà Nội, An Phú, Quận 2, | 2 | 2 | 68.9 m²",6800.0,-0.03388671974796927,0.04383652310904988,-0.2092486557024024,-0.6557443854688363,-0.13517524411165588,False,False,False,False,True,False,False,False,False,False,False,False,False,False,True,False
"5.4 tỷ | Căn hộ Masteri Lumiere Riverside, diện tích 48.2m² | A02191367 • Xa Lộ Hà Nội, An Phú, Quận 2, | 1 | 1 | 48.2 m²",5400.0,-0.04510615190857751,0.21467325438901605,-1.0787392538917044,-0.6557443854688363,-0.13517524411165588,False,False,False,False,True,False,False,False,False,False,False,False,False,False,False,True
"7.5 tỷ | Căn hộ Masteri Lumiere Riverside, diện tích 73.2m² | A02191350 • Xa Lộ Hà Nội, An Phú, Quận 2, | 2 | 2 | 73.2 m²",7500.0,-0.03155611306726321,0.09205777142891208,-0.06143709474981222,-0.6557443854688363,-0.13517524411165588,False,False,False,False,True,False,False,False,False,False,False,False,False,False,True,False
"9 tỷ | Căn hộ Masteri Lumiere Riverside, diện tích 76.2m² | A02191678 • Xa Lộ Hà Nội, An Phú, Quận 2, | 2 | 2 | 76.2 m²",9000.0,-0.0299301084063055,0.29250127188053854,0.03669864540798076,-0.6557443854688363,-0.13517524411165588,False,False,False,False,True,False,False,False,False,False,False,False,False,False,True,False
"8.4 tỷ | Căn hộ Masteri Lumiere Riverside 2 PHÒNG NGỦ - diện tích 73.1m² | A02191293 • Xa Lộ Hà Nội, An Phú, Quận 2, | 2 | 2 | 73.1 m²",8400.0,-0.03161031322262848,0.25153002901106614,-0.06477622905916756,-0.6557443854688363,-0.13517524411165588,False,False,False,False,True,False,False,False,False,False,False,False,False,False,True,False
"7.7 tỷ | Căn hộ Masteri Lumiere Riverside 2 Phòng Ngủ view sông | A02191484 • Xa Lộ Hà Nội, An Phú, Quận 2, | 2 | 2 | 72.8 m²",7700.0,-0.031772913688724244,0.13445133334044965,-0.07482073660818724,-0.6557443854688363,-0.13517524411165588,False,False,False,False,True,False,False,False,False,False,False,False,False,False,True,False
"7.2 tỷ | Căn hộ 2 phòng ngủ Masteri Lumiere Riverside | A02191328 • Xa Lộ Hà Nội, An Phú, Quận 2, | 2 | 2 | 68.9 m²",7200.0,-0.03388671974796927,0.11818713663224953,-0.2092486557024024,-0.6557443854688363,-0.13517524411165588,False,False,False,False,True,False,False,False,False,False,False,False,False,False,True,False
"9 tỷ | Căn hộ Masteri Lumiere Riverside hướng Tây Bắc, diện tích 73.8m² | A02191504 • Xa Lộ Hà Nội, An Phú, Quận 2, | 2 | 2 | 73.8 m²",9000.0,-0.031230912135071676,0.34169233460138043,-0.041496307381299974,-0.6557443854688363,-0.13517524411165588,False,False,False,False,True,False,False,False,False,False,False,False,False,False,True,False
"5.9 tỷ | Căn hộ Masteri Lumiere Riverside 1 Phòng Ngủ, diện tích 48.2m² | A02191423 • Xa Lộ Hà Nội, An Phú, Quận 2, | 1 | 1 | 48.2 m²",5900.0,-0.04510615190857751,0.3475248433866419,-1.0787392538917044,-0.6557443854688363,-0.13517524411165588,False,False,False,False,True,False,False,False,False,False,False,False,False,False,False,True
"GIẢM GIÁ | 8.4 tỷ | -3% | Căn hộ Masteri Lumiere Riverside 2 Phòng Ngủ, diện tích 76.2m² | A02191700 • Xa Lộ Hà Nội, An Phú, Quận 2, | 2 | 2 | 76.2 m²",8400.0,-0.0299301084063055,0.19165959330281299,0.03669864540798076,-0.6557443854688363,-0.13517524411165588,False,False,False,False,True,False,False,False,False,False,False,False,False,False,True,False
"5.1 tỷ | Căn hộ Lumiere Riverside, diện tích 48.2m² | A02191535 • Xa Lộ Hà Nội, An Phú, Quận 2, | 1 | 1 | 48.2 m²",5100.0,-0.04510615190857751,0.13496230099044038,-1.0787392538917044,-0.6557443854688363,-0.13517524411165588,False,False,False,False,True,False,False,False,False,False,False,False,False,False,False,True
"13 tỷ | Căn hộ Masteri Lumiere Riverside 3 phòng ngủ, diện tích 95.7m² | A02191614 • Xa Lộ Hà Nội, An Phú, Quận 2, | 3 | 2 | 95.7 m²",13000.0,-0.019361078110080355,0.5195794509139748,0.5943211032838229,-0.6557443854688363,-0.13517524411165588,False,False,False,False,True,False,False,False,False,False,False,False,False,False,True,False
"7.8 tỷ | Chuyển nhượng Căn hộ 2 PN Masteri Lumiere Riverside | A02191572 • Xa Lộ Hà Nội, An Phú, Quận 2, | 2 | 2 | 73.2 m²",7800.0,-0.03155611306726321,0.14454503855748219,-0.06143709474981222,-0.6557443854688363,-0.13517524411165588,False,False,False,False,True,False,False,False,False,False,False,False,False,False,True,False
"8.77 tỷ | Căn hộ Masteri Lumiere Riverside, diện tích 71.7m² view sông | A02191357 • Xa Lộ Hà Nội, An Phú, Quận 2, | 2 | 2 | 71.7 m²",8770.0,-0.03236911539774207,0.3463538224069139,-0.11200320311271778,-0.6557443854688363,-0.13517524411165588,False,False,False,False,True,False,False,False,False,False,False,False,False,False,True,False
"10 tỷ | Bán 3PN Lumiere Boulevard, giá CĐT - đóng 20% 1,8 tỷ nhận nhà ở ngay, trả giãn đến T8/2027 - ko vay | A09198674 • Nguyễn Xiển, Long Thạnh Mỹ, | 3 | 2 | 97.45 m²",10000.0,-0.018412575391188353,0.09407754825530647,0.6387285811431979,0.9724400052447274,-0.13517524411165588,False,False,False,False,False,False,False,False,False,False,False,False,False,True,True,False
"5.9 tỷ | 🎯 NHẬN NHÀ SANG – TRẢI NGHIỆM “VÀNG” Khoản đầu tư “đáng giá” với siêu chính sách từ Masteri Centre Point | A09198565 • Nguyễn Xiển, Long Thạnh Mỹ, | 3 | 2 | 97.5 m²",5900.0,-0.018385475313505727,-0.4451426784951933,0.6399857366488153,0.9724400052447274,-0.13517524411165588,False,False,False,False,False,False,False,False,False,False,False,False,False,True,True,False
"3 tỷ | Mua bán căn hộ 1PN chung cư LUMIÈRE Boulevard Quận 9 đẹp giá tốt chỉ 2,8 tỷ | A09198536 • Nguyễn Xiển, Long Thạnh Mỹ, | 1 | 1 | 50.07 m²",3000.0,-0.0440926090032472,-0.4527845910650843,-0.9863767021431479,-0.6557443854688363,-0.13517524411165588,False,False,False,False,False,False,False,False,False,True,False,False,False,False,True,False
"5.1 tỷ | Chỉ với 5% thanh toán ban đầu, các cư dân tương lai sẽ sở hữu và nhận nhà ngay | A09188837 • Nguyễn Xiển, Long Thạnh Mỹ, | 2 | 2 | 70.6 m²",5100.0,-0.03296531710675991,-0.2949800652160409,-0.14975257586584764,0.9724400052447274,-0.13517524411165588,False,False,False,False,False,False,False,False,False,False,False,False,False,True,True,False
"4.89 tỷ | Cho thuê căn hộ LUMIÈRE Boulevard đủ nội thất giá 13 triệu | A09198600 • Nguyễn Xiển, Long Thạnh Mỹ, | 2 | 2 | 73.88 m²",4890.0,-0.03118755201077947,-0.37245596353785004,-0.038849628652402365,0.9724400052447274,-0.13517524411165588,False,False,False,False,False,False,False,False,False,False,False,False,False,True,True,False
"19.7 tỷ | Căn hộ The Metropole Thủ Thiêm hướng Đông Bắc, diện tích 80m² | A02198774 • Đường R2, An Khánh, Quận 2, | 2 | 2 | 80 m²",19700.0,-0.02787050250242573,1.9335735386347999,0.1556681454901363,-0.6557443854688363,-0.13517524411165588,False,False,False,False,True,False,False,False,False,False,False,False,False,False,True,False
"6.73 tỷ | Căn hộ Lumiere Riverside, diện tích 52.7m² | A02198954 • Xa Lộ Hà Nội, An Phú, Quận 2, | 1 | 1 | 52.7 m²",6730.0,-0.04266714491714094,0.4153673853810274,-0.8620440994753137,-0.6557443854688363,-0.13517524411165588,False,False,False,False,True,False,False,False,False,False,False,False,False,False,True,False
"GIẢM GIÁ | 2 tỷ | -4% | Căn hộ The Beverly hướng Tây Bắc, diện tích 28.6m² | A09198753 • Nguyễn Xiển, Long Bình, Quận 9, | 1 | 1 | 28.6 m²",2000.0,-0.05572938236016792,-0.32453697116498476,-2.336826142450959,-0.6557443854688363,-0.13517524411165588,False,False,False,False,False,False,False,False,False,True,False,False,False,False,False,True
"25 tỷ | Căn hộ Grand Marina Saigon hướng Đông Nam, diện tích 63.12m² | A01198615 • Tôn Đức Thắng, Bến Nghé, Quận 1, | 1 | 1 | 63.12 m²",25000.0,-0.03701948872808113,3.8523147732570933,-0.42294774924639594,-3.0980209715391815,6.666686314666153,False,False,False,True,False,False,False,False,False,False,False,False,False,False,True,False
"GIẢM GIÁ | 7.25 tỷ | -3% | Căn hộ Masteri Lumiere Riverside, diện tích 74.2m² suất SPA | A02190978 • Xa Lộ Hà Nội, An Phú, Quận 2, | 2 | 2 | 74.2 m²",7250.0,-0.031014111513610644,0.0312234726006499,-0.02829111493273669,-0.6557443854688363,-0.13517524411165588,False,False,False,False,True,False,False,False,False,False,False,False,False,False,True,False
"5.5 tỷ | Căn hộ Masteri Lumiere Riverside hướng Đông Nam, diện tích 52.7m² | A02190940 • Xa Lộ Hà Nội, An Phú, Quận 2, | 1 | 1 | 52.7 m²",5500.0,-0.04266714491714094,0.11645887284542,-0.8620440994753137,-0.6557443854688363,-0.13517524411165588,False,False,False,False,True,False,False,False,False,False,False,False,False,False,True,False
"7.2 tỷ | Chuyển nhượng Căn hộ Masteri Lumiere Riverside 2 phòng ngủ | A02190934 • Xa Lộ Hà Nội, An Phú, Quận 2, | 2 | 2 | 72.6 m²",7200.0,-0.03188131399945476,0.04998120191262024,-0.08153978473459045,-0.6557443854688363,-0.13517524411165588,False,False,False,False,True,False,False,False,False,False,False,False,False,False,True,False
"8.6 tỷ | Căn hộ Masteri Lumiere Riverside 2 Phòng Ngủ, diện tích 75m² | A02191120 • Xa Lộ Hà Nội, An Phú, Quận 2, | 2 | 2 | 75 m²",8600.0,-0.030580510270688588,0.24839984444921342,-0.0020901538724554937,-0.6557443854688363,-0.13517524411165588,False,False,False,False,True,False,False,False,False,False,False,False,False,False,True,False
"8 tỷ | Căn hộ Masteri Lumiere Riverside 2 Phòng Ngủ, diện tích 74.2m² | A02191225 • Xa Lộ Hà Nội, An Phú, Quận 2, | 2 | 2 | 74.2 m²",8000.0,-0.031014111513610644,0.16067320150264944,-0.02829111493273669,-0.6557443854688363,-0.13517524411165588,False,False,False,False,True,False,False,False,False,False,False,False,False,False,True,False
"7.4 tỷ | Căn hộ Masteri Lumiere Riverside, diện tích 74.2m² | A02190964 • Xa Lộ Hà Nội, An Phú, Quận 2, | 2 | 2 | 74.2 m²",7400.0,-0.031014111513610644,0.05711341838104981,-0.02829111493273669,-0.6557443854688363,-0.13517524411165588,False,False,False,False,True,False,False,False,False,False,False,False,False,False,True,False
"8.8 tỷ | Căn hộ Masteri Lumiere Riverside 2 Phòng Ngủ, diện tích 76.8m² | A02191067 • Xa Lộ Hà Nội, An Phú, Quận 2, | 2 | 2 | 76.8 m²",8800.0,-0.02960490747411396,0.24733260335093257,0.05586752346362808,-0.6557443854688363,-0.13517524411165588,False,False,False,False,True,False,False,False,False,False,False,False,False,False,True,False
"7.8 tỷ | Căn hộ Masteri Lumiere Riverside 2 Phòng Ngủ, diện tích 76.8m² | A02191105 • Xa Lộ Hà Nội, An Phú, Quận 2, | 2 | 2 | 76.8 m²",7800.0,-0.02960490747411396,0.08057618174453732,0.05586752346362808,-0.6557443854688363,-0.13517524411165588,False,False,False,False,True,False,False,False,False,False,False,False,False,False,True,False
"GIẢM GIÁ | 5.65 tỷ | -3% | Căn hộ Masteri Lumiere Riverside 1 Phòng Ngủ, diện tích 49.4m² | A02191002 • Xa Lộ Hà Nội, An Phú, Quận 2, | 1 | 1 | 49.4 m²",5650.0,-0.04445575004419442,0.2446320944990071,-1.019074494168508,-0.6557443854688363,-0.13517524411165588,False,False,False,False,True,False,False,False,False,False,False,False,False,False,False,True
"GIẢM GIÁ | 12.8 tỷ | -7% | Căn hộ Masteri Lumiere Riverside 3 Phòng Ngủ, diện tích 96.4m² | A02191108 • Xa Lộ Hà Nội, An Phú, Quận 2, | 3 | 2 | 96.4 m²",12800.0,-0.01898167702252355,0.4803764323842678,0.6121797834957375,-0.6557443854688363,-0.13517524411165588,False,False,False,False,True,False,False,False,False,False,False,False,False,False,True,False
"16 tỷ | Căn hộ Masteri Lumiere Riverside suất SPA 3 phòng ngủ tầng cao thoáng mát | A02191233 • Xa Lộ Hà Nội, An Phú, Quận 2, | 3 | 2 | 95.6 m²",16000.0,-0.019415278265445614,0.9232891776282363,0.5917593154555761,-0.6557443854688363,-0.13517524411165588,False,False,False,False,True,False,False,False,False,False,False,False,False,False,True,False
"7.8 tỷ | Căn hộ Masteri Lumiere Riverside 2 Phòng Ngủ, diện tích 75.4m² | A02191237 • Xa Lộ Hà Nội, An Phú, Quận 2, | 2 | 2 | 75.4 m²",7800.0,-0.030363709649227556,0.10472711177029094,0.010907081826812314,-0.6557443854688363,-0.13517524411165588,False,False,False,False,True,False,False,False,False,False,False,False,False,False,True,False
"9.9 tỷ | Căn hộ Masteri Lumiere Riverside 2 phòng ngủ suất SPA | A02191107 • Xa Lộ Hà Nội, An Phú, Quận 2, | 2 | 2 | 75 m²",9900.0,-0.030580510270688588,0.47038599289164656,-0.0020901538724554937,-0.6557443854688363,-0.13517524411165588,False,False,False,False,True,False,False,False,False,False,False,False,False,False,True,False
"12.5 tỷ | Căn hộ Masteri Lumiere Riverside 3 phòng ngủ tầng cao thoáng mát | A02191241 • Xa Lộ Hà Nội, An Phú, Quận 2, | 3 | 2 | 96.4 m²",12500.0,-0.01898167702252355,0.44052095568498023,0.6121797834957375,-0.6557443854688363,-0.13517524411165588,False,False,False,False,True,False,False,False,False,False,False,False,False,False,True,False
"10.1 tỷ | Căn hộ Masteri Lumiere Riverside 3 phòng ngủ giá cực tốt | A02190935 • Xa Lộ Hà Nội, An Phú, Quận 2, | 3 | 2 | 95.6 m²",10100.0,-0.019415278265445614,0.1329056027507283,0.5917593154555761,-0.6557443854688363,-0.13517524411165588,False,False,False,False,True,False,False,False,False,False,False,False,False,False,True,False
"9 tỷ | Căn hộ Masteri Lumiere Riverside, diện tích 76.8m² | A02191118 • Xa Lộ Hà Nội, An Phú, Quận 2, | 2 | 2 | 76.8 m²",9000.0,-0.02960490747411396,0.2806838876722115,0.05586752346362808,-0.6557443854688363,-0.13517524411165588,False,False,False,False,True,False,False,False,False,False,False,False,False,False,True,False
"8.7 tỷ | Căn hộ Masteri Lumiere Riverside 2 Phòng Ngủ, diện tích 75.4m² | A02191171 • Xa Lộ Hà Nội, An Phú, Quận 2, | 2 | 2 | 75.4 m²",8700.0,-0.030363709649227556,0.2575945369882489,0.010907081826812314,-0.6557443854688363,-0.13517524411165588,False,False,False,False,True,False,False,False,False,False,False,False,False,False,True,False
"GIẢM GIÁ | 7.2 tỷ | -4% | Căn góc 2PN Saigon Royal - View hồ bơi đẹp, đầy đủ nội thất | A04186659 • Bến Vân Đồn, Phường 12, Quận 4, | 2 | 2 | 81.5 m²",7200.0,-0.02705750017194687,-0.08871739277955018,0.20110002043285183,-2.4874518250215956,-0.13517524411165588,False,False,False,False,False,True,False,False,False,False,False,False,False,False,True,False
"3.5 tỷ | Căn hộ Vinhomes Grand Park hướng ban công tây nam nội thất cơ bản diện tích 81.3m². | A09129396 • Nguyễn Xiển, Long Thạnh Mỹ, | 3 | 2 | 81.3 m²",3500.0,-0.027165900482677387,-0.6687816419907688,0.19509038710600426,0.9724400052447274,-0.13517524411165588,False,False,False,False,False,False,False,False,False,False,False,False,False,True,True,False
"2.1 tỷ | Căn hộ Vinhomes Grand Park hướng Đông Bắc, diện tích 51.4m² | A09129564 • Nguyễn Xiển, Long Thạnh Mỹ, | 1 | 1 | 51.4 m²",2100.0,-0.04337174693688928,-0.6968850803908037,-0.9227211799138538,0.9724400052447274,-0.13517524411165588,False,False,False,False,False,False,False,False,False,False,False,False,False,True,True,False
"2.8 tỷ | Căn hộ Green River tầng 6 đầy đủ nội thất, tiện ích đa dạng. | A08102333 • Phạm Thế Hiển, Phường 6, Quận 8, | 2 | 2 | 74 m²",2800.0,-0.03112251182434116,-0.7355387594577878,-0.034884907684953156,-0.6557443854688363,-0.13517524411165588,False,False,False,False,False,False,False,False,True,False,False,False,False,False,True,False
"2.9 tỷ | Căn hộ 1 phòng ngủ Vinhomes Grand Park đầy đủ nội thất. | A09105290 • Nguyễn Xiển, Long Thạnh Mỹ, | 1 | 1 | 58.5 m²",2900.0,-0.03952353590595602,-0.5852522790900229,-0.6081006525924566,0.9724400052447274,-0.13517524411165588,False,False,False,False,False,False,False,False,False,False,False,False,False,True,True,False
"GIẢM GIÁ | 3.3 tỷ | -6% | Căn hộ Vinhomes Grand Park hướng Tây Nam, diện tích 81.3m² | A09129569 • Nguyễn Xiển, Long Thạnh Mỹ, | 3 | 2 | 81.3 m²",3300.0,-0.027165900482677387,-0.7002869142647447,0.19509038710600426,0.9724400052447274,-0.13517524411165588,False,False,False,False,False,False,False,False,False,False,False,False,False,True,True,False
"2.4 tỷ | Căn hộ Vinhomes Grand Park hướng Tây Nam, diện tích 70.1m² | A09128890 • Nguyễn Xiển, Long Thạnh Mỹ, | 2 | 2 | 70.1 m²",2400.0,-0.03323631788358619,-0.7816568079195707,-0.16710350682363054,0.9724400052447274,-0.13517524411165588,False,False,False,False,False,False,False,False,False,False,False,False,False,True,True,False
"2.9 tỷ | Căn hộ Vinhomes Grand Park đủ tiện nghi, view thành phố. | A0974514 • Nguyễn Xiển, Long Thạnh Mỹ, Quận 9, | 2 | 2 | 70 m²",2900.0,-0.033290518038951444,-0.6895526179256829,-0.1705883317692301,-0.6557443854688363,-0.13517524411165588,False,False,False,False,False,False,False,False,False,True,False,False,False,False,True,False
"2.35 tỷ | Bán căn 2PN view hồ bơi có sổ hồng Vinhomes Grand Park đủ nội thất | A0983558 • Nguyễn Xiển, Long Thạnh Mỹ, Quận 9, | 2 | 1 | 58.5 m²",2350.0,-0.03952353590595602,-0.7056589671012046,-0.6081006525924566,-0.6557443854688363,-0.13517524411165588,False,False,False,False,False,False,False,False,False,True,False,False,False,False,True,False
"GIẢM GIÁ | 2.05 tỷ | -18% | Căn hộ tầng 7 Vinhomes Gand Park đầy đủ tiện nghi cao cấp. | A0974037 • Nguyễn Xiển, Long Thạnh Mỹ, Quận 9, | 1 | 1 | 47 m²",2050.0,-0.0457565537729606,-0.6615253744936245,-1.139877365467433,-0.6557443854688363,-0.13517524411165588,False,False,False,False,False,False,False,False,False,True,False,False,False,False,False,True
"2.5 tỷ | Căn hộ Vinhomes Grand Park hướng Đông Bắc, diện tích 58.5m² | A09129537 • Nguyễn Xiển, Long Thạnh Mỹ, | 2 | 1 | 58.5 m²",2500.0,-0.03952353590595602,-0.6728207794617914,-0.6081006525924566,0.9724400052447274,-0.13517524411165588,False,False,False,False,False,False,False,False,False,False,False,False,False,True,True,False
"3.3 tỷ | Căn hộ cao cấp Vinhomes Central Park tầng 30, không có nội thất. | A0983417 • Nguyễn Xiển, Long Thạnh Mỹ, Quận 9, | 2 | 2 | 69.4 m²",3300.0,-0.03361571897114299,-0.6111505999852759,-0.1916009137401609,-0.6557443854688363,-0.13517524411165588,False,False,False,False,False,False,False,False,False,True,False,False,False,False,True,False
"2.6 tỷ | Căn hộ Vinhomes Grand Park hướng ban công đông nam đầy đủ nội thất diện tích 59m² | A09118013 • Nguyễn Xiển, Long Thạnh Mỹ, | 2 | 2 | 59 m²",2600.0,-0.03925253512912973,-0.65575234294865,-0.5873811365761936,0.9724400052447274,-0.13517524411165588,False,False,False,False,False,False,False,False,False,False,False,False,False,True,True,False
"GIẢM GIÁ | 3.4 tỷ | -6% | Căn hộ Vinhomes Grand Park hướng ban công tây bắc nội thất cơ bản diện tích 81.7m² | A09127900 • Nguyễn Xiển, Long Thạnh Mỹ, | 3 | 2 | 81.7 m²",3400.0,-0.026949099861216356,-0.6871565039718576,0.20709510257518138,0.9724400052447274,-0.13517524411165588,False,False,False,False,False,False,False,False,False,False,False,False,False,True,True,False
"2.6 tỷ | Căn hộ Vinhomes Grand Park hướng Tây Bắc, diện tích 69m² | A09128001 • Nguyễn Xiển, Long Thạnh Mỹ, | 2 | 2 | 69 m²",2600.0,-0.03383251959260402,-0.7375453232148378,-0.205709030060077,0.9724400052447274,-0.13517524411165588,False,False,False,False,False,False,False,False,False,False,False,False,False,True,True,False
"GIẢM GIÁ | 7.3 tỷ | -4% | Căn hộ Masteri Centre Point hướng Đông Nam, diện tích 99.37m² | A09189253 • Nguyễn Xiển, Long Thạnh Mỹ, | 3 | 2 | 99.37 m²",7300.0,-0.017371932408175417,-0.2792934729581397,0.6865507901608463,0.9724400052447274,-0.13517524411165588,False,False,False,False,False,False,False,False,False,False,False,False,False,True,True,False
"9.3 tỷ | Căn hộ 2PN Eaton Park hướng Tây Nam, diện tích 74m² thanh toán giãn trong 5 năm | A02198781 • Mai Chí Thọ, An Phú, Quận 2, | 2 | 2 | 74 m²",9300.0,-0.03112251182434116,0.38939104683832637,-0.034884907684953156,-0.6557443854688363,-0.13517524411165588,False,False,False,False,True,False,False,False,False,False,False,False,False,False,True,False
"7 tỷ | Căn hộ 1PN Eaton Park hướng Đông Bắc, diện tích 55m² giá tốt ở giai đoạn 1 | A02198782 • Mai Chí Thọ, An Phú, Quận 2, | 1 | 1 | 55 m²",7000.0,-0.04142054134374002,0.40984431604371013,-0.7582052589513175,-0.6557443854688363,-0.13517524411165588,False,False,False,False,True,False,False,False,False,False,False,False,False,False,True,False
"6.4 tỷ | Căn hộ Masteri Thảo Điền đầy đủ nội thất diện tích 64.6m² | A02198783 • Xa Lộ Hà Nội, Thảo Điền, Quận 2, | 2 | 2 | 64.6 m²",6400.0,-0.03621732642867534,0.04867046392634788,-0.3664477302822372,-0.6557443854688363,-0.13517524411165588,False,False,False,False,True,False,False,False,False,False,False,False,False,False,True,False
"1.77 tỷ | Căn hộ Conic Garden không có nội thất diện tích 54.1m². | ABC118222 • Số 4, Phong Phú, Bình Chánh, | 2 | 1 | 54.1 m²",1770.0,-0.04190834274202734,-0.8011183443549024,-0.7983208249233861,-0.04517523895124991,-0.13517524411165588,False,False,False,False,False,False,False,False,False,False,False,False,False,False,True,False
"80 tỷ | Căn hộ The River Thủ Thiêm, diện tích 292 m² | A02198773 • Lương Định Của, An Khánh, Quận 2, | 5 | 4 | 292 m²",80000.0,0.08703382687191945,2.288613950576613,3.339077909020197,-0.6557443854688363,-0.13517524411165588,False,False,False,False,True,False,False,False,False,False,False,False,False,False,False,False
"GIẢM GIÁ | 1.8 tỷ | -3% | Căn hộ Vinhomes Grand Park có 1 phòng ngủ, cửa hướng Đông Bắc. | A0989635 • Nguyễn Xiển, Long Thạnh Mỹ, Quận 9, | 1 | 1 | 46.5 m²",1800.0,-0.04602755454978688,-0.7243732030677519,-1.1658039658741994,-0.6557443854688363,-0.13517524411165588,False,False,False,False,False,False,False,False,False,True,False,False,False,False,False,True
"GIẢM GIÁ | 1.95 tỷ | -2% | Căn hộ Vinhomes Grand Park tầng cao, thiết kế hiện đại. | A0967327 • Nguyễn Xiển, Long Thạnh Mỹ, Quận 9, | 1 | 1 | 46.5 m²",1950.0,-0.04602755454978688,-0.6830606444246191,-1.1658039658741994,-0.6557443854688363,-0.13517524411165588,False,False,False,False,False,False,False,False,False,True,False,False,False,False,False,True
"2.85 tỷ | Căn hộ Vinhomes Grand Park thiết kế kỹ lưỡng, không nội thất. | A0983426 • Nguyễn Xiển, Long Thạnh Mỹ, Quận 9, | 2 | 2 | 69.3 m²",2850.0,-0.03366991912650825,-0.6934334946467045,-0.19512041357246315,-0.6557443854688363,-0.13517524411165588,False,False,False,False,False,False,False,False,False,True,False,False,False,False,True,False
"GIẢM GIÁ | 2.7 tỷ | -10% | Căn hộ tầng cao Vinhomes Grand Park 2 phòng ngủ, view nội khu. | A0964418 • Nguyễn Xiển, Long Thạnh Mỹ, Quận 9, | 2 | 2 | 67 m²",2700.0,-0.034916522699909164,-0.7040252264226269,-0.277481235499105,-0.6557443854688363,-0.13517524411165588,False,False,False,False,False,False,False,False,False,True,False,False,False,False,True,False
"4.1 tỷ | Căn hộ Vinhomes Grand Park hướng Tây Bắc, diện tích 81.7m² | A09128781 • Nguyễn Xiển, Long Thạnh Mỹ, | 3 | 1 | 81.7 m²",4100.0,-0.026949099861216356,-0.577427921039669,0.20709510257518138,0.9724400052447274,-0.13517524411165588,False,False,False,False,False,False,False,False,False,False,False,False,False,True,True,False
"GIẢM GIÁ | 2.75 tỷ | -4% | Căn hộ Vinhomes Grand Park hướng Tây Bắc, diện tích 69m² | A09159189 • Nguyễn Xiển, Long Thạnh Mỹ, | 2 | 2 | 69 m²",2750.0,-0.03383251959260402,-0.70970425108577,-0.205709030060077,0.9724400052447274,-0.13517524411165588,False,False,False,False,False,False,False,False,False,False,False,False,False,True,True,False
"1.98 tỷ | Căn hộ Vinhomes Grand Park hướng Đông Nam, diện tích 47.2m² | A09128279 • Nguyễn Xiển, Long Thạnh Mỹ, | 1 | 1 | 47.2 m²",1980.0,-0.04564815346223008,-0.6828855912100297,-1.1295822665802,0.9724400052447274,-0.13517524411165588,False,False,False,False,False,False,False,False,False,False,False,False,False,True,False,True
"GIẢM GIÁ | 1.65 tỷ | -3% | Căn hộ Vinhomes Grand Park nội thất cơ bản, đón view Đông Nam. | A0977346 • Nguyễn Xiển, Long Thạnh Mỹ, Quận 9, | 1 | 1 | 47 m²",1650.0,-0.0457565537729606,-0.7705202100627406,-1.139877365467433,-0.6557443854688363,-0.13517524411165588,False,False,False,False,False,False,False,False,False,True,False,False,False,False,False,True
"GIẢM GIÁ | 2.2 tỷ | -7% | Căn hộ Vinhomes Grand Park hướng Tây Nam, diện tích 59.1m² | A0995266 • Nguyễn Xiển, Long Thạnh Mỹ, Quận 9, | 2 | 1 | 59.1 m²",2200.0,-0.03919833497376448,-0.7433867664365034,-0.5832579587455408,-0.6557443854688363,-0.13517524411165588,False,False,False,False,False,False,False,False,False,True,False,False,False,False,True,False
"2.38 tỷ | Căn hộ Vinhomes Grand Park hướng ban công đông bắc | A09128681 • Nguyễn Xiển, Long Thạnh Mỹ, | 2 | 1 | 59.1 m²",2380.0,-0.03919833497376448,-0.7043810004079618,-0.5832579587455408,0.9724400052447274,-0.13517524411165588,False,False,False,False,False,False,False,False,False,False,False,False,False,True,True,False
"GIẢM GIÁ | 1.9 tỷ | -12% | Căn hộ Vinhomes Grand Park hướng Đông Bắc, diện tích 46.7m² | A09127887 • Nguyễn Xiển, Long Thạnh Mỹ, | 1 | 1 | 46.7 m²",1900.0,-0.04591915423905636,-0.6990725782884458,-1.1554007248753928,0.9724400052447274,-0.13517524411165588,False,False,False,False,False,False,False,False,False,False,False,False,False,True,False,True
"2.9 tỷ | Căn hộ Vinhomes Grand Park hướng ban công tây nam nội thất cơ bản diện tích 69.2m² | A0998379 • Nguyễn Xiển, Long Thạnh Mỹ, Quận 9, | 2 | 2 | 69.2 m²",2900.0,-0.0337241192818735,-0.6834188458001378,-0.19864492337062795,-0.6557443854688363,-0.13517524411165588,False,False,False,False,False,False,False,False,False,True,False,False,False,False,True,False
"GIẢM GIÁ | 1.9 tỷ | -3% | Căn hộ tầng cao Vinhomes Grand Park 1 phòng ngủ, view nội khu. | A0964749 • Nguyễn Xiển, Long Thạnh Mỹ, Quận 9, | 1 | 1 | 51.7 m²",1900.0,-0.043209146470793505,-0.7494643895550704,-0.9085862164143369,-0.6557443854688363,-0.13517524411165588,False,False,False,False,False,False,False,False,False,True,False,False,False,False,True,False
"2.8 tỷ | Căn hộ Vinhomes Grand Park nội thất cơ bản, view thông thoáng. | A0961308 • Nguyễn Xiển, Long Thạnh Mỹ, Quận 9, | 2 | 2 | 69 m²",2800.0,-0.03383251959260402,-0.700423893709414,-0.205709030060077,-0.6557443854688363,-0.13517524411165588,False,False,False,False,False,False,False,False,False,True,False,False,False,False,True,False
"GIẢM GIÁ | 1.25 tỷ | -4% | Căn hộ Vinhomes Grand Park tầng cao, không nội thất. | A0971238 • Nguyễn Xiển, Long Thạnh Mỹ, Quận 9, | 1 | 1 | 30 m²",1250.0,-0.05497058018505431,-0.6865033576448802,-2.2224046347749415,-0.6557443854688363,-0.13517524411165588,False,False,False,False,False,False,False,False,False,True,False,False,False,False,False,True
"GIẢM GIÁ | 2.3 tỷ | -4% | Căn hộ Vinhomes Grand Park diện tích 59m2, tiện ích đa dạng. | A09101077 • Nguyễn Xiển, Long Thạnh Mỹ, | 2 | 1 | 59 m²",2300.0,-0.03925253512912973,-0.720872138775961,-0.5873811365761936,0.9724400052447274,-0.13517524411165588,False,False,False,False,False,False,False,False,False,False,False,False,False,True,True,False
"GIẢM GIÁ | 3.1 tỷ | -6% | Căn hộ Vinhomes Grand Park tầng trung, nội thất cơ bản, view sông. | A0963408 • Nguyễn Xiển, Long Thạnh Mỹ, Quận 9, | 2 | 2 | 70 m²",3100.0,-0.033290518038951444,-0.6529614945560511,-0.1705883317692301,-0.6557443854688363,-0.13517524411165588,False,False,False,False,False,False,False,False,False,True,False,False,False,False,True,False
"GIẢM GIÁ | 2.65 tỷ | -10% | Căn hộ Vinhomes Grand Park hướng Đông Nam, diện tích 69m² | A09109587 • Nguyễn Xiển, Long Thạnh Mỹ, | 2 | 2 | 69 m²",2650.0,-0.03383251959260402,-0.7282649658384819,-0.205709030060077,0.9724400052447274,-0.13517524411165588,False,False,False,False,False,False,False,False,False,False,False,False,False,True,True,False
"11.5 tỷ | Căn hộ The Metropole Thủ Thiêm hướng ban công tây nam nội thất cơ bản diện tích 54.89m² | A02145090 • Đường R2, An Khánh, Quận 2, | 1 | 1 | 55 m²",11500.0,-0.0414801615146418,1.4630473732796612,-0.7630735498871949,-0.6557443854688363,-0.13517524411165588,False,False,False,False,True,False,False,False,False,False,False,False,False,False,True,False
"2.3 tỷ | Căn hộ Vinhomes Grand Park nội thất cơ bản diện tích 67.6m² | A09136160 • Nguyễn Xiển, Long Thạnh Mỹ, | 2 | 2 | 67.6 m²",2300.0,-0.03459132176771762,-0.7843864169546696,-0.255730281136277,0.9724400052447274,-0.13517524411165588,False,False,False,False,False,False,False,False,False,False,False,False,False,True,True,False
"2.8 tỷ | Căn hộ Vinhomes Grand Park hướng Tây Bắc, diện tích 67.6m² | A0986077 • Nguyễn Xiển, Long Thạnh Mỹ, Quận 9, | 2 | 2 | 67.6 m²",2800.0,-0.03459132176771762,-0.6896608756871315,-0.255730281136277,-0.6557443854688363,-0.13517524411165588,False,False,False,False,False,False,False,False,False,True,False,False,False,False,True,False
"GIẢM GIÁ | 2.55 tỷ | -4% | Căn hộ Vinhomes Grand Park hướng ban công đông nam đầy đủ nội thất diện tích 69m² | A09145543 • Nguyễn Xiển, Long Thạnh Mỹ, | 2 | 2 | 69 m²",2550.0,-0.03383251959260402,-0.7468256805911936,-0.205709030060077,0.9724400052447274,-0.13517524411165588,False,False,False,False,False,False,False,False,False,False,False,False,False,True,True,False
"GIẢM GIÁ | 3.97 tỷ | -8% | Bán căn hộ 2PN Beverly Vinhomes Grand Park Thủ Đức | A09198523 • Nguyễn Xiển, Long Bình, Quận 9, | 2 | 2 | 78.9 m²",3970.0,-0.028466704211443556,-0.5757212968727535,0.12181349142612423,-0.6557443854688363,-0.13517524411165588,False,False,False,False,False,False,False,False,False,True,False,False,False,False,True,False
"GIẢM GIÁ | 3.2 tỷ | -22% | Căn hộ The Beverly hướng Tây Nam, diện tích 48.7m² | A09198701 • Nguyễn Xiển, Long Bình, Quận 9, | 1 | 1 | 48.7 m²",3200.0,-0.04483515113175122,-0.378603205060752,-1.0537039777538222,-0.6557443854688363,-0.13517524411165588,False,False,False,False,False,False,False,False,False,True,False,False,False,False,False,True
"3.3 tỷ | Căn hộ Vinhomes Grand Park hướng Đông Nam, diện tích 81.7m² | A09127492 • Nguyễn Xiển, Long Thạnh Mỹ, | 3 | 2 | 81.7 m²",3300.0,-0.026949099861216356,-0.7028320158193131,0.20709510257518138,0.9724400052447274,-0.13517524411165588,False,False,False,False,False,False,False,False,False,False,False,False,False,True,True,False
"GIẢM GIÁ | 2.85 tỷ | -2% | Căn hộ Vinhomes Grand Park hướng Tây Nam, diện tích 69.3m² | A09127257 • Nguyễn Xiển, Long Thạnh Mỹ, | 2 | 2 | 69.3 m²",2850.0,-0.03366991912650825,-0.6934334946467045,-0.19512041357246315,0.9724400052447274,-0.13517524411165588,False,False,False,False,False,False,False,False,False,False,False,False,False,True,True,False
"2.8 tỷ | Căn hộ Vinhomes Grand Park hướng Đông Bắc, diện tích 69.4m² | A09127259 • Nguyễn Xiển, Long Thạnh Mỹ, | 2 | 2 | 69.4 m²",2800.0,-0.03361571897114299,-0.7034192828337711,-0.1916009137401609,0.9724400052447274,-0.13517524411165588,False,False,False,False,False,False,False,False,False,False,False,False,False,True,True,False
"3 tỷ | Căn hộ Vinhomes Grand Park hướng Tây Nam, diện tích 69m² | A0972878 • Nguyễn Xiển, Long Thạnh Mỹ, Quận 9, | 3 | 2 | 69 m²",3000.0,-0.03383251959260402,-0.6633024642039905,-0.205709030060077,-0.6557443854688363,-0.13517524411165588,False,False,False,False,False,False,False,False,False,True,False,False,False,False,True,False
"2.9 tỷ | Căn hộ Vinhomes Grand Park 2 Phòng ngủ, diện tích 67.8m² đã có sổ hồng | A0986967 • Nguyễn Xiển, Long Thạnh Mỹ, Quận 9, | 2 | 2 | 67.8 m²",2900.0,-0.03448292145698711,-0.6723364404110626,-0.2485222186506833,-0.6557443854688363,-0.13517524411165588,False,False,False,False,False,False,False,False,False,True,False,False,False,False,True,False
"GIẢM GIÁ | 2.86 tỷ | -1% | Căn hộ Vinhomes Grand Park bàn giao nội thất cơ bản, view mát mẻ. | A0964982 • Nguyễn Xiển, Long Thạnh Mỹ, Quận 9, | 2 | 2 | 69.2 m²",2860.0,-0.0337241192818735,-0.6908216742275199,-0.19864492337062795,-0.6557443854688363,-0.13517524411165588,False,False,False,False,False,False,False,False,False,True,False,False,False,False,True,False
"2.5 tỷ | Căn hộ Vinhomes Grand Park hướng Tây Nam, diện tích 59.1m² | A0983346 • Nguyễn Xiển, Long Thạnh Mỹ, Quận 9, | 2 | 1 | 59.1 m²",2500.0,-0.03919833497376448,-0.6783771563889341,-0.5832579587455408,-0.6557443854688363,-0.13517524411165588,False,False,False,False,False,False,False,False,False,True,False,False,False,False,True,False
"GIẢM GIÁ | 2.8 tỷ | -3% | Căn hộ Vinhomes Grand Park hướng Đông Bắc, diện tích 69m² | A09143714 • Nguyễn Xiển, Long Thạnh Mỹ, | 2 | 2 | 69 m²",2800.0,-0.03383251959260402,-0.700423893709414,-0.205709030060077,0.9724400052447274,-0.13517524411165588,False,False,False,False,False,False,False,False,False,False,False,False,False,True,True,False
"20 tỷ | Căn hộ Avalon Saigon Apartments hướng ban công tây đầy đủ nội thất diện tích 104m² | A01198772 • Nguyễn Thị Minh Khai, Bến Nghé, | 2 | 2 | 104 m²",20000.0,-0.014862465214764012,1.242740166170645,0.7982094872234391,0.9724400052447274,-0.13517524411165588,False,False,False,False,False,False,False,False,False,False,False,False,False,True,False,False
"18 tỷ | Căn hộ The Metropole Thủ Thiêm, diện tích 70.57m² | A02198771 • Đường R2, An Khánh, Quận 2, | 2 | 2 | 70.57 m²",18000.0,-0.03298157715336948,2.0464777260427787,-0.150790209902876,-0.6557443854688363,-0.13517524411165588,False,False,False,False,True,False,False,False,False,False,False,False,False,False,True,False
"25 tỷ | Bán Căn hộ 3 phòng ngủ view sông Quận 1, Empire City hướng Tây Nam, diện tích 127m² | A02198764 • Mai Chí Thọ, Thủ Thiêm, Quận 2, | 3 | 2 | 127 m²",25000.0,-0.0023964294807548646,1.3009180576577943,1.2886241990350162,-3.0980209715391815,6.666686314666153,False,False,False,True,False,False,False,False,False,False,False,False,False,False,False,False
"15 tỷ | (Foreigner Quota) Căn hộ The Metropole Thủ Thiêm hướng Đông Bắc, diện tích 83m² | A02198770 • Đường R2, An Khánh, Quận 2, | 2 | 2 | 83 m²",15000.0,-0.026244497841468015,1.0943748605708863,0.24571325833219854,-0.6557443854688363,-0.13517524411165588,False,False,False,False,True,False,False,False,False,False,False,False,False,False,True,False
"3.5 tỷ | Căn hộ The Beverly hướng Tây Nam, diện tích 48.7m² | A09198720 • Nguyễn Xiển, Long Bình, Quận 9, | 1 | 1 | 48.7 m²",3500.0,-0.04483515113175122,-0.2997106392740713,-1.0537039777538222,-0.6557443854688363,-0.13517524411165588,False,False,False,False,False,False,False,False,False,True,False,False,False,False,False,True
"4.16 tỷ | Căn hộ The Beverly hướng Đông Nam, diện tích 48.7m² | A09198703 • Nguyễn Xiển, Long Bình, Quận 9, | 1 | 1 | 48.7 m²",4160.0,-0.04483515113175122,-0.1261469945433742,-1.0537039777538222,-0.6557443854688363,-0.13517524411165588,False,False,False,False,False,False,False,False,False,True,False,False,False,False,False,True
"3.58 tỷ | Căn hộ The Beverly hướng Tây Nam, diện tích 48.7m² | A09198710 • Nguyễn Xiển, Long Bình, Quận 9, | 1 | 1 | 48.7 m²",3580.0,-0.04483515113175122,-0.2786726217309567,-1.0537039777538222,-0.6557443854688363,-0.13517524411165588,False,False,False,False,False,False,False,False,False,True,False,False,False,False,False,True
"3.5 tỷ | Căn hộ The Beverly hướng Đông Bắc, diện tích 49m² | A09198708 • Nguyễn Xiển, Long Bình, Quận 9, | 1 | 1 | 49 m²",3500.0,-0.04467255066565545,-0.3053458225445485,-1.0388034249684703,-0.6557443854688363,-0.13517524411165588,False,False,False,False,False,False,False,False,False,True,False,False,False,False,False,True
"3.34 tỷ | Căn hộ The Beverly hướng Tây Nam, diện tích 48.9m² | A09198717 • Nguyễn Xiển, Long Bình, Quận 9, | 1 | 1 | 48.9 m²",3340.0,-0.044726750821020705,-0.3453790556790128,-1.0437603189466411,-0.6557443854688363,-0.13517524411165588,False,False,False,False,False,False,False,False,False,True,False,False,False,False,False,True
"2.9 tỷ | Căn hộ The Beverly hướng Đông Bắc, diện tích 28.6m² | A09198743 • Nguyễn Xiển, Long Bình, Quận 9, | 1 | 1 | 28.6 m²",2900.0,-0.05572938236016792,0.07847714986417711,-2.336826142450959,-0.6557443854688363,-0.13517524411165588,False,False,False,False,False,False,False,False,False,True,False,False,False,False,False,True
"4.3 tỷ | Căn hộ The Beverly hướng Đông Nam, diện tích 49m² | A09198696 • Nguyễn Xiển, Long Bình, Quận 9, | 1 | 1 | 49 m²",4300.0,-0.04467255066565545,-0.09625368900379516,-1.0388034249684703,-0.6557443854688363,-0.13517524411165588,False,False,False,False,False,False,False,False,False,True,False,False,False,False,False,True
"3.35 tỷ | Căn hộ The Beverly hướng Tây Nam, diện tích 48.7m² | A09198724 • Nguyễn Xiển, Long Bình, Quận 9, | 1 | 1 | 48.7 m²",3350.0,-0.04483515113175122,-0.3391569221674118,-1.0537039777538222,-0.6557443854688363,-0.13517524411165588,False,False,False,False,False,False,False,False,False,True,False,False,False,False,False,True
"3.3 tỷ | Căn hộ The Beverly hướng Tây Nam, diện tích 48.7m² | A09198728 • Nguyễn Xiển, Long Bình, Quận 9, | 1 | 1 | 48.7 m²",3300.0,-0.04483515113175122,-0.3523056831318585,-1.0537039777538222,-0.6557443854688363,-0.13517524411165588,False,False,False,False,False,False,False,False,False,True,False,False,False,False,False,True
"2.21 tỷ | Căn hộ The Beverly hướng Đông Bắc, diện tích 28.6m² | A09198749 • Nguyễn Xiển, Long Bình, Quận 9, | 1 | 1 | 28.6 m²",2210.0,-0.05572938236016792,-0.2305003429248471,-2.336826142450959,-0.6557443854688363,-0.13517524411165588,False,False,False,False,False,False,False,False,False,True,False,False,False,False,False,True
"2.95 tỷ | Căn hộ The Beverly hướng Tây Nam, diện tích 29.5m² | A09198737 • Nguyễn Xiển, Long Bình, Quận 9, | 1 | 1 | 29.5 m²",2950.0,-0.055241580961880594,0.0605654111517699,-2.262665159484507,-0.6557443854688363,-0.13517524411165588,False,False,False,False,False,False,False,False,False,True,False,False,False,False,False,True
"8 tỷ | Căn hộ Empire City đầy đủ nội thất, hướng Đông Nam. | A0277522 • Mai Chí Thọ, Thủ Thiêm, Quận 2, | 1 | 1 | 63.8 m²",8000.0,-0.03665092767159739,0.3857561157063351,-0.39682808340110637,-0.6557443854688363,-0.13517524411165588,False,False,False,False,True,False,False,False,False,False,False,False,False,False,True,False
"GIẢM GIÁ | 20 tỷ | -13% | Căn hộ Empire City hướng Tây Nam, diện tích 127.03m² | A0298104 • Mai Chí Thọ, Thủ Thiêm, Quận 2, | 3 | 2 | 127.03 m²",20000.0,-0.0023801694341452867,0.7962333599030195,1.2892044359743877,-0.6557443854688363,-0.13517524411165588,False,False,False,False,True,False,False,False,False,False,False,False,False,False,False,False
"5.4 tỷ | Căn hộ D'Lusso nội thất cơ bản diện tích 72m². | A02117174 • Nguyễn Thị Định, An Phú, Quận 2, | 2 | 2 | 72 m²",5400.0,-0.0322065149316463,-0.2596069183325087,-0.10180702790000057,-0.6557443854688363,-0.13517524411165588,False,False,False,False,True,False,False,False,False,False,False,False,False,False,True,False
"2.48 tỷ | Căn hộ Vinhomes Grand Park, diện tích 59.1m² | A09198760 • Nguyễn Xiển, Long Thạnh Mỹ, | 2 | 1 | 59.1 m²",2480.0,-0.03919833497376448,-0.6827111303921054,-0.5832579587455408,0.9724400052447274,-0.13517524411165588,False,False,False,False,False,False,False,False,False,False,False,False,False,True,True,False
"3.4 tỷ | Căn hộ Vinhomes Grand Park tầng cao mát mẻ, đầy đủ nội thất. | A0972515 • Nguyễn Xiển, Long Thạnh Mỹ, Quận 9, | 2 | 2 | 69 m²",3400.0,-0.03383251959260402,-0.5890596051931433,-0.205709030060077,-0.6557443854688363,-0.13517524411165588,False,False,False,False,False,False,False,False,False,True,False,False,False,False,True,False
"3 tỷ | Căn hộ Vinhomes Grand Park hướng Tây Bắc, diện tích 69.3m² | A09126737 • Nguyễn Xiển, Long Thạnh Mỹ, | 2 | 2 | 69.3 m²",3000.0,-0.03366991912650825,-0.6657129466394076,-0.19512041357246315,0.9724400052447274,-0.13517524411165588,False,False,False,False,False,False,False,False,False,False,False,False,False,True,True,False
"GIẢM GIÁ | 2.8 tỷ | -9% | Căn hộ Vinhomes Grand Park hướng Đông Nam, diện tích 68m² | A0966967 • Nguyễn Xiển, Long Thạnh Mỹ, Quận 9, | 2 | 2 | 68 m²",2800.0,-0.03437452114625659,-0.6927812464582974,-0.24133507945281604,-0.6557443854688363,-0.13517524411165588,False,False,False,False,False,False,False,False,False,True,False,False,False,False,True,False
"GIẢM GIÁ | 2.3 tỷ | -4% | Căn hộ Vinhomes Grand Park tầng 30 cửa hướng Đông Nam, đầy đủ nội thất. | A0992454 • Nguyễn Xiển, Long Thạnh Mỹ, Quận 9, | 2 | 1 | 59.1 m²",2300.0,-0.03919833497376448,-0.721716896420647,-0.5832579587455408,-0.6557443854688363,-0.13517524411165588,False,False,False,False,False,False,False,False,False,True,False,False,False,False,True,False
"2.4 tỷ | Căn hộ Vinhomes Grand Park hướng ban công tây bắc nội thất cơ bản diện tích 61.5m² | A09126320 • Nguyễn Xiển, Long Thạnh Mỹ, | 2 | 2 | 61.5 m²",2400.0,-0.037897531244998305,-0.7203427095415926,-0.4863071960772287,0.9724400052447274,-0.13517524411165588,False,False,False,False,False,False,False,False,False,False,False,False,False,True,True,False
"GIẢM GIÁ | 2.85 tỷ | -4% | Căn hộ Vinhomes Grand Park tầng 23 nội thất đầy đủ hiện đại, view thoáng | A0983775 • Nguyễn Xiển, Long Thạnh Mỹ, Quận 9, | 2 | 2 | 67.5 m²",2850.0,-0.03464552192308287,-0.6793884169896741,-0.25934219675145703,-0.6557443854688363,-0.13517524411165588,False,False,False,False,False,False,False,False,False,True,False,False,False,False,True,False
"2.7 tỷ | Căn hộ Vinhomes Grand Park hướng ban công đông nam không có nội thất diện tích 69m². | A09126961 • Nguyễn Xiển, Long Thạnh Mỹ, | 2 | 2 | 69 m²",2700.0,-0.03383251959260402,-0.7189846084621259,-0.205709030060077,0.9724400052447274,-0.13517524411165588,False,False,False,False,False,False,False,False,False,False,False,False,False,True,True,False
"GIẢM GIÁ | 2.9 tỷ | -3% | Căn hộ Vinhomes Grand Park hướng Đông Bắc, diện tích 69.4m² | A09127009 • Nguyễn Xiển, Long Thạnh Mỹ, | 2 | 2 | 69.4 m²",2900.0,-0.03361571897114299,-0.684965546264072,-0.1916009137401609,0.9724400052447274,-0.13517524411165588,False,False,False,False,False,False,False,False,False,False,False,False,False,True,True,False
"GIẢM GIÁ | 2.05 tỷ | -2% | Căn hộ Vinhomes Grand Park tầng cao lộng gió hướng view sông. | A0967638 • Nguyễn Xiển, Long Thạnh Mỹ, Quận 9, | 2 | 1 | 59 m²",2050.0,-0.03925253512912973,-0.7751386352987201,-0.5873811365761936,-0.6557443854688363,-0.13517524411165588,False,False,False,False,False,False,False,False,False,True,False,False,False,False,True,False
"1.78 tỷ | Căn hộ Vinhomes Grand Park hướng Đông Bắc, diện tích 46.5m² | A09126717 • Nguyễn Xiển, Long Thạnh Mỹ, | 1 | 1 | 46.5 m²",1780.0,-0.04602755454978688,-0.7298815442201696,-1.1658039658741994,0.9724400052447274,-0.13517524411165588,False,False,False,False,False,False,False,False,False,False,False,False,False,True,False,True
"2.1 tỷ | Căn hộ Vinhomes Grand Park kèm nội thất cơ bản, view nội khu. | A0973324 • Nguyễn Xiển, Long Thạnh Mỹ, Quận 9, | 1 | 1 | 47 m²",2100.0,-0.0457565537729606,-0.647901020047485,-1.139877365467433,-0.6557443854688363,-0.13517524411165588,False,False,False,False,False,False,False,False,False,True,False,False,False,False,False,True
"2.58 tỷ | Căn hộ Vinhomes Grand Park hướng Đông Nam, diện tích 58.9m² | A09198755 • Nguyễn Xiển, Long Thạnh Mỹ, | 2 | 2 | 58.9 m²",2580.0,-0.039306735284494985,-0.659142847315437,-0.5915111921044965,0.9724400052447274,-0.13517524411165588,False,False,False,False,False,False,False,False,False,False,False,False,False,True,True,False
"2.5 tỷ | Căn hộ Vinhomes Grand Park view đón gió mát, nội thất cơ bản. | A09109890 • Nguyễn Xiển, Long Thạnh Mỹ, | 2 | 1 | 59 m²",2500.0,-0.03925253512912973,-0.6774589415577538,-0.5873811365761936,0.9724400052447274,-0.13517524411165588,False,False,False,False,False,False,False,False,False,False,False,False,False,True,True,False
"8.8 tỷ | Căn hộ Duplex Feliz en Vista, diện tích 102m² | A02198756 • Đồng Văn Cống, Thạnh Mỹ Lợi, | 2 | 2 | 102 m²",8800.0,-0.015946468322069154,-0.1152154756239124,0.7505932559721994,0.9724400052447274,-0.13517524411165588,False,False,False,False,False,False,False,False,False,False,False,False,False,True,False,False
"3.2 tỷ | Căn hộ 2PN+ Vinhomes Grand Park hướng Đông Nam, đầy đủ nội thất. | A0981889 • Nguyễn Xiển, Long Thạnh Mỹ, Quận 9, | 2 | 2 | 69.2 m²",3200.0,-0.0337241192818735,-0.6278976325947715,-0.19864492337062795,-0.6557443854688363,-0.13517524411165588,False,False,False,False,False,False,False,False,False,True,False,False,False,False,True,False
"GIẢM GIÁ | 2.5 tỷ | -4% | Căn hộ Vinhomes Grand Park hướng Đông Bắc, diện tích 67.6m² | A09124659 • Nguyễn Xiển, Long Thạnh Mỹ, | 2 | 2 | 67.6 m²",2500.0,-0.03459132176771762,-0.7464962004476543,-0.255730281136277,0.9724400052447274,-0.13517524411165588,False,False,False,False,False,False,False,False,False,False,False,False,False,True,True,False
"2.55 tỷ | Căn hộ Vinhomes Grand Park hướng Tây Bắc, diện tích 59m² | A09123601 • Nguyễn Xiển, Long Thạnh Mỹ, | 2 | 1 | 59 m²",2550.0,-0.03925253512912973,-0.666605642253202,-0.5873811365761936,0.9724400052447274,-0.13517524411165588,False,False,False,False,False,False,False,False,False,False,False,False,False,True,True,False
"2.8 tỷ | Căn hộ Dragon Hill Residence 2PN,2Wc diện tích 67m² đầy đủ nội thất đẹp | ANB198757 • Nguyễn Hữu Thọ, Phước Kiển, | 2 | 2 | 67 m²",2800.0,-0.034916522699909164,-0.6849104604832669,-0.277481235499105,0.9724400052447274,-0.13517524411165588,False,False,False,False,False,False,False,False,False,False,False,False,False,True,True,False
"GIẢM GIÁ | 24 tỷ | -4% | Căn hộ 3 phòng ngủ Empire City view sông trực diện | A02146394 • Mai Chí Thọ, Thủ Thiêm, Quận 2, | 3 | 2 | 127 m²",24000.0,-0.0023964294807548646,1.2000763790800688,1.2886241990350162,-0.6557443854688363,-0.13517524411165588,False,False,False,False,True,False,False,False,False,False,False,False,False,False,False,False
"2.2 tỷ | Căn hộ Vinhomes Grand Park tầng trung, view khu dân cư. | A0967519 • Nguyễn Xiển, Long Thạnh Mỹ, Quận 9, | 2 | 1 | 59 m²",2200.0,-0.03925253512912973,-0.7425787373850646,-0.5873811365761936,-0.6557443854688363,-0.13517524411165588,False,False,False,False,False,False,False,False,False,True,False,False,False,False,True,False
"2.7 tỷ | Căn hộ Vinhomes Grand Park không có nội thất diện tích 47.1m² | A0967027 • Nguyễn Xiển, Long Thạnh Mỹ, Quận 9, | 1 | 1 | 47.1 m²",2700.0,-0.04570235361759534,-0.4859707945920943,-1.1347244651369646,-0.6557443854688363,-0.13517524411165588,False,False,False,False,False,False,False,False,False,True,False,False,False,False,False,True
"2.06 tỷ | Căn hộ tầng cao Vinhomes Grand Park hướng Đông, nội thất cơ bản. | A0976371 • Nguyễn Xiển, Long Thạnh Mỹ, Quận 9, | 1 | 1 | 46 m²",2060.0,-0.046298555326613165,-0.6465978209265499,-1.1920049269344806,-0.6557443854688363,-0.13517524411165588,False,False,False,False,False,False,False,False,False,True,False,False,False,False,False,True
"3.31 tỷ | Căn hộ Vinhomes Grand Park hướng Bắc, diện tích 81.7m² | A09125285 • Nguyễn Xiển, Long Thạnh Mỹ, | 3 | 2 | 81.7 m²",3310.0,-0.026949099861216356,-0.7012644646345675,0.20709510257518138,0.9724400052447274,-0.13517524411165588,False,False,False,False,False,False,False,False,False,False,False,False,False,True,True,False
"3 tỷ | Căn hộ The Beverly hướng Đông Bắc, diện tích 48.5m² | A09198721 • Nguyễn Xiển, Long Bình, Quận 9, | 1 | 1 | 48.5 m²",3000.0,-0.04494355144248174,-0.42794494723661397,-1.0636877320678537,-0.6557443854688363,-0.13517524411165588,False,False,False,False,False,False,False,False,False,True,False,False,False,False,False,True
"3.43 tỷ | Căn hộ The Beverly hướng Tây Nam, diện tích 48.7m² | A09198711 • Nguyễn Xiển, Long Bình, Quận 9, | 1 | 1 | 48.7 m²",3430.0,-0.04483515113175122,-0.3181189046242969,-1.0537039777538222,-0.6557443854688363,-0.13517524411165588,False,False,False,False,False,False,False,False,False,True,False,False,False,False,False,True
"1.55 tỷ | Căn hộ Vinhomes Grand Park hướng Đông Bắc, diện tích 34m² | A09127059 • Nguyễn Xiển, Long Thạnh Mỹ, | 1 | 1 | 34 m²",1550.0,-0.05280257397044402,-0.6362802471375425,-1.9219190709530625,0.9724400052447274,-0.13517524411165588,False,False,False,False,False,False,False,False,False,False,False,False,False,True,False,True
"2 tỷ | Căn hộ Vinhomes Grand Park hướng Đông Bắc, diện tích 46.7m² | A09198526 • Nguyễn Xiển, Long Thạnh Mỹ, | 1 | 1 | 46.7 m²",2000.0,-0.04591915423905636,-0.6716488241570301,-1.1554007248753928,0.9724400052447274,-0.13517524411165588,False,False,False,False,False,False,False,False,False,False,False,False,False,True,False,True
"2.5 tỷ | Căn hộ Vinhomes Grand Park thiết kế sang trọng, không có nội thất. | A09101076 • Nguyễn Xiển, Long Thạnh Mỹ, | 2 | 1 | 59.1 m²",2500.0,-0.03919833497376448,-0.6783771563889341,-0.5832579587455408,0.9724400052447274,-0.13517524411165588,False,False,False,False,False,False,False,False,False,False,False,False,False,True,True,False
"GIẢM GIÁ | 2.55 tỷ | -12% | Căn hộ Vinhomes Grand Park tầng cao view đón gió và ánh sáng tự nhiên. | A09105287 • Nguyễn Xiển, Long Thạnh Mỹ, | 1 | 1 | 59 m²",2550.0,-0.03925253512912973,-0.666605642253202,-0.5873811365761936,0.9724400052447274,-0.13517524411165588,False,False,False,False,False,False,False,False,False,False,False,False,False,True,True,False
"2.4 tỷ | Căn hộ Vinhomes Grand Park hướng ban công tây nam đầy đủ nội thất diện tích 59.2m² | A0981974 • Nguyễn Xiển, Long Thạnh Mỹ, Quận 9, | 2 | 1 | 59.2 m²",2400.0,-0.03914413481839922,-0.7009255346486766,-0.5791416357440328,-0.6557443854688363,-0.13517524411165588,False,False,False,False,False,False,False,False,False,True,False,False,False,False,True,False
"2.95 tỷ | Căn hộ Vinhomes Grand Park 2 phòng ngủ, phía nội khu. | A0967634 • Nguyễn Xiển, Long Thạnh Mỹ, Quận 9, | 2 | 2 | 69 m²",2950.0,-0.03383251959260402,-0.6725828215803464,-0.205709030060077,-0.6557443854688363,-0.13517524411165588,False,False,False,False,False,False,False,False,False,True,False,False,False,False,True,False
"GIẢM GIÁ | 2.5 tỷ | -4% | Căn hộ Vinhomes Grand Park hướng Tây Nam, diện tích 69.2m² | A09128093 • Nguyễn Xiển, Long Thạnh Mỹ, | 2 | 2 | 69.2 m²",2500.0,-0.0337241192818735,-0.7574471300739594,-0.19864492337062795,0.9724400052447274,-0.13517524411165588,False,False,False,False,False,False,False,False,False,False,False,False,False,True,True,False
"GIẢM GIÁ | 2.8 tỷ | -3% | Căn hộ Vinhomes Grand Park tầng 15 diện tích 69.2m2, khong có nội thất. | A0989222 • Nguyễn Xiển, Long Thạnh Mỹ, Quận 9, | 2 | 2 | 69.2 m²",2800.0,-0.0337241192818735,-0.7019259168685931,-0.19864492337062795,-0.6557443854688363,-0.13517524411165588,False,False,False,False,False,False,False,False,False,True,False,False,False,False,True,False
"3.2 tỷ | Căn hộ Vinhomes Grand Park nội thất trống, ban công hướng Tây Nam | A0980567 • Nguyễn Xiển, Long Thạnh Mỹ, Quận 9, | 2 | 2 | 69.2 m²",3200.0,-0.0337241192818735,-0.6278976325947715,-0.19864492337062795,-0.6557443854688363,-0.13517524411165588,False,False,False,False,False,False,False,False,False,True,False,False,False,False,True,False
"2.7 tỷ | Căn hộ Vinhomes Grand Park hướng Bắc, diện tích 68m² | A0973394 • Nguyễn Xiển, Long Thạnh Mỹ, Quận 9, | 2 | 2 | 68 m²",2700.0,-0.03437452114625659,-0.7116149128985492,-0.24133507945281604,-0.6557443854688363,-0.13517524411165588,False,False,False,False,False,False,False,False,False,True,False,False,False,False,True,False
"GIẢM GIÁ | 2.2 tỷ | -4% | Căn hộ Vinhomes Grand Park hướng Đông Nam | A09125214 • Nguyễn Xiển, Long Thạnh Mỹ, | 2 | 1 | 58.9 m²",2200.0,-0.039306735284494985,-0.7417679646017026,-0.5915111921044965,0.9724400052447274,-0.13517524411165588,False,False,False,False,False,False,False,False,False,False,False,False,False,True,True,False
"GIẢM GIÁ | 2.75 tỷ | -5% | Căn hộ Vinhomes Grand Park hướng ban công tây bắc đầy đủ nội thất diện tích 65m² | A09125240 • Nguyễn Xiển, Long Thạnh Mỹ, | 2 | 2 | 69 m²",2750.0,-0.03600052580721431,-0.6782938107350269,-0.3513962084583887,0.9724400052447274,-0.13517524411165588,False,False,False,False,False,False,False,False,False,False,False,False,False,True,True,False
"GIẢM GIÁ | 2.2 tỷ | -4% | Căn hộ Vinhomes Grand Park nội thất cơ bản diện tích 59m² | A09125758 • Nguyễn Xiển, Long Thạnh Mỹ, | 2 | 1 | 59 m²",2200.0,-0.03925253512912973,-0.7425787373850646,-0.5873811365761936,0.9724400052447274,-0.13517524411165588,False,False,False,False,False,False,False,False,False,False,False,False,False,True,True,False
"6.5 tỷ | Căn hộ One Verandah hướng Tây Bắc, diện tích 81m² | A02140066 • Tạ Hiện, Thạnh Mỹ Lợi, Quận 2, | 2 | 2 | 81 m²",6500.0,-0.02732850094877316,-0.19241025658889474,0.18604849860900327,-0.6557443854688363,-0.13517524411165588,False,False,False,False,True,False,False,False,False,False,False,False,False,False,True,False
"GIẢM GIÁ | 2.8 tỷ | -7% | Căn hộ Vinhomes Grand Park hướng ban công tây bắc không có nội thất diện tích 81.7m² | A0984542 • Nguyễn Xiển, Long Thạnh Mỹ, Quận 9, | 3 | 2 | 81.7 m²",2800.0,-0.026949099861216356,-0.7812095750565906,0.20709510257518138,-0.6557443854688363,-0.13517524411165588,False,False,False,False,False,False,False,False,False,True,False,False,False,False,True,False
"2.7 tỷ | Căn hộ Vinhomes Grand Park tầng thấp, hướng Đông Nam. | A0973749 • Nguyễn Xiển, Long Thạnh Mỹ, Quận 9, | 2 | 2 | 69 m²",2700.0,-0.03383251959260402,-0.7189846084621259,-0.205709030060077,-0.6557443854688363,-0.13517524411165588,False,False,False,False,False,False,False,False,False,True,False,False,False,False,True,False
"GIẢM GIÁ | 3.3 tỷ | -8% | Căn hộ Vinhomes Grand Park hướng Đông Nam, diện tích 81.7m² | A0980629 • Nguyễn Xiển, Long Thạnh Mỹ, Quận 9, | 3 | 2 | 81.7 m²",3300.0,-0.026949099861216356,-0.7028320158193131,0.20709510257518138,-0.6557443854688363,-0.13517524411165588,False,False,False,False,False,False,False,False,False,True,False,False,False,False,True,False
"2.8 tỷ | Căn hộ Vinhomes Grand Park hướng ban công tây nam nội thất cơ bản diện tích 69m². | A09125586 • Nguyễn Xiển, Long Thạnh Mỹ, | 2 | 2 | 69 m²",2800.0,-0.03383251959260402,-0.700423893709414,-0.205709030060077,0.9724400052447274,-0.13517524411165588,False,False,False,False,False,False,False,False,False,False,False,False,False,True,True,False
"6.55 tỷ | Căn hộ The Beverly hướng Tây Nam, diện tích 79.9m² | A09198684 • Nguyễn Xiển, Long Bình, Quận 9, | 2 | 2 | 79.9 m²",6550.0,-0.027924702657790984,-0.17024718181812312,0.15260950678724625,-0.6557443854688363,-0.13517524411165588,False,False,False,False,False,False,False,False,False,True,False,False,False,False,True,False
"6.21 tỷ | Căn hộ The Beverly hướng Đông Bắc, diện tích 79.9m² | A09198683 • Nguyễn Xiển, Long Bình, Quận 9, | 2 | 2 | 79.9 m²",6210.0,-0.027924702657790984,-0.22474459960268112,0.15260950678724625,-0.6557443854688363,-0.13517524411165588,False,False,False,False,False,False,False,False,False,True,False,False,False,False,True,False
"3.2 tỷ | Căn hộ The Beverly hướng Tây Bắc, diện tích 54.9m² | A09198679 • Nguyễn Xiển, Long Bình, Quận 9, | 1 | 1 | 54.9 m²",3200.0,-0.04147474149910527,-0.4736383298456786,-0.7626305822296732,-0.6557443854688363,-0.13517524411165588,False,False,False,False,False,False,False,False,False,True,False,False,False,False,True,False
"4.88 tỷ | Căn hộ The Beverly hướng Đông Bắc, diện tích 79.1m² | A09198694 • Nguyễn Xiển, Long Bình, Quận 9, | 2 | 2 | 79.1 m²",4880.0,-0.028358303900713047,-0.43001469420214367,0.12800341393784517,-0.6557443854688363,-0.13517524411165588,False,False,False,False,False,False,False,False,False,True,False,False,False,False,True,False
"4.9 tỷ | Căn hộ The Beverly hướng Đông Bắc, diện tích 79.7m² | A09198693 • Nguyễn Xiển, Long Bình, Quận 9, | 2 | 2 | 79.7 m²",4900.0,-0.0280331029685215,-0.4327490438127147,0.14648087069992324,-0.6557443854688363,-0.13517524411165588,False,False,False,False,False,False,False,False,False,True,False,False,False,False,True,False
"5.16 tỷ | Bán CH The Beverly Stu 1.85 tỷ|1PN + 2.75 tỷ|2PN 3.88 tỷ|3PN 6.4 tỷ, GH CĐT CK 22% + 6 chỉ vàng | A09198692 • Nguyễn Xiển, Long Bình, Quận 9, | 2 | 2 | 79.1 m²",5160.0,-0.028358303900713047,-0.3846805590539273,0.12800341393784517,-0.6557443854688363,-0.13517524411165588,False,False,False,False,False,False,False,False,False,True,False,False,False,False,True,False
"6 tỷ | Bán CH The Beverly Stu 1.85 tỷ|1PN + 2.75 tỷ|2PN 3.88 tỷ|3PN 6.4 tỷ, GH CĐT CK 22% + 6 chỉ vàng | A09198691 • Nguyễn Xiển, Long Bình, Quận 9, | 2 | 2 | 79.8 m²",6000.0,-0.027978902813156247,-0.25719960758450655,0.14954708498048228,-0.6557443854688363,-0.13517524411165588,False,False,False,False,False,False,False,False,False,True,False,False,False,False,True,False
"6.25 tỷ | Giỏ hàng căn hộ The Beverly tại Vinhomes Grand Park Tháng 8/2024 Giá Chiết Khấu Siêu Ưu Đãi 24% | A09198690 • Nguyễn Xiển, Long Bình, Quận 9, | 2 | 2 | 79.7 m²",6250.0,-0.0280331029685215,-0.21581923462637784,0.14648087069992324,-0.6557443854688363,-0.13517524411165588,False,False,False,False,False,False,False,False,False,True,False,False,False,False,True,False
"5.54 tỷ | The Beverly! Độc quyền phân phối rổ hàng chiết khấu lên đến 21,5%, kèm 3 suất học bổng Vinschool | A09198689 • Nguyễn Xiển, Long Bình, Quận 9, | 2 | 2 | 79.7 m²",5540.0,-0.0280331029685215,-0.32990824538363656,0.14648087069992324,-0.6557443854688363,-0.13517524411165588,False,False,False,False,False,False,False,False,False,True,False,False,False,False,True,False
"GIẢM GIÁ | 8.7 tỷ | -5% | Căn hộ One Verandah, diện tích 107m² | A0262865 • Tạ Hiện, Thạnh Mỹ Lợi, Quận 2, | 3 | 2 | 107 m²",8700.0,-0.013236460553806296,-0.1788157697710553,0.8679596690996024,-0.6557443854688363,-0.13517524411165588,False,False,False,False,True,False,False,False,False,False,False,False,False,False,False,False
"GIẢM GIÁ | 3.1 tỷ | -3% | Căn hộ Vinhomes Grand Park hướng Đông Nam, diện tích 81.5m² | A09125874 • Nguyễn Xiển, Long Thạnh Mỹ, | 3 | 2 | 81.5 m²",3100.0,-0.02705750017194687,-0.7329905465884055,0.20110002043285183,0.9724400052447274,-0.13517524411165588,False,False,False,False,False,False,False,False,False,False,False,False,False,True,True,False
"GIẢM GIÁ | 2.15 tỷ | -4% | Căn hộ Vinhomes Grand Park nội thất cơ bản diện tích 59.1m² | A09125763 • Nguyễn Xiển, Long Thạnh Mỹ, | 2 | 1 | 59.1 m²",2150.0,-0.03919833497376448,-0.7542217014444316,-0.5832579587455408,0.9724400052447274,-0.13517524411165588,False,False,False,False,False,False,False,False,False,False,False,False,False,True,True,False
"GIẢM GIÁ | 1.78 tỷ | -1% | Căn hộ Vinhomes Grand Park view thành phố, tầng trung mát mẻ. | A0966959 • Nguyễn Xiển, Long Thạnh Mỹ, Quận 9, | 1 | 1 | 47 m²",1780.0,-0.0457565537729606,-0.7350968885027779,-1.139877365467433,-0.6557443854688363,-0.13517524411165588,False,False,False,False,False,False,False,False,False,True,False,False,False,False,False,True
"2.7 tỷ | Căn hộ Vinhomes Grand Park tầng thấp, nội thất cơ bản, view sông | A0974742 • Nguyễn Xiển, Long Thạnh Mỹ, Quận 9, | 2 | 2 | 69 m²",2700.0,-0.03383251959260402,-0.7189846084621259,-0.205709030060077,-0.6557443854688363,-0.13517524411165588,False,False,False,False,False,False,False,False,False,True,False,False,False,False,True,False
"GIẢM GIÁ | 2.01 tỷ | -2% | Căn hộ Vinhomes Grand Park hướng Tây Nam, diện tích 52m² | A09106242 • Nguyễn Xiển, Long Thạnh Mỹ, | 1 | 1 | 52 m²",2010.0,-0.04304654600469773,-0.7250882281211908,-0.8945314896582033,0.9724400052447274,-0.13517524411165588,False,False,False,False,False,False,False,False,False,False,False,False,False,True,True,False
"3.1 tỷ | Căn hộ Vinhomes Grand Park hướng Đông Bắc, diện tích 81.7m² | A0960674 • Nguyễn Xiển, Long Thạnh Mỹ, Quận 9, | 3 | 2 | 81.7 m²",3100.0,-0.026949099861216356,-0.734183039514224,0.20709510257518138,-0.6557443854688363,-0.13517524411165588,False,False,False,False,False,False,False,False,False,True,False,False,False,False,True,False
"GIẢM GIÁ | 1.68 tỷ | -6% | Căn hộ Vinhomes Grand Park tầng 13 có 1 phòng ngủ, nội thất cơ bản. | A09111998 • Nguyễn Xiển, Long Thạnh Mỹ, | 1 | 1 | 47 m²",1680.0,-0.0457565537729606,-0.7623455973950569,-1.139877365467433,0.9724400052447274,-0.13517524411165588,False,False,False,False,False,False,False,False,False,False,False,False,False,True,False,True
"GIẢM GIÁ | 1.85 tỷ | -1% | Căn hộ tầng trung Vinhomes Grand Park 1 phòng ngủ, view mát mẻ. | A0964370 • Nguyễn Xiển, Long Thạnh Mỹ, Quận 9, | 1 | 1 | 46.7 m²",1850.0,-0.04591915423905636,-0.7127844553541537,-1.1554007248753928,-0.6557443854688363,-0.13517524411165588,False,False,False,False,False,False,False,False,False,True,False,False,False,False,False,True
"2.5 tỷ | Căn hộ Vinhomes Grand Park tầng 5 thiết kế hiện đại, không có nội thất. | A0988273 • Nguyễn Xiển, Long Thạnh Mỹ, Quận 9, | 2 | 1 | 59.1 m²",2500.0,-0.03919833497376448,-0.6783771563889341,-0.5832579587455408,-0.6557443854688363,-0.13517524411165588,False,False,False,False,False,False,False,False,False,True,False,False,False,False,True,False
"2.7 tỷ | Căn hộ Vinhomes Grand Park hướng Đông Bắc, diện tích 69.4m² | A09122664 • Nguyễn Xiển, Long Thạnh Mỹ, | 2 | 2 | 69.4 m²",2700.0,-0.03361571897114299,-0.7218730194034702,-0.1916009137401609,0.9724400052447274,-0.13517524411165588,False,False,False,False,False,False,False,False,False,False,False,False,False,True,True,False
"2.25 tỷ | Căn hộ Vinhomes Grand Park hướng Đông Nam, diện tích 69.4m² | A09122500 • Nguyễn Xiển, Long Thạnh Mỹ, | 2 | 1 | 59 m²",2250.0,-0.03361571897114299,-0.8049148339671159,-0.1916009137401609,0.9724400052447274,-0.13517524411165588,False,False,False,False,False,False,False,False,False,False,False,False,False,True,True,False
"16.6 tỷ | BÁN DUPLEX 3PN ONE VERANDAH TỪ CĐT DIỆN TÍCH LỚN 185M2 | A02198678 • Tạ Hiện, Thạnh Mỹ Lợi, Quận 2, | 3 | 3 | 185 m²",16600.0,0.02903966063109429,-0.07096484312285271,2.2139339642945455,-0.6557443854688363,-0.13517524411165588,False,False,False,False,True,False,False,False,False,False,False,False,False,False,False,False
"41 tỷ | Căn hộ Define 4 phòng ngủ, diện tích 326m² | A02198557 • Phan Văn Đáng, Thạnh Mỹ Lợi, | 4 | 4 | 326 m²",41000.0,0.10546187969610689,0.3905589777367933,3.610908367757293,0.9724400052447274,-0.13517524411165588,False,False,False,False,False,False,False,False,False,False,False,False,False,True,False,False
"4.07 tỷ | Căn hộ Sunrise Riverside hướng Bắc, diện tích 81.56m² | ANB60306 • Nguyễn Hữu Thọ, Phước Kiển, Nhà Bè, | 3 | 2 | 81.56 m²",4070.000000000001,-0.027024980078727716,-0.5810354413606196,0.20290006974159447,-0.6557443854688363,-0.13517524411165588,False,False,True,False,False,False,False,False,False,False,False,False,False,False,True,False
"3 tỷ | Căn hộ Vinhomes Grand Park diện tích 62.4m2, nội thất cơ bản. | A09108013 • Nguyễn Xiển, Long Thạnh Mỹ, | 2 | 2 | 62.4 m²",3000.0,-0.03740972984671099,-0.6044078885463472,-0.4509075312247537,0.9724400052447274,-0.13517524411165588,False,False,False,False,False,False,False,False,False,False,False,False,False,True,True,False
"2.6 tỷ | Căn hộ Vinhomes Grand Park hướng Đông Nam, diện tích 59m² | A0984097 • Nguyễn Xiển, Long Thạnh Mỹ, Quận 9, | 2 | 1 | 59 m²",2600.0,-0.03925253512912973,-0.65575234294865,-0.5873811365761936,-0.6557443854688363,-0.13517524411165588,False,False,False,False,False,False,False,False,False,True,False,False,False,False,True,False
"GIẢM GIÁ | 2.15 tỷ | -4% | Căn hộ Vinhomes Grand Park hướng Tây Bắc, diện tích 59m² | A09125045 • Nguyễn Xiển, Long Thạnh Mỹ, | 2 | 1 | 59 m²",2150.0,-0.03925253512912973,-0.7534320366896164,-0.5873811365761936,0.9724400052447274,-0.13517524411165588,False,False,False,False,False,False,False,False,False,False,False,False,False,True,True,False
"GIẢM GIÁ | 16 tỷ | -11% | Căn hộ 2PN Empire City tầng cao view sông Sài Gòn | A0274272 • Mai Chí Thọ, Thủ Thiêm, Quận 2, | 2 | 2 | 91.4 m²",16000.0,-0.02169168479078641,1.0217829955115736,0.4816981864500035,-0.6557443854688363,-0.13517524411165588,False,False,False,False,True,False,False,False,False,False,False,False,False,False,True,False
"2.75 tỷ | Căn hộ Vinhomes Grand Park hướng Tây Nam, diện tích 69.3m² | A09124838 • Nguyễn Xiển, Long Thạnh Mỹ, | 2 | 2 | 69.3 m²",2750.0,-0.03366991912650825,-0.7119138599849023,-0.19512041357246315,0.9724400052447274,-0.13517524411165588,False,False,False,False,False,False,False,False,False,False,False,False,False,True,True,False
"2.35 tỷ | Căn hộ Vinhomes Grand Park hướng Đông Bắc, diện tích 59m² | A09124666 • Nguyễn Xiển, Long Thạnh Mỹ, | 2 | 1 | 59 m²",2350.0,-0.03925253512912973,-0.7100188394714092,-0.5873811365761936,0.9724400052447274,-0.13517524411165588,False,False,False,False,False,False,False,False,False,False,False,False,False,True,True,False
"GIẢM GIÁ | 2.03 tỷ | -3% | Căn hộ Vinhomes Grand Park tầng 4 đầy đủ nội thất, cửa hướng Đông Bắc. | A0991401 • Nguyễn Xiển, Long Thạnh Mỹ, Quận 9, | 2 | 1 | 59.1 m²",2030.0,-0.03919833497376448,-0.7802255454634592,-0.5832579587455408,-0.6557443854688363,-0.13517524411165588,False,False,False,False,False,False,False,False,False,True,False,False,False,False,True,False
"4.2 tỷ | Căn hộ Vinhomes Grand Park hướng ban công đông bắc không có nội thất diện tích 81.7m² | A0983642 • Nguyễn Xiển, Long Thạnh Mỹ, Quận 9, | 3 | 2 | 81.7 m²",4200.0,-0.026949099861216356,-0.5617524091922136,0.20709510257518138,-0.6557443854688363,-0.13517524411165588,False,False,False,False,False,False,False,False,False,True,False,False,False,False,True,False
"2.8 tỷ | Căn hộ Vinhomes Grand Park hướng Đông Bắc, diện tích 69.3m² | A09124084 • Nguyễn Xiển, Long Thạnh Mỹ, | 2 | 2 | 69.3 m²",2800.0,-0.03366991912650825,-0.7026736773158033,-0.19512041357246315,0.9724400052447274,-0.13517524411165588,False,False,False,False,False,False,False,False,False,False,False,False,False,True,True,False
"21.91 tỷ | Penthouse The Metropole Thủ Thiêm, hàng hiếm còn sót lại | A02198670 • Đường R2, An Khánh, Quận 2, | 3 | 3 | 85.4 m²",21910.0,-0.02494369411270184,2.0655790154631544,0.31546344020836187,-0.6557443854688363,-0.13517524411165588,False,False,False,False,True,False,False,False,False,False,False,False,False,False,True,False
"13.25 tỷ | Căn hộ The Metropole Thủ Thiêm view sông Quận 1 đẹp nhất dự án, diện tích 55.1m² | A02198671 • Đường R2, An Khánh, Quận 2, | 1 | 1 | 55.1 m²",13250.0,-0.04136634118837477,1.8595736363483701,-0.7537878309907661,-3.0980209715391815,6.666686314666153,False,False,False,True,False,False,False,False,False,False,False,False,False,False,True,False
"GIẢM GIÁ | 29.5 tỷ | -3% | Căn hộ 3PN Empire City, diện tích 127m² | A0287696 • Mai Chí Thọ, Thủ Thiêm, Quận 2, | 3 | 2 | 127 m²",29500.0,-0.0023964294807548646,1.7547056112575592,1.2886241990350162,-0.6557443854688363,-0.13517524411165588,False,False,False,False,True,False,False,False,False,False,False,False,False,False,False,False
"37 tỷ | Căn hộ Grand Marina Saigon hướng Đông Bắc, diện tích 87.38m² | A01198637 • Tôn Đức Thắng, Bến Nghé, Quận 1, | 2 | 2 | 87.38 m²",37000.0,-0.023870531036469755,4.202799504026425,0.3715639758548203,-3.0980209715391815,6.666686314666153,False,False,False,True,False,False,False,False,False,False,False,False,False,False,True,False
"4.54 tỷ | Căn hộ Masteri Centre Point 2PN góc hướng Tây Nam, diện tích 74.33m² | A09188610 • Nguyễn Xiển, Long Thạnh Mỹ, | 2 | 2 | 74.33 m²",4540.0,-0.030943651311635813,-0.43789203493891654,-0.0240145470328179,0.9724400052447274,-0.13517524411165588,False,False,False,False,False,False,False,False,False,False,False,False,False,True,True,False
"5.67 tỷ | Căn hộ Masteri Centre Point 2PN view hồ bơi nội khu hướng Tây Bắc, diện tích 72.54m² | A09189129 • Nguyễn Xiển, Long Thạnh Mỹ, | 2 | 2 | 72.54 m²",5670.0,-0.03191383409267391,-0.21908883197097476,-0.08355905986224235,0.9724400052447274,-0.13517524411165588,False,False,False,False,False,False,False,False,False,False,False,False,False,True,True,False
"4.8 tỷ | Căn hộ Masteri Centre Point 2PN view hồ bơi nội khu hướng Đông Bắc, diện tích 70.6m² | A09189105 • Nguyễn Xiển, Long Thạnh Mỹ, | 2 | 2 | 70.6 m²",4800.0,-0.03296531710675991,-0.34940029119070587,-0.14975257586584764,0.9724400052447274,-0.13517524411165588,False,False,False,False,False,False,False,False,False,False,False,False,False,True,True,False
"GIẢM GIÁ | 2.9 tỷ | -3% | Căn hộ Vinhomes Grand Park diện tích 69.2m2, view nội khu yên tĩnh. | A0991891 • Nguyễn Xiển, Long Thạnh Mỹ, Quận 9, | 2 | 2 | 69.2 m²",2900.0,-0.0337241192818735,-0.6834188458001378,-0.19864492337062795,-0.6557443854688363,-0.13517524411165588,False,False,False,False,False,False,False,False,False,True,False,False,False,False,True,False
"27.23 tỷ | Căn hộ The Metropole Thủ Thiêm view sông Quận 1 và cầu Ba Son, diện tích 126.6m² | A02186793 • Đường R2, An Khánh, Quận 2, | 3 | 2 | 126.6 m²",27230.0,-0.002613230102215896,1.534470890009887,1.2808746849931312,-3.0980209715391815,6.666686314666153,False,False,False,True,False,False,False,False,False,False,False,False,False,False,False,False
"2 tỷ | Căn hộ Lovera Vista thiết kế 1 phòng ngủ, view nội khu yên tĩnh. | ABC91016 • Trịnh Quang Nghị, Phong Phú, Bình Chánh, | 1 | 1 | 52.14 m²",2000.0,-0.04297066578718638,-0.7288736889345143,-0.8879998205204266,-0.04517523895124991,-0.13517524411165588,False,False,False,False,False,False,False,False,False,False,False,False,False,False,True,False
"14 tỷ | Cần bán Căn hộ Sarica Condominium hướng Tây Nam, diện tích 107m² | A02198662 • Nguyễn Cơ Thạch, An Lợi Đông, | 2 | 2 | 107 m²",14000.0,-0.013236460553806296,0.4555443596744316,0.8679596690996024,0.9724400052447274,-0.13517524411165588,False,False,False,False,False,False,False,False,False,False,False,False,False,True,False,False
"25.5 tỷ | Căn hộ 3 phòng ngủ diện tích lớn Empire City hướng Đông Nam, diện tích 148.7m² | A02198664 • Mai Chí Thọ, Thủ Thiêm, Quận 2, | 3 | 3 | 148.7 m²",25500.0,0.009365004233505933,0.9760817157698958,1.6763682392298613,-0.6557443854688363,-0.13517524411165588,False,False,False,False,True,False,False,False,False,False,False,False,False,False,False,False
"10 tỷ | Căn hộ 1 phòng ngủ The Metropole Thủ Thiêm hướng Tây Bắc, diện tích 50m² | A02198666 • Đường R2, An Khánh, Quận 2, | 1 | 1 | 50 m²",10000.0,-0.04413054911200288,1.3412547290888845,-0.9897727591085721,-0.6557443854688363,-0.13517524411165588,False,False,False,False,True,False,False,False,False,False,False,False,False,False,True,False
"16.5 tỷ | Căn hộ 2 phòng ngủ Empire City hướng Đông Nam, diện tích 92.3m² | A02198668 • Mai Chí Thọ, Thủ Thiêm, Quận 2, | 2 | 2 | 92.3 m²",16500.0,-0.021203883392499102,1.069299034272336,0.5056980614217057,-0.6557443854688363,-0.13517524411165588,False,False,False,False,True,False,False,False,False,False,False,False,False,False,True,False
"10.7 tỷ | Căn hộ The Metropole Thủ Thiêm hướng Tây Bắc, diện tích 50m² | A02198669 • Đường R2, An Khánh, Quận 2, | 1 | 1 | 50 m²",10700.0,-0.04413054911200288,1.5205512336000804,-0.9897727591085721,-0.6557443854688363,-0.13517524411165588,False,False,False,False,True,False,False,False,False,False,False,False,False,False,True,False
"10.5 tỷ | Căn hộ cao cấp Empire City có 2 phòng ngủ, nội thất cơ bản. | A0287287 • Mai Chí Thọ, Thủ Thiêm, Quận 2, | 1 | 1 | 63.94 m²",10500.0,-0.03657504745408603,0.8829786641154537,-0.39148454070556726,-0.6557443854688363,-0.13517524411165588,False,False,False,False,True,False,False,False,False,False,False,False,False,False,True,False
"18 tỷ | Căn hộ Empire City tầng cao view sông thoáng mát, đầy đủ nội thất. | A0289931 • Mai Chí Thọ, Thủ Thiêm, Quận 2, | 2 | 2 | 91.57 m²",18000.0,-0.02159954452666548,1.2973389874887693,0.4862493529103378,-0.6557443854688363,-0.13517524411165588,False,False,False,False,True,False,False,False,False,False,False,False,False,False,True,False
"4.3 tỷ | Căn hộ Masteri Centre Point hướng Tây Bắc, diện tích 51m² | A09189179 • Nguyễn Xiển, Long Thạnh Mỹ, | 1 | 1 | 51 m²",4300.0,-0.04358854755835031,-0.14032703087758142,-0.9416942054369568,0.9724400052447274,-0.13517524411165588,False,False,False,False,False,False,False,False,False,False,False,False,False,True,True,False
"4.5 tỷ | Căn hộ Masteri Centre Point hướng Tây Bắc, diện tích 70m² | A09189210 • Nguyễn Xiển, Long Thạnh Mỹ, | 2 | 2 | 70 m²",4500.0,-0.033290518038951444,-0.39682363096862805,-0.1705883317692301,0.9724400052447274,-0.13517524411165588,False,False,False,False,False,False,False,False,False,False,False,False,False,True,True,False
"4.34 tỷ | Căn hộ Masteri Centre Point hướng Tây Bắc, diện tích 72m² | A09189341 • Nguyễn Xiển, Long Thạnh Mỹ, | 2 | 2 | 72 m²",4340.0,-0.0322065149316463,-0.4481528456954728,-0.10180702790000057,0.9724400052447274,-0.13517524411165588,False,False,False,False,False,False,False,False,False,False,False,False,False,True,True,False
"4.5 tỷ | Căn hộ Masteri Centre Point hướng Đông Bắc, diện tích 76m² | A09188656 • Nguyễn Xiển, Long Thạnh Mỹ, | 2 | 2 | 76 m²",4500.0,-0.030038508717036016,-0.4618210211646847,0.03027589805772795,0.9724400052447274,-0.13517524411165588,False,False,False,False,False,False,False,False,False,False,False,False,False,True,True,False
"5 tỷ | Căn hộ Masteri Centre Point hướng Đông Bắc, diện tích 72m² | A09188717 • Nguyễn Xiển, Long Thạnh Mỹ, | 2 | 2 | 72 m²",5000.0,-0.0322065149316463,-0.3307563248845707,-0.10180702790000057,0.9724400052447274,-0.13517524411165588,False,False,False,False,False,False,False,False,False,False,False,False,False,True,True,False
"4.3 tỷ | Căn hộ Masteri Centre Point hướng Bắc, diện tích 67m² | A09188250 • Nguyễn Xiển, Long Thạnh Mỹ, | 2 | 2 | 67 m²",4300.0,-0.034916522699909164,-0.39818897139286813,-0.277481235499105,0.9724400052447274,-0.13517524411165588,False,False,False,False,False,False,False,False,False,False,False,False,False,True,True,False
"GIẢM GIÁ | 5.3 tỷ | -10% | Căn hộ Masteri Centre Point hướng Tây Bắc, diện tích 72m² | A09189396 • Nguyễn Xiển, Long Thạnh Mỹ, | 2 | 2 | 72 m²",5300.0,-0.0322065149316463,-0.2773942699705242,-0.10180702790000057,0.9724400052447274,-0.13517524411165588,False,False,False,False,False,False,False,False,False,False,False,False,False,True,True,False
"4.6 tỷ | Căn hộ Masteri Centre Point hướng Đông Bắc, diện tích 72m² | A09188615 • Nguyễn Xiển, Long Thạnh Mỹ, | 2 | 2 | 72 m²",4600.0,-0.0322065149316463,-0.4019057314366326,-0.10180702790000057,0.9724400052447274,-0.13517524411165588,False,False,False,False,False,False,False,False,False,False,False,False,False,True,True,False
"11.5 tỷ | Bán Căn hộ giá tốt nhất tại The River Thủ Thiêm, diện tích 92m² | A02198659 • Lương Định Của, An Khánh, Quận 2, | 2 | 2 | 92 m²",11500.0,-0.02136648385859487,0.38073774063604854,0.4977239234015609,-0.6557443854688363,-0.13517524411165588,False,False,False,False,True,False,False,False,False,False,False,False,False,False,True,False
"1.45 tỷ | Căn hộ Vinhomes Grand Park, diện tích 40m² | A09140314 • Nguyễn Xiển, Long Thạnh Mỹ, | 1 | 1 | 40 m²",1450.0,-0.0495505646485286,-0.7558740290331406,-1.5301615422839812,0.9724400052447274,-0.13517524411165588,False,False,False,False,False,False,False,False,False,False,False,False,False,True,False,True
"GIẢM GIÁ | 1.35 tỷ | -10% | Căn hộ Vinhomes Grand Park hướng Đông Nam, diện tích 33m² | A0962160 • Nguyễn Xiển, Long Thạnh Mỹ, Quận 9, | 1 | 1 | 33 m²",1350.0,-0.0533445755240966,-0.6962055494474342,-1.9936912763920893,-0.6557443854688363,-0.13517524411165588,False,False,False,False,False,False,False,False,False,True,False,False,False,False,False,True
"GIẢM GIÁ | 2.6 tỷ | -2% | Căn hộ Vinhomes Grand Park không nội thất, tiện ích đầy đủ. | A0980633 • Nguyễn Xiển, Long Thạnh Mỹ, Quận 9, | 2 | 1 | 59 m²",2600.0,-0.03925253512912973,-0.65575234294865,-0.5873811365761936,-0.6557443854688363,-0.13517524411165588,False,False,False,False,False,False,False,False,False,True,False,False,False,False,True,False
"GIẢM GIÁ | 2.85 tỷ | -2% | Căn hộ Vinhomes Grand Park tầng cao, ban công hướng Đông Nam mát mẻ. | A0965579 • Nguyễn Xiển, Long Thạnh Mỹ, Quận 9, | 2 | 2 | 69 m²",2850.0,-0.03383251959260402,-0.6911435363330583,-0.205709030060077,-0.6557443854688363,-0.13517524411165588,False,False,False,False,False,False,False,False,False,True,False,False,False,False,True,False
"2.4 tỷ | Căn hộ Vinhomes Grand Park hướng ban công đông nam đầy đủ nội thất diện tích 59.1m². | A09123582 • Nguyễn Xiển, Long Thạnh Mỹ, | 2 | 1 | 59.1 m²",2400.0,-0.03919833497376448,-0.7000470264047906,-0.5832579587455408,0.9724400052447274,-0.13517524411165588,False,False,False,False,False,False,False,False,False,False,False,False,False,True,True,False
"GIẢM GIÁ | 2.15 tỷ | -2% | Căn hộ Vinhomes Grand Park hướng Tây Bắc, diện tích 59.1m² | A09123764 • Nguyễn Xiển, Long Thạnh Mỹ, | 2 | 1 | 59.1 m²",2150.0,-0.03919833497376448,-0.7542217014444316,-0.5832579587455408,0.9724400052447274,-0.13517524411165588,False,False,False,False,False,False,False,False,False,False,False,False,False,True,True,False
"11.5 tỷ | Căn hộ The River Thủ Thiêm hướng ban công tây bắc nội thất cơ bản diện tích 94m² | A02144497 • Lương Định Của, An Khánh, Quận 2, | 2 | 2 | 94 m²",11500.0,-0.020282480751289727,0.3466768545206997,0.550406075018785,-0.6557443854688363,-0.13517524411165588,False,False,False,False,True,False,False,False,False,False,False,False,False,False,True,False
"2.9 tỷ | Bán căn hộ chung cư 1PN+ The Privia Khang Điền Bình Tân giá tốt ngang HĐMB | ATA198635 • An Dương Vương, An Lạc, Bình Tân, | 1 | 1 | 55 m²",2900.0,-0.04142054134374002,-0.5448513573275934,-0.7582052589513175,0.9724400052447274,-0.13517524411165588,False,False,False,False,False,False,False,False,False,False,False,False,False,True,True,False
"3.04 tỷ | Bán căn hộ chung cư 1PN+ view Công viên Lý Chiêu Hoàng | ATA198636 • An Dương Vương, An Lạc, Bình Tân, | 1 | 1 | 51 m²",3040.0,-0.04358854755835031,-0.4567326270738097,-0.9416942054369568,0.9724400052447274,-0.13517524411165588,False,False,False,False,False,False,False,False,False,False,False,False,False,True,True,False
"4.31 tỷ | Căn hộ chung cư 3PN+ giá tốt The Privia Khang Điền Bình Tân, view hồ bơi | ATA198639 • An Dương Vương, An Lạc, Bình Tân, | 3 | 2 | 83 m²",4310.0,-0.026244497841468015,-0.5550912609649875,0.24571325833219854,0.9724400052447274,-0.13517524411165588,False,False,False,False,False,False,False,False,False,False,False,False,False,True,True,False
"4.33 tỷ | Căn hộ chung cư 3PN+ giá tốt The Privia Khang Điền Bình Tân, view hồ bơi | ATA198640 • An Dương Vương, An Lạc, Bình Tân, | 3 | 2 | 83 m²",4330.0,-0.026244497841468015,-0.5520052626085126,0.24571325833219854,0.9724400052447274,-0.13517524411165588,False,False,False,False,False,False,False,False,False,False,False,False,False,True,True,False
"4.31 tỷ | Căn hộ chung cư 3PN+ giá tốt The Privia Khang Điền Bình Tân, view hồ bơi nội khu | ATA198641 • An Dương Vương, An Lạc, Bình Tân, | 3 | 2 | 85 m²",4310.0,-0.02516049473416287,-0.5707390879254666,0.3039740102405572,0.9724400052447274,-0.13517524411165588,False,False,False,False,False,False,False,False,False,False,False,False,False,True,True,False
"4.67 tỷ | Căn hộ chung cư 3PN+ giá tốt The Privia Khang Điền Bình Tân, tầng cao, view hồ bơi | ATA198642 • An Dương Vương, An Lạc, Bình Tân, | 3 | 2 | 83 m²",4670.0,-0.026244497841468015,-0.49954329054843805,0.24571325833219854,0.9724400052447274,-0.13517524411165588,False,False,False,False,False,False,False,False,False,False,False,False,False,True,True,False
"3.78 tỷ | Căn hộ 2PN+ THE PRIVIA hướng Tây, diện tích 66m² | ATA198643 • An Dương Vương, An Lạc, Bình Tân, | 2 | 2 | 66 m²",3780.0,-0.03545852425356173,-0.48663820651226997,-0.31416290959985016,0.9724400052447274,-0.13517524411165588,False,False,False,False,False,False,False,False,False,False,False,False,False,True,True,False
"3.74 tỷ | Bán căn hộ 2PN THE PRIVIA hướng Bắc, diện tích 67m², view công viên Phú Lâm | ATA198644 • An Dương Vương, An Lạc, Bình Tân, | 2 | 2 | 67 m²",3740.0,-0.034916522699909164,-0.5052316606532837,-0.277481235499105,0.9724400052447274,-0.13517524411165588,False,False,False,False,False,False,False,False,False,False,False,False,False,True,True,False
"3.84 tỷ | Bán Căn hộ 2PN+ THE PRIVIA hướng Bắc, diện tích 66m², View Bến xe miền Tây | ATA198645 • An Dương Vương, An Lạc, Bình Tân, | 2 | 2 | 66 m²",3840.0,-0.03545852425356173,-0.4749955763492053,-0.31416290959985016,0.9724400052447274,-0.13517524411165588,False,False,False,False,False,False,False,False,False,False,False,False,False,True,True,False
"3.01 tỷ | Căn hộ THE PRIVIA hướng Tây, diện tích 51m², view Công viên Lý Chiêu Hoàng | ATA198646 • An Dương Vương, An Lạc, Bình Tân, | 1 | 1 | 51 m²",3010.0,-0.04358854755835031,-0.46426609364991034,-0.9416942054369568,0.9724400052447274,-0.13517524411165588,False,False,False,False,False,False,False,False,False,False,False,False,False,True,True,False
"3.89 tỷ | Căn hộ THE PRIVIA hướng Đông, diện tích 68m² | ATA198647 • An Dương Vương, An Lạc, Bình Tân, | 2 | 2 | 68 m²",3890.0,-0.03437452114625659,-0.48749428225955416,-0.24133507945281604,0.9724400052447274,-0.13517524411165588,False,False,False,False,False,False,False,False,False,False,False,False,False,True,True,False
"2.46 tỷ | Căn hộ Studio THE PRIVIA hướng Đông, diện tích 35m², view hồ bơi nội | ATA198648 • An Dương Vương, An Lạc, Bình Tân, | 1 | 1 | 35 m²",2460.0,-0.052260572416791454,-0.3199822718924012,-1.8521688890769001,0.9724400052447274,-0.13517524411165588,False,False,False,False,False,False,False,False,False,False,False,False,False,True,False,True
"4.54 tỷ | Căn hộ THE PRIVIA hướng Tây, diện tích 83m², View công viên Lý Chiêu Hoàng, Aeon Mall | ATA198649 • An Dương Vương, An Lạc, Bình Tân, | 3 | 2 | 83 m²",4540.0,-0.026244497841468015,-0.5196022798655254,0.24571325833219854,0.9724400052447274,-0.13517524411165588,False,False,False,False,False,False,False,False,False,False,False,False,False,True,True,False
"4.49 tỷ | Căn hộ chung cư 3PN+ giá tốt The Privia Khang Điền Bình Tân, view hồ bơi | ATA198650 • An Dương Vương, An Lạc, Bình Tân, | 3 | 2 | 83 m²",4490.0,-0.026244497841468015,-0.5273172757567128,0.24571325833219854,0.9724400052447274,-0.13517524411165588,False,False,False,False,False,False,False,False,False,False,False,False,False,True,True,False
"2.8 tỷ | Căn hộ Vinhomes Grand Park hướng Tây Bắc, diện tích 69.2m² | A09123960 • Nguyễn Xiển, Long Thạnh Mỹ, | 2 | 2 | 69.2 m²",2800.0,-0.0337241192818735,-0.7019259168685931,-0.19864492337062795,0.9724400052447274,-0.13517524411165588,False,False,False,False,False,False,False,False,False,False,False,False,False,True,True,False
"2.6 tỷ | Căn hộ Vinhomes Grand Park tầng 21 không nội thất, cửa hướng Đông Nam. | A0988850 • Nguyễn Xiển, Long Thạnh Mỹ, Quận 9, | 2 | 1 | 59.1 m²",2600.0,-0.03919833497376448,-0.6567072863730777,-0.5832579587455408,-0.6557443854688363,-0.13517524411165588,False,False,False,False,False,False,False,False,False,True,False,False,False,False,True,False
"GIẢM GIÁ | 2.95 tỷ | -11% | Căn hộ Vinhomes Grand Park hướng Đông Nam, diện tích 81.5m² | A0988836 • Nguyễn Xiển, Long Thạnh Mỹ, Quận 9, | 3 | 2 | 81.5 m²",2950.0,-0.02705750017194687,-0.7565615156301928,0.20110002043285183,-0.6557443854688363,-0.13517524411165588,False,False,False,False,False,False,False,False,False,True,False,False,False,False,True,False
"2.43 tỷ | Căn hộ Vinhomes Grand Park hướng Tây Bắc, diện tích 70m² | A0966477 • Nguyễn Xiển, Long Thạnh Mỹ, Quận 9, | 2 | 2 | 70 m²",2430.0,-0.033290518038951444,-0.7755417578443177,-0.1705883317692301,-0.6557443854688363,-0.13517524411165588,False,False,False,False,False,False,False,False,False,True,False,False,False,False,True,False
"GIẢM GIÁ | 2.7 tỷ | -10% | Căn hộ Vinhomes Grand Park tầng thấp cùng đầy đủ nội thất. | A0966385 • Nguyễn Xiển, Long Thạnh Mỹ, Quận 9, | 2 | 2 | 70 m²",2700.0,-0.033290518038951444,-0.7261437412953148,-0.1705883317692301,-0.6557443854688363,-0.13517524411165588,False,False,False,False,False,False,False,False,False,True,False,False,False,False,True,False
"2.7 tỷ | Căn hộ Vinhomes Grand Park tầng thấp và nội thất cơ bản. | A0966406 • Nguyễn Xiển, Long Thạnh Mỹ, Quận 9, | 2 | 2 | 70 m²",2700.0,-0.033290518038951444,-0.7261437412953148,-0.1705883317692301,-0.6557443854688363,-0.13517524411165588,False,False,False,False,False,False,False,False,False,True,False,False,False,False,True,False
"3.2 tỷ | Bán căn hộ Vinhomes Grand Park tầng cao, thiết kế hiện đại. | A0959539 • Nguyễn Xiển, Long Thạnh Mỹ, Quận 9, | 3 | 2 | 81.7 m²",3200.0,-0.026949099861216356,-0.7185075276667686,0.20709510257518138,-0.6557443854688363,-0.13517524411165588,False,False,False,False,False,False,False,False,False,True,False,False,False,False,True,False
"GIẢM GIÁ | 2.55 tỷ | -2% | Căn hộ Vinhomes Grand Park hướng Đông Nam, diện tích 70m² | A0995959 • Nguyễn Xiển, Long Thạnh Mỹ, Quận 9, | 2 | 2 | 70 m²",2550.0,-0.033290518038951444,-0.7535870838225386,-0.1705883317692301,-0.6557443854688363,-0.13517524411165588,False,False,False,False,False,False,False,False,False,True,False,False,False,False,True,False
"3.7 tỷ | Căn hộ Saigon Gateway nội thất đầy đủ cao cấp, view thành phố thoáng mát | A0979247 • Xa Lộ Hà Nội, Phước Long B, Quận 9, | 3 | 2 | 90 m²",3700.0,-0.022450486965900015,-0.6936182983000864,0.4438964183626748,-0.6557443854688363,-0.13517524411165588,False,False,False,False,False,False,False,False,False,True,False,False,False,False,True,False
"3.5 tỷ | Căn hộ Saigon Gateway nội thất đầy đủ, view thành phố | A09112097 • Xa Lộ Hà Nội, Phước Long B, Quận 9, | 3 | 2 | 90.78 m²",3500.0,-0.022027725754051007,-0.7263573708985963,0.4650285612801725,-0.6557443854688363,-0.13517524411165588,False,False,False,False,False,False,False,False,False,True,False,False,False,False,True,False
"GIẢM GIÁ | 3.5 tỷ | -13% | Căn hộ Saigon Gateway thiết kế 3 phòng ngủ, đầy đủ nội thất. | A0992588 • Xa Lộ Hà Nội, Phước Long B, Quận 9, | 3 | 2 | 90.88 m²",3500.0,-0.021973525598685754,-0.726900687949528,0.46772481300596885,-0.6557443854688363,-0.13517524411165588,False,False,False,False,False,False,False,False,False,True,False,False,False,False,True,False
"3 tỷ | Căn hộ Vinhomes Grand Park hướng Đông Bắc, diện tích 69m² | A09189893 • Nguyễn Xiển, Long Thạnh Mỹ, | 2 | 2 | 69 m²",3000.0,-0.03383251959260402,-0.6633024642039905,-0.205709030060077,0.9724400052447274,-0.13517524411165588,False,False,False,False,False,False,False,False,False,False,False,False,False,True,True,False
"3.1 tỷ | Căn hộ Vinhomes Grand Park hướng Đông Bắc, diện tích 81.7m² | A09122968 • Nguyễn Xiển, Long Thạnh Mỹ, | 3 | 2 | 81.7 m²",3100.0,-0.026949099861216356,-0.734183039514224,0.20709510257518138,0.9724400052447274,-0.13517524411165588,False,False,False,False,False,False,False,False,False,False,False,False,False,True,True,False
"2.9 tỷ | Căn hộ Vinhomes Grand Park hướng Tây Nam, diện tích 69.4m² | A09123131 • Nguyễn Xiển, Long Thạnh Mỹ, | 2 | 2 | 69.4 m²",2900.0,-0.03361571897114299,-0.684965546264072,-0.1916009137401609,0.9724400052447274,-0.13517524411165588,False,False,False,False,False,False,False,False,False,False,False,False,False,True,True,False
"GIẢM GIÁ | 2.2 tỷ | -10% | Căn hộ Vinhomes Grand Park hướng ban công đông bắc không có nội thất diện tích 61.5m² | A0981612 • Nguyễn Xiển, Long Thạnh Mỹ, Quận 9, | 2 | 1 | 61.5 m²",2200.0,-0.037897531244998305,-0.7619911426452386,-0.4863071960772287,-0.6557443854688363,-0.13517524411165588,False,False,False,False,False,False,False,False,False,True,False,False,False,False,True,False
"2.85 tỷ | Căn hộ Vinhomes Grand Park hướng Đông Bắc, view nội khu siêu đẹp. | A0965565 • Nguyễn Xiển, Long Thạnh Mỹ, Quận 9, | 2 | 2 | 67.5 m²",2850.0,-0.03464552192308287,-0.6793884169896741,-0.25934219675145703,-0.6557443854688363,-0.13517524411165588,False,False,False,False,False,False,False,False,False,True,False,False,False,False,True,False
"GIẢM GIÁ | 2.5 tỷ | -2% | Căn hộ Vinhomes Grand Park có 2 phòng ngủ, nội thất cơ bản. | A09108017 • Nguyễn Xiển, Long Thạnh Mỹ, | 2 | 2 | 69 m²",2500.0,-0.03383251959260402,-0.7561060379675495,-0.205709030060077,0.9724400052447274,-0.13517524411165588,False,False,False,False,False,False,False,False,False,False,False,False,False,True,True,False
"14 tỷ | Căn hộ Empire City hướng ban công đông bắc đầy đủ nội thất diện tích 93.2m² | A02116861 • Mai Chí Thọ, Thủ Thiêm, Quận 2, | 2 | 2 | 93.2 m²",14000.0,-0.020716081994211783,0.7036583304592479,0.5294675340375303,-0.6557443854688363,-0.13517524411165588,False,False,False,False,True,False,False,False,False,False,False,False,False,False,True,False
"16.5 tỷ | Căn hộ Empire City hướng ban công đông nam đầy đủ nội thất diện tích 98m² | A02138541 • Mai Chí Thọ, Thủ Thiêm, Quận 2, | 2 | 2 | 98 m²",16500.0,-0.018114474536679442,0.9361387203536747,0.6525223088251296,-0.6557443854688363,-0.13517524411165588,False,False,False,False,True,False,False,False,False,False,False,False,False,False,True,False
"8.3 tỷ | Căn hộ Hoàng Anh River View đầy đủ nội thất diện tích 149m². | A02137403 • Nguyễn Văn Hưởng, Thảo Điền, | 4 | 3 | 149 m²",8300.0,0.00952760469960171,-0.5067197900821198,1.6813251332080312,0.9724400052447274,-0.13517524411165588,False,False,False,False,False,False,False,False,False,False,False,False,False,True,False,False
"1.6 tỷ | Căn hộ Vinhomes Grand Park tầng cao, hướng sông Tắc. | A0968522 • Nguyễn Xiển, Long Thạnh Mỹ, Quận 9, | 1 | 1 | 30 m²",1600.0,-0.05497058018505431,-0.5370896038855502,-2.2224046347749415,-0.6557443854688363,-0.13517524411165588,False,False,False,False,False,False,False,False,False,True,False,False,False,False,False,True
"1.6 tỷ | Căn hộ Vinhomes Grand Park hướng Đông Nam | A09121048 • Nguyễn Xiển, Long Thạnh Mỹ, | 1 | 1 | 30.9 m²",1600.0,-0.054482778786766994,-0.5569838068826316,-2.1515453967928364,0.9724400052447274,-0.13517524411165588,False,False,False,False,False,False,False,False,False,False,False,False,False,True,False,True
"GIẢM GIÁ | 2.45 tỷ | -11% | Căn hộ Vinhomes Grand Park, diện tích 67m² | A09113985 • Nguyễn Xiển, Long Thạnh Mỹ, | 2 | 2 | 67 m²",2450.0,-0.034916522699909164,-0.7518121412710266,-0.277481235499105,0.9724400052447274,-0.13517524411165588,False,False,False,False,False,False,False,False,False,False,False,False,False,True,True,False
"2.6 tỷ | Căn hộ Vinhomes Grand Park hướng ban công đông nam nội thất cơ bản diện tích 67.5m². | A09124711 • Nguyễn Xiển, Long Thạnh Mỹ, | 2 | 2 | 67.5 m²",2600.0,-0.03464552192308287,-0.7268213546910487,-0.25934219675145703,0.9724400052447274,-0.13517524411165588,False,False,False,False,False,False,False,False,False,False,False,False,False,True,True,False
"GIẢM GIÁ | 3.8 tỷ | -16% | Căn hộ Vinhomes Grand Park, diện tích 82m² | A09116220 • Nguyễn Xiển, Long Thạnh Mỹ, | 3 | 2 | 82 m²",3800.0,-0.026786499395120587,-0.626633735058389,0.21606059595042093,0.9724400052447274,-0.13517524411165588,False,False,False,False,False,False,False,False,False,False,False,False,False,True,True,False
"1.4 tỷ | Căn hộ Vinhomes Grand Park nội thất cơ bản, view thoáng | A09124554 • Nguyễn Xiển, Long Thạnh Mỹ, | 1 | 1 | 30.1 m²",1400.0,-0.05491638002968906,-0.6244544565820356,-2.2144304967547956,0.9724400052447274,-0.13517524411165588,False,False,False,False,False,False,False,False,False,False,False,False,False,True,False,True
"1.5 tỷ | Căn hộ Vinhomes Grand Park hướng ban công đông bắc đầy đủ nội thất diện tích 30.1m² | A09124462 • Nguyễn Xiển, Long Thạnh Mỹ, | 1 | 1 | 30.1 m²",1500.0,-0.05491638002968906,-0.5819066387103706,-2.2144304967547956,0.9724400052447274,-0.13517524411165588,False,False,False,False,False,False,False,False,False,False,False,False,False,True,False,True
"GIẢM GIÁ | 3 tỷ | -3% | Căn hộ Vinhomes Grand Park hướng Tây Bắc, diện tích 67.5m² | A0981878 • Nguyễn Xiển, Long Thạnh Mỹ, Quận 9, | 2 | 2 | 67.5 m²",3000.0,-0.03464552192308287,-0.6509286543688493,-0.25934219675145703,-0.6557443854688363,-0.13517524411165588,False,False,False,False,False,False,False,False,False,True,False,False,False,False,True,False
"8.25 tỷ | Bán căn hộ The Beverly, 3 phòng ngủ diện tích 100m2 view trực diện 36ha, chỉ | A09198521 • Nguyễn Xiển, Long Bình, Quận 9, | 3 | 2 | 101.5 m²",8250.0,-0.0170304714293743,-0.16355521948722515,0.7020433138717228,-0.6557443854688363,-0.13517524411165588,False,False,False,False,False,False,False,False,False,True,False,False,False,False,False,False
"2.4 tỷ | Căn hộ Vinhomes Grand Park hướng Đông Nam, diện tích 59m² | A09110714 • Nguyễn Xiển, Long Thạnh Mỹ, | 2 | 1 | 59 m²",2400.0,-0.03925253512912973,-0.6991655401668574,-0.5873811365761936,0.9724400052447274,-0.13517524411165588,False,False,False,False,False,False,False,False,False,False,False,False,False,True,True,False
"2.5 tỷ | Căn hộ Vinhomes Grand Park hướng Đông Nam, diện tích 59m² | A0982297 • Nguyễn Xiển, Long Thạnh Mỹ, Quận 9, | 2 | 1 | 59 m²",2500.0,-0.03925253512912973,-0.6774589415577538,-0.5873811365761936,-0.6557443854688363,-0.13517524411165588,False,False,False,False,False,False,False,False,False,True,False,False,False,False,True,False
"GIẢM GIÁ | 2.35 tỷ | -1% | Căn hộ Vinhomes Grand Park hướng Đông Nam, diện tích 59m² | A0991748 • Nguyễn Xiển, Long Thạnh Mỹ, Quận 9, | 2 | 1 | 59 m²",2350.0,-0.03925253512912973,-0.7100188394714092,-0.5873811365761936,-0.6557443854688363,-0.13517524411165588,False,False,False,False,False,False,False,False,False,True,False,False,False,False,True,False
"GIẢM GIÁ | 1.85 tỷ | -8% | Căn hộ Vinhomes Grand Park tầng cao mát mẻ, nội thất cơ bản. | A09112267 • Nguyễn Xiển, Long Thạnh Mỹ, | 1 | 1 | 46.5 m²",1850.0,-0.04602755454978688,-0.7106023501867077,-1.1658039658741994,0.9724400052447274,-0.13517524411165588,False,False,False,False,False,False,False,False,False,False,False,False,False,True,False,True
"GIẢM GIÁ | 7.3 tỷ | -3% | Căn hộ Masteri Centre Point hướng Đông Nam, diện tích 95.66m² | A09189168 • Nguyễn Xiển, Long Thạnh Mỹ, | 3 | 2 | 95.66 m²",7300.0,-0.019382758172226462,-0.24280506704658897,0.5932967062004801,0.9724400052447274,-0.13517524411165588,False,False,False,False,False,False,False,False,False,False,False,False,False,True,True,False
"2 tỷ | Căn hộ Vinhomes Grand Park tầng cao và view nội khu. | A0966395 • Nguyễn Xiển, Long Thạnh Mỹ, Quận 9, | 1 | 1 | 46.5 m²",2000.0,-0.04602755454978688,-0.6692897915435749,-1.1658039658741994,-0.6557443854688363,-0.13517524411165588,False,False,False,False,False,False,False,False,False,True,False,False,False,False,False,True
"GIẢM GIÁ | 2 tỷ | -7% | Căn hộ Vinhomes Grand Park hướng ban công đông nam đầy đủ nội thất diện tích 46.7m² | A0985158 • Nguyễn Xiển, Long Thạnh Mỹ, Quận 9, | 1 | 1 | 46.7 m²",2000.0,-0.04591915423905636,-0.6716488241570301,-1.1554007248753928,-0.6557443854688363,-0.13517524411165588,False,False,False,False,False,False,False,False,False,True,False,False,False,False,False,True
"GIẢM GIÁ | 2.15 tỷ | -3% | Căn hộ Vinhomes Grand Park tầng trung đón view nội khu yên tĩnh. | A0967016 • Nguyễn Xiển, Long Thạnh Mỹ, Quận 9, | 1 | 1 | 47 m²",2150.0,-0.0457565537729606,-0.6342766656013454,-1.139877365467433,-0.6557443854688363,-0.13517524411165588,False,False,False,False,False,False,False,False,False,True,False,False,False,False,False,True
"GIẢM GIÁ | 1.8 tỷ | -4% | Căn hộ Vinhomes Grand Park hướng ban công đông nam nội thất cơ bản diện tích 46.5m² | A0992172 • Nguyễn Xiển, Long Thạnh Mỹ, Quận 9, | 1 | 1 | 46.5 m²",1800.0,-0.04602755454978688,-0.7243732030677519,-1.1658039658741994,-0.6557443854688363,-0.13517524411165588,False,False,False,False,False,False,False,False,False,True,False,False,False,False,False,True
"2.2 tỷ | Căn hộ nội thất cơ bản Vinhomes Grand Park tầng trung đón gió. | A0966929 • Nguyễn Xiển, Long Thạnh Mỹ, Quận 9, | 1 | 1 | 47 m²",2200.0,-0.0457565537729606,-0.6206523111552059,-1.139877365467433,-0.6557443854688363,-0.13517524411165588,False,False,False,False,False,False,False,False,False,True,False,False,False,False,False,True
"GIẢM GIÁ | 2.35 tỷ | -4% | Căn hộ Vinhomes Grand Park tầng trung, ban công view sông Tắc. | A0968532 • Nguyễn Xiển, Long Thạnh Mỹ, Quận 9, | 1 | 1 | 51.5 m²",2350.0,-0.043317546781524024,-0.6357316937460787,-0.9180005536695443,-0.6557443854688363,-0.13517524411165588,False,False,False,False,False,False,False,False,False,True,False,False,False,False,True,False
"GIẢM GIÁ | 1.9 tỷ | -4% | Căn hộ Vinhomes Grand Park diện tích 46m2 rộng thoáng. | A09114079 • Nguyễn Xiển, Long Thạnh Mỹ, | 1 | 1 | 46 m²",1900.0,-0.046298555326613165,-0.6911435363330583,-1.1920049269344806,0.9724400052447274,-0.13517524411165588,False,False,False,False,False,False,False,False,False,False,False,False,False,True,False,True
"5.3 tỷ | Căn hộ Vinhomes Grand Park hướng Tây Nam, diện tích 79.9 m² | A09162227 • Nguyễn Xiển, Long Thạnh Mỹ, | 2 | 2 | 79.9 m²",5300.0,-0.027924702657790984,-0.3706053354378219,0.15260950678724625,0.9724400052447274,-0.13517524411165588,False,False,False,False,False,False,False,False,False,False,False,False,False,True,True,False
"4.54 tỷ | Căn hộ Masteri Centre Point view hồ bơi hướng Đông Bắc, diện tích 73.91m² | A09188497 • Nguyễn Xiển, Long Thạnh Mỹ, | 2 | 2 | 73.91 m²",4540.0,-0.031171291964169894,-0.43344693432769343,-0.03785785306729298,0.9724400052447274,-0.13517524411165588,False,False,False,False,False,False,False,False,False,False,False,False,False,True,True,False
"5.11 tỷ | Căn hộ Masteri Centre Point view hồ bơi hướng Đông Bắc, diện tích 73.91m² | A09188548 • Nguyễn Xiển, Long Thạnh Mỹ, | 2 | 2 | 73.91 m²",5110.0,-0.031171291964169894,-0.33467912060503674,-0.03785785306729298,0.9724400052447274,-0.13517524411165588,False,False,False,False,False,False,False,False,False,False,False,False,False,True,True,False
"22.77 tỷ | Căn hộ Grand Marina Saigon hướng Đông Nam, diện tích 63.11m² | A01198614 • Tôn Đức Thắng, Bến Nghé, Quận 1, | 1 | 1 | 63.11 m²",22770.0,-0.03702490874361766,3.4005852945184265,-0.42333392529258523,-3.0980209715391815,6.666686314666153,False,False,False,True,False,False,False,False,False,False,False,False,False,False,True,False
"4.85 tỷ | Căn hộ 2PN Masteri Centre Point view nội khu hồ bơi hướng Đông Bắc, diện tích 71.85m² | A09188655 • Nguyễn Xiển, Long Thạnh Mỹ, | 2 | 2 | 71.85 m²",4850.0,-0.03228781516469419,-0.3556363365703124,-0.10689986695672817,0.9724400052447274,-0.13517524411165588,False,False,False,False,False,False,False,False,False,False,False,False,False,True,True,False
"5.3 tỷ | Căn hộ Vinhomes Grand Park hướng Tây Bắc, diện tích 103.6m² | A09137513 • Nguyễn Xiển, Long Thạnh Mỹ, | 3 | 2 | 103.6 m²",5300.0,-0.015079265836225044,-0.5649450086128825,0.7887592172962108,0.9724400052447274,-0.13517524411165588,False,False,False,False,False,False,False,False,False,False,False,False,False,True,False,False
"4.9 tỷ | Căn hộ Masteri Centre Point, diện tích 76m² | A09189576 • Nguyễn Xiển, Long Thạnh Mỹ, | 2 | 2 | 76 m²",4900.0,-0.030038508717036016,-0.39441632022062606,0.03027589805772795,0.9724400052447274,-0.13517524411165588,False,False,False,False,False,False,False,False,False,False,False,False,False,True,True,False
"5.5 tỷ | Căn hộ Masteri Centre Point hướng Đông Nam, diện tích 71,15 m² | A09189715 • Nguyễn Xiển, Long Thạnh Mỹ, | 2 | 2 | 71.15 m²",5500.0,-0.06310060348984288,3.4757369256507427,-3.8600059236439357,0.9724400052447274,-0.13517524411165588,False,False,False,False,False,False,False,False,False,False,False,False,False,True,False,True
"3.9 tỷ | Căn hộ Masteri Centre Point hướng Đông Nam, diện tích 73.87m² | A09189597 • Nguyễn Xiển, Long Thạnh Mỹ, | 2 | 2 | 73.87 m²",3900.0,-0.03119297202631599,-0.543978199467794,-0.03918030881518049,0.9724400052447274,-0.13517524411165588,False,False,False,False,False,False,False,False,False,False,False,False,False,True,True,False
"3.9 tỷ | Căn hộ Masteri Centre Point hướng Tây Bắc, diện tích 67.6m² | A09189606 • Nguyễn Xiển, Long Thạnh Mỹ, | 2 | 2 | 67.6 m²",3900.0,-0.03459132176771762,-0.4812646848985477,-0.255730281136277,0.9724400052447274,-0.13517524411165588,False,False,False,False,False,False,False,False,False,False,False,False,False,True,True,False
"5 tỷ | Căn hộ Masteri Centre Point hướng Tây Bắc, diện tích 74.95m² | A09189653 • Nguyễn Xiển, Long Thạnh Mỹ, | 2 | 2 | 74.95 m²",5000.0,-0.030607610348371214,-0.365761453191539,-0.0037196160669167957,0.9724400052447274,-0.13517524411165588,False,False,False,False,False,False,False,False,False,False,False,False,False,True,True,False
"GIẢM GIÁ | 3.45 tỷ | -4% | Căn hộ Masteri Centre Point, diện tích 51m² | A09189447 • Nguyễn Xiển, Long Thạnh Mỹ, | 1 | 1 | 51 m²",3450.0,-0.04358854755835031,-0.35377525053376724,-0.9416942054369568,0.9724400052447274,-0.13517524411165588,False,False,False,False,False,False,False,False,False,False,False,False,False,True,True,False
"4.3 tỷ | Căn hộ Masteri Centre Point, diện tích 67m² | A09189376 • Nguyễn Xiển, Long Thạnh Mỹ, | 2 | 2 | 67 m²",4300.0,-0.034916522699909164,-0.39818897139286813,-0.277481235499105,0.9724400052447274,-0.13517524411165588,False,False,False,False,False,False,False,False,False,False,False,False,False,True,True,False
"4.3 tỷ | Căn hộ Masteri Centre Point | A09189398 • Nguyễn Xiển, Long Thạnh Mỹ, | 2 | 2 | 74 m²",4300.0,-0.03112251182434116,-0.4759395733894538,-0.034884907684953156,0.9724400052447274,-0.13517524411165588,False,False,False,False,False,False,False,False,False,False,False,False,False,True,True,False
"7 tỷ | Căn hộ Masteri Centre Point | A09189518 • Nguyễn Xiển, Long Thạnh Mỹ, | 3 | 2 | 96.45 m²",7000.0,-0.018954576944840925,-0.29064487873352496,0.6134504880220238,0.9724400052447274,-0.13517524411165588,False,False,False,False,False,False,False,False,False,False,False,False,False,True,True,False
"GIẢM GIÁ | 4.2 tỷ | -2% | Căn hộ 1PN Masteri Centre Point hướng Đông Nam, diện tích 51.23m² | A09189486 • Nguyễn Xiển, Long Thạnh Mỹ, | 1 | 1 | 51.23 m²",4200.0,-0.04346388720101022,-0.17017365589018923,-0.9307669580264413,0.9724400052447274,-0.13517524411165588,False,False,False,False,False,False,False,False,False,False,False,False,False,True,True,False
"7 tỷ | Căn hộ Masteri Centre Point | A09189329 • Nguyễn Xiển, Long Thạnh Mỹ, | 3 | 2 | 96.45 m²",7000.0,-0.018954576944840925,-0.29064487873352496,0.6134504880220238,0.9724400052447274,-0.13517524411165588,False,False,False,False,False,False,False,False,False,False,False,False,False,True,True,False
"5 tỷ | Căn hộ Masteri Centre Point hướng Tây Bắc | A09189406 • Nguyễn Xiển, Long Thạnh Mỹ, | 2 | 2 | 72 m²",5000.0,-0.0322065149316463,-0.3307563248845707,-0.10180702790000057,0.9724400052447274,-0.13517524411165588,False,False,False,False,False,False,False,False,False,False,False,False,False,True,True,False
"8.5 tỷ | Căn hộ Masteri Centre Point hướng Đông Nam, diện tích 97,44 m² | A09189073 • Nguyễn Xiển, Long Thạnh Mỹ, | 3 | 2 | 97.44 m²",8500.0,-0.04738255843391831,1.2539350028658995,-1.2996726601856596,0.9724400052447274,-0.13517524411165588,False,False,False,False,False,False,False,False,False,False,False,False,False,True,False,True
"7 tỷ | Căn hộ Masteri Centre Point hướng Đông Nam, diện tích 99,38 m² | A09189069 • Nguyễn Xiển, Long Thạnh Mỹ, | 3 | 2 | 99.38 m²",7000.0,-0.05063456775583374,1.1390406262567085,-1.653985729046424,0.9724400052447274,-0.13517524411165588,False,False,False,False,False,False,False,False,False,False,False,False,False,True,False,True
"3.06 tỷ | Bán căn hộ chung cư 1PN+ giá tốt The Privia Khang Điền Bình Tân, view hồ bơi | ATA198620 • An Dương Vương, An Lạc, Bình Tân, | 1 | 1 | 50 m²",3060.0,-0.04413054911200288,-0.4363420442078305,-0.9897727591085721,0.9724400052447274,-0.13517524411165588,False,False,False,False,False,False,False,False,False,False,False,False,False,True,True,False
"2.97 tỷ | Bán căn hộ chung cư 1PN+ giá tốt The Privia Khang Điền Bình Tân, View Đầm Sen | ATA198621 • An Dương Vương, An Lạc, Bình Tân, | 1 | 1 | 51 m²",2970.0,-0.04358854755835031,-0.47431071575137795,-0.9416942054369568,0.9724400052447274,-0.13517524411165588,False,False,False,False,False,False,False,False,False,False,False,False,False,True,True,False
"3.95 tỷ | Bán căn hộ chung cư 2PN+ giá tốt The Privia Khang Điền Bình Tân, view City | ATA198622 • An Dương Vương, An Lạc, Bình Tân, | 2 | 2 | 68 m²",3950.0,-0.03437452114625659,-0.4761940823954031,-0.24133507945281604,0.9724400052447274,-0.13517524411165588,False,False,False,False,False,False,False,False,False,False,False,False,False,True,True,False
"3.6 tỷ | Bán căn hộ chung cư 2PN+ giá tốt The Privia Khang Điền Bình Tân, view biệt thự nhà phố SHoli | ATA198623 • An Dương Vương, An Lạc, Bình Tân, | 2 | 2 | 67 m²",3600.0,-0.034916522699909164,-0.5319923329683875,-0.277481235499105,0.9724400052447274,-0.13517524411165588,False,False,False,False,False,False,False,False,False,False,False,False,False,True,True,False
"3.94 tỷ | Bán căn hộ chung cư 2PN+ giá tốt The Privia Khang Điền Bình Tân, view nhà phố Sholi | ATA198624 • An Dương Vương, An Lạc, Bình Tân, | 2 | 2 | 68 m²",3940.0,-0.03437452114625659,-0.47807744903942834,-0.24133507945281604,0.9724400052447274,-0.13517524411165588,False,False,False,False,False,False,False,False,False,False,False,False,False,True,True,False
"3.8 tỷ | Bán căn hộ chung cư 2PN+ giá tốt The Privia Khang Điền Bình Tân, view biệt thự Sholi | ATA198625 • An Dương Vương, An Lạc, Bình Tân, | 2 | 2 | 68 m²",3800.0,-0.03437452114625659,-0.5044445820557806,-0.24133507945281604,0.9724400052447274,-0.13517524411165588,False,False,False,False,False,False,False,False,False,False,False,False,False,True,True,False
"3.84 tỷ | Bán căn hộ chung cư 2PN+ góc giá tốt The Privia Khang Điền Bình Tân | ATA198626 • An Dương Vương, An Lạc, Bình Tân, | 2 | 2 | 70 m²",3840.0,-0.033290518038951444,-0.5175743380884132,-0.1705883317692301,0.9724400052447274,-0.13517524411165588,False,False,False,False,False,False,False,False,False,False,False,False,False,True,True,False
"3.87 tỷ | Bán căn hộ chung cư 2PN+ giá tốt The Privia Khang Điền Bình Tân, View công viên Đầm Sen | ATA198627 • An Dương Vương, An Lạc, Bình Tân, | 2 | 2 | 69 m²",3870.0,-0.03383251959260402,-0.5018242458553978,-0.205709030060077,0.9724400052447274,-0.13517524411165588,False,False,False,False,False,False,False,False,False,False,False,False,False,True,True,False
"4 tỷ | Bán căn hộ chung cư 2PN+ Góc The Privia, view công viên Lý Chiêu Hoàng | ATA198628 • An Dương Vương, An Lạc, Bình Tân, | 2 | 2 | 69 m²",4000.0,-0.03383251959260402,-0.47769531667687243,-0.205709030060077,0.9724400052447274,-0.13517524411165588,False,False,False,False,False,False,False,False,False,False,False,False,False,True,True,False
"3.87 tỷ | Bán căn hộ chung cư 2PN+ Góc giá tốt The Privia Khang Điền Bình Tân, view công viên Lý Chiêu Hoàng | ATA198629 • An Dương Vương, An Lạc, Bình Tân, | 2 | 2 | 69 m²",3870.0,-0.03383251959260402,-0.5018242458553978,-0.205709030060077,0.9724400052447274,-0.13517524411165588,False,False,False,False,False,False,False,False,False,False,False,False,False,True,True,False
"3.92 tỷ | Bán căn hộ chung cư 2PN+ giá tốt The Privia Khang Điền Bình Tân, View đường Võ Văn Kiệt | ATA198630 • An Dương Vương, An Lạc, Bình Tân, | 2 | 2 | 67 m²",3920.0,-0.034916522699909164,-0.47082508196243583,-0.277481235499105,0.9724400052447274,-0.13517524411165588,False,False,False,False,False,False,False,False,False,False,False,False,False,True,True,False
"3.97 tỷ | Bán căn hộ chung cư 2PN+ Góc giá tốt The Privia Khang Điền Bình Tân, view Công viên Lý Chiêu Hoàng thoáng mát | ATA198631 • An Dương Vương, An Lạc, Bình Tân, | 2 | 2 | 69 m²",3970.0,-0.03383251959260402,-0.483263531102686,-0.205709030060077,0.9724400052447274,-0.13517524411165588,False,False,False,False,False,False,False,False,False,False,False,False,False,True,True,False
"GIẢM GIÁ | 3.1 tỷ | -3% | Căn hộ Masteri Centre Point hướng Tây Bắc, diện tích 53.91m² | A09189076 • Nguyễn Xiển, Long Thạnh Mỹ, | 1 | 1 | 53.91 m²",3100.0,-0.042011323037221326,-0.48368597586250006,-0.8068733989372147,0.9724400052447274,-0.13517524411165588,False,False,False,False,False,False,False,False,False,False,False,False,False,True,True,False
"4.8 tỷ | Căn hộ Masteri Centre Point, diện tích 73m² | A09188872 • Nguyễn Xiển, Long Thạnh Mỹ, | 2 | 2 | 73 m²",4800.0,-0.03166451337799373,-0.37802682101847473,-0.06811987266673303,0.9724400052447274,-0.13517524411165588,False,False,False,False,False,False,False,False,False,False,False,False,False,True,True,False
"7.7 tỷ | Căn hộ Masteri Centre Point, diện tích 95.16m² | A09188919 • Nguyễn Xiển, Long Thạnh Mỹ, | 3 | 2 | 95.16 m²",7700.0,-0.019653758949052746,-0.18383683783664947,0.5804558532562031,0.9724400052447274,-0.13517524411165588,False,False,False,False,False,False,False,False,False,False,False,False,False,True,True,False
"7.5 tỷ | Căn hộ Masteri Centre Point hướng Đông Nam, diện tích 99,37 m² | A09188910 • Nguyễn Xiển, Long Thạnh Mỹ, | 3 | 2 | 99.37 m²",7500.0,-0.05117656930948631,1.3758679538979957,-1.71830019476544,0.9724400052447274,-0.13517524411165588,False,False,False,False,False,False,False,False,False,False,False,False,False,True,False,True
"4.4 tỷ | Căn hộ Masteri Centre Point, diện tích 73m² | A09188614 • Nguyễn Xiển, Long Thạnh Mỹ, | 2 | 2 | 73 m²",4400.0,-0.03166451337799373,-0.448201578165714,-0.06811987266673303,0.9724400052447274,-0.13517524411165588,False,False,False,False,False,False,False,False,False,False,False,False,False,True,True,False
"6.3 tỷ | Căn hộ Masteri Centre Point, diện tích 100m² | A09188554 • Nguyễn Xiển, Long Thạnh Mỹ, | 3 | 2 | 100 m²",6300.0,-0.0170304714293743,-0.4132896364849625,0.7020433138717228,0.9724400052447274,-0.13517524411165588,False,False,False,False,False,False,False,False,False,False,False,False,False,True,False,False
"4 tỷ | Căn hộ Masteri Centre Point, diện tích 73.91m² | A09188533 • Nguyễn Xiển, Long Thạnh Mỹ, | 2 | 2 | 73.91 m²",4000.0,-0.031171291964169894,-0.527016442064947,-0.03785785306729298,0.9724400052447274,-0.13517524411165588,False,False,False,False,False,False,False,False,False,False,False,False,False,True,True,False
"5.16 tỷ | Căn hộ 2PN Masteri Centre Point view hồ bơi nội khu hướng Đông Bắc, diện tích 73.18m² | A09188607 • Nguyễn Xiển, Long Thạnh Mỹ, | 2 | 2 | 73.18 m²",5160.0,-0.031566953098336265,-0.3170961832877346,-0.062104561451553235,0.9724400052447274,-0.13517524411165588,False,False,False,False,False,False,False,False,False,False,False,False,False,True,True,False
"5 tỷ | Căn hộ Masteri Centre Point hướng Đông Bắc, diện tích 70m² | A09188540 • Nguyễn Xiển, Long Thạnh Mỹ, | 2 | 2 | 70 m²",5000.0,-0.033290518038951444,-0.3053458225445485,-0.1705883317692301,0.9724400052447274,-0.13517524411165588,False,False,False,False,False,False,False,False,False,False,False,False,False,True,True,False
"5.21 tỷ | Căn hộ Masteri Centre Point hướng Tây Nam, diện tích 74.38m² | A09188692 • Nguyễn Xiển, Long Thạnh Mỹ, | 2 | 2 | 74.38 m²",5210.0,-0.030916551233953184,-0.3230559656113238,-0.022371678075243734,0.9724400052447274,-0.13517524411165588,False,False,False,False,False,False,False,False,False,False,False,False,False,True,True,False
"6.3 tỷ | Căn hộ Masteri Centre Point hướng Tây Nam, diện tích 95m² | A09188738 • Nguyễn Xiển, Long Thạnh Mỹ, | 3 | 2 | 95 m²",6300.0,-0.019740479197637155,-0.3708246748902056,0.5763326754255502,0.9724400052447274,-0.13517524411165588,False,False,False,False,False,False,False,False,False,False,False,False,False,True,True,False
"4.2 tỷ | Căn hộ Masteri Centre Point hướng Tây Nam, diện tích 74.69m² | A09188641 • Nguyễn Xiển, Long Thạnh Mỹ, | 2 | 2 | 74.69 m²",4200.0,-0.030748530752320886,-0.4999612162864986,-0.012210149392794854,0.9724400052447274,-0.13517524411165588,False,False,False,False,False,False,False,False,False,False,False,False,False,True,True,False
"4.38 tỷ | Căn hộ 2PN Masteri Centre Point hướng Đông Bắc, diện tích 69.57m² | A09188626 • Nguyễn Xiển, Long Thạnh Mỹ, | 2 | 2 | 69.57 m²",4380.0,-0.03352357870702206,-0.4138253280064799,-0.18562922166934767,0.9724400052447274,-0.13517524411165588,False,False,False,False,False,False,False,False,False,False,False,False,False,True,True,False
"4.08 tỷ | Căn hộ Masteri Centre Point hướng Đông Bắc, diện tích 51.25m² | A09188736 • Nguyễn Xiển, Long Thạnh Mỹ, | 1 | 1 | 51.25 m²",4080.0,-0.04345304716993716,-0.20057026440809053,-0.9298190377563933,0.9724400052447274,-0.13517524411165588,False,False,False,False,False,False,False,False,False,False,False,False,False,True,True,False
"3.95 tỷ | Bán căn hộ chung cư 2PN+ The Privia Khang Điền Bình Tân giá tốt | ATA198610 • An Dương Vương, An Lạc, Bình Tân, | 2 | 2 | 68 m²",3950.0,-0.03437452114625659,-0.4761940823954031,-0.24133507945281604,0.9724400052447274,-0.13517524411165588,False,False,False,False,False,False,False,False,False,False,False,False,False,True,True,False
"5.73 tỷ | BÁN CĂN HỘ 2PN Masteri Centre Point diện tích 74m² | A09198611 • Nguyễn Xiển, Long Thạnh Mỹ, | 2 | 2 | 74 m²",5730.0,-0.03112251182434116,-0.22845501600430862,-0.034884907684953156,0.9724400052447274,-0.13517524411165588,False,False,False,False,False,False,False,False,False,False,False,False,False,True,True,False
"3.6 tỷ | Căn hộ Masteri Centre Point hướng Đông Bắc | A09188679 • Nguyễn Xiển, Long Thạnh Mỹ, | 1 | 1 | 52 m²",3600.0,-0.04304654600469773,-0.3334928405211885,-0.8945314896582033,0.9724400052447274,-0.13517524411165588,False,False,False,False,False,False,False,False,False,False,False,False,False,True,True,False
"4.6 tỷ | Căn hộ 2PN Masteri Centre Point hướng Tây Nam, diện tích 72.05m² | A09188744 • Nguyễn Xiển, Long Thạnh Mỹ, | 2 | 2 | 72.05 m²",4600.0,-0.032179414853963674,-0.4024735441884359,-0.10011174011372857,0.9724400052447274,-0.13517524411165588,False,False,False,False,False,False,False,False,False,False,False,False,False,True,True,False
"4.25 tỷ | Căn hộ 2PN Masteri Centre Point hướng Tây Nam, diện tích 73.98m² | A09188482 • Nguyễn Xiển, Long Thạnh Mỹ, | 2 | 2 | 73.98 m²",4250.0,-0.03113335185541421,-0.48439403368008155,-0.035545253792379994,0.9724400052447274,-0.13517524411165588,False,False,False,False,False,False,False,False,False,False,False,False,False,True,True,False
"4.6 tỷ | Căn hộ Masteri Centre Point hướng Đông Bắc, diện tích 74m² | A09188475 • Nguyễn Xiển, Long Thạnh Mỹ, | 2 | 2 | 74 m²",4600.0,-0.03112251182434116,-0.424019736175787,-0.034884907684953156,0.9724400052447274,-0.13517524411165588,False,False,False,False,False,False,False,False,False,False,False,False,False,True,True,False
"9.6 tỷ | Căn hộ Sarimi Sala Đại Quang Minh hướng ban công tây đầy đủ nội thất diện tích 88m² | A0272424 • Nguyễn Cơ Thạch, An Lợi Đông, | 2 | 2 | 88 m²",9600.0,-0.02353449007320516,0.1769917127824167,0.3888726491550335,0.9724400052447274,-0.13517524411165588,False,False,False,False,False,False,False,False,False,False,False,False,False,True,True,False
"4.65 tỷ | Căn hộ Masteri Centre Point hướng Tây Nam, diện tích 67m² | A09188200 • Nguyễn Xiển, Long Thạnh Mỹ, | 2 | 2 | 73.91 m²",4650.0,-0.034916522699909164,-0.33128729060510836,-0.277481235499105,0.9724400052447274,-0.13517524411165588,False,False,False,False,False,False,False,False,False,False,False,False,False,True,True,False
"4.6 tỷ | Căn hộ Masteri Centre Point hướng Tây Nam, diện tích 74.68m² | A09188352 • Nguyễn Xiển, Long Thạnh Mỹ, | 2 | 2 | 74.68 m²",4600.0,-0.030753950767857408,-0.43126867613313175,-0.012537290532876116,0.9724400052447274,-0.13517524411165588,False,False,False,False,False,False,False,False,False,False,False,False,False,True,True,False
"3.6 tỷ | Căn hộ Masteri Centre Point hướng Tây Nam, diện tích 53.21m² | A09188229 • Nguyễn Xiển, Long Thạnh Mỹ, | 1 | 1 | 53.21 m²",3600.0,-0.042390724124778116,-0.353654907617216,-0.8386402826532545,0.9724400052447274,-0.13517524411165588,False,False,False,False,False,False,False,False,False,False,False,False,False,True,True,False
"GIẢM GIÁ | 4.65 tỷ | -1% | Căn hộ Masteri Centre Point hướng Đông Bắc, diện tích 73.91m² | A09188598 • Nguyễn Xiển, Long Thạnh Mỹ, | 2 | 2 | 73.91 m²",4650.0,-0.031171291964169894,-0.4143864790478825,-0.03785785306729298,0.9724400052447274,-0.13517524411165588,False,False,False,False,False,False,False,False,False,False,False,False,False,True,True,False
"4.2 tỷ | Căn hộ Masteri Centre Point hướng Tây Nam, diện tích 71.95m² | A09188588 • Nguyễn Xiển, Long Thạnh Mỹ, | 2 | 2 | 71.95 m²",4200.0,-0.03223361500932893,-0.47253597970600053,-0.10350347724017281,0.9724400052447274,-0.13517524411165588,False,False,False,False,False,False,False,False,False,False,False,False,False,True,True,False
"4.7 tỷ | Căn hộ Masteri Centre Point hướng Đông Bắc, diện tích 74.61m² | A09188291 • Nguyễn Xiển, Long Thạnh Mỹ, | 2 | 2 | 74.61 m²",4700.0,-0.03079189087661309,-0.4133634464845219,-0.014828489586699203,0.9724400052447274,-0.13517524411165588,False,False,False,False,False,False,False,False,False,False,False,False,False,True,True,False
"6.08 tỷ | Căn hộ 3PN Masteri Centre Point tầng trung giá 5.9 tỷ thu về. LH 0768892255 | A09198550 • Nguyễn Xiển, Long Thạnh Mỹ, | 3 | 2 | 97.5 m²",6080.0,-0.018385475313505727,-0.4214991833948158,0.6399857366488153,0.9724400052447274,-0.13517524411165588,False,False,False,False,False,False,False,False,False,False,False,False,False,True,True,False
"4.6 tỷ | Căn hộ Masteri Centre Point hướng Đông Nam, diện tích 76m² | A09188587 • Nguyễn Xiển, Long Thạnh Mỹ, | 2 | 2 | 76 m²",4600.0,-0.030038508717036016,-0.44496984592867006,0.03027589805772795,0.9724400052447274,-0.13517524411165588,False,False,False,False,False,False,False,False,False,False,False,False,False,True,True,False
"4 tỷ | Căn hộ Masteri Centre Point hướng Tây Bắc, diện tích 71.67m² | A09189622 • Nguyễn Xiển, Long Thạnh Mỹ, | 2 | 2 | 71.67 m²",4000.0,-0.032385375444351654,-0.5053538116620772,-0.11302513380691911,0.9724400052447274,-0.13517524411165588,False,False,False,False,False,False,False,False,False,False,False,False,False,True,True,False
"4.5 tỷ | Căn hộ Masteri Centre Point hướng Đông Bắc, diện tích 76.31m² | A09188466 • Nguyễn Xiển, Long Thạnh Mỹ, | 2 | 2 | 76.31 m²",4500.0,-0.029870488235403718,-0.464901533476864,0.0402240676418431,0.9724400052447274,-0.13517524411165588,False,False,False,False,False,False,False,False,False,False,False,False,False,True,True,False
"39.52 tỷ | Căn hộ Grand Marina Saigon hướng Đông Bắc, diện tích 62.36m² | A01198599 • Tôn Đức Thắng, Bến Nghé, Quận 1, | 1 | 1 | 62.36 m²",39520.0,-0.03743140990885709,6.896111154932867,-0.4524701489573514,-3.0980209715391815,6.666686314666153,False,False,False,True,False,False,False,False,False,False,False,False,False,False,True,False
"GIẢM GIÁ | 2.45 tỷ | -4% | Căn hộ Lavida Plus hướng ban công tây bắc nội thất cơ bản diện tích 53m². | A07120561 • Nguyễn Hữu Thọ, Tân Phong, Quận 7, | 1 | 1 | 53 m²",2450.0,-0.042504544451045165,-0.6281071466068672,-0.8482503717933819,-1.6733596296648134,-0.560291591535269,False,False,False,False,False,False,False,True,False,False,False,False,False,False,True,False
"8.4 tỷ | Căn hộ Masteri Lumiere Riverside 2 Phòng Ngủ, diện tích 72.8m² | A02191722 • Xa Lộ Hà Nội, An Phú, Quận 2, | 2 | 2 | 72.8 m²",8400.0,-0.031772913688724244,0.2575945369882491,-0.07482073660818724,-0.6557443854688363,-0.13517524411165588,False,False,False,False,True,False,False,False,False,False,False,False,False,False,True,False
"4.11 tỷ | Căn hộ Masteri Centre Point, diện tích 72m², bàn giao full nt mới nhập khẩu | A09198450 • Nguyễn Xiển, Long Thạnh Mỹ, | 2 | 2 | 72 m²",4110.0,-0.0322065149316463,-0.4890637544629084,-0.10180702790000057,0.9724400052447274,-0.13517524411165588,False,False,False,False,False,False,False,False,False,False,False,False,False,True,True,False
"4.1 tỷ | Căn hộ Masteri Centre Point hướng Đông Nam, diện tích 76,14 m² | A09189595 • Nguyễn Xiển, Long Thạnh Mỹ, | 2 | 2 | 76.14 m²",4100.0,-0.06364260504349546,2.530466238601919,-4.019801218362161,0.9724400052447274,-0.13517524411165588,False,False,False,False,False,False,False,False,False,False,False,False,False,True,False,True
"4.8 tỷ | Căn hộ Masteri Centre Point, diện tích 74m² | A09189660 • Nguyễn Xiển, Long Thạnh Mỹ, | 2 | 2 | 74 m²",4800.0,-0.03112251182434116,-0.3894065113666757,-0.034884907684953156,0.9724400052447274,-0.13517524411165588,False,False,False,False,False,False,False,False,False,False,False,False,False,True,True,False
"4.7 tỷ | Căn hộ Masteri Centre Point hướng Đông Nam, diện tích 68m² | A09189569 • Nguyễn Xiển, Long Thạnh Mỹ, | 2 | 2 | 68 m²",4700.0,-0.03437452114625659,-0.3349415840935154,-0.24133507945281604,0.9724400052447274,-0.13517524411165588,False,False,False,False,False,False,False,False,False,False,False,False,False,True,True,False
"5.15 tỷ | Căn hộ Masteri Centre Point, diện tích 67m² | A09189764 • Nguyễn Xiển, Long Thạnh Mỹ, | 2 | 2 | 67 m²",5150.0,-0.034916522699909164,-0.2357134609083089,-0.277481235499105,0.9724400052447274,-0.13517524411165588,False,False,False,False,False,False,False,False,False,False,False,False,False,True,True,False
"GIẢM GIÁ | 5 tỷ | -2% | Căn hộ Masteri Centre Point, diện tích 73m² | A09189651 • Nguyễn Xiển, Long Thạnh Mỹ, | 2 | 2 | 73 m²",5000.0,-0.03166451337799373,-0.34293944244485525,-0.06811987266673303,0.9724400052447274,-0.13517524411165588,False,False,False,False,False,False,False,False,False,False,False,False,False,True,True,False
"4.3 tỷ | Căn hộ Masteri Centre Point hướng Tây Bắc, diện tích 74.24m² | A09189733 • Nguyễn Xiển, Long Thạnh Mỹ, | 2 | 2 | 74.24 m²",4300.0,-0.030992431451464547,-0.4783453417086215,-0.026974460971838827,0.9724400052447274,-0.13517524411165588,False,False,False,False,False,False,False,False,False,False,False,False,False,True,True,False
"6 tỷ | Mua bán căn hộ chung cư Masteri Centre Point Quận 9 3 phòng ngủ đẹp | A09198525 • Nguyễn Xiển, Long Thạnh Mỹ, | 3 | 2 | 96.45 m²",6000.0,-0.018954576944840925,-0.42342759702664196,0.6134504880220238,-0.6557443854688363,-0.13517524411165588,False,False,False,False,False,False,False,False,False,True,False,False,False,False,True,False
"6.5 tỷ | Căn hộ 3PN Masteri Centre Point hướng Đông Nam tầng trung giá 6,5 tỷ | A09189634 • Nguyễn Xiển, Long Thạnh Mỹ, | 3 | 2 | 96.45 m²",6500.0,-0.018954576944840925,-0.3570362378800835,0.6134504880220238,0.9724400052447274,-0.13517524411165588,False,False,False,False,False,False,False,False,False,False,False,False,False,True,True,False
"4 tỷ | Cho thuê Căn hộ Masteri Centre Point hướng Tây Bắc, diện tích 74.95m² | A09189661 • Nguyễn Xiển, Long Thạnh Mỹ, | 2 | 2 | 74.95 m²",4000.0,-0.030607610348371214,-0.5366339439103002,-0.0037196160669167957,0.9724400052447274,-0.13517524411165588,False,False,False,False,False,False,False,False,False,False,False,False,False,True,True,False
"3.95 tỷ | Căn hộ Masteri Centre Point hướng Tây Bắc, diện tích 73.87m² | A09189582 • Nguyễn Xiển, Long Thạnh Mỹ, | 2 | 2 | 73.87 m²",3950.0,-0.03119297202631599,-0.5353096647585946,-0.03918030881518049,0.9724400052447274,-0.13517524411165588,False,False,False,False,False,False,False,False,False,False,False,False,False,True,True,False
"4.33 tỷ | Căn hộ Masteri Centre Point view sông hướng Đông Nam, diện tích 51.25m² | A09189536 • Nguyễn Xiển, Long Thạnh Mỹ, | 1 | 1 | 51.25 m²",4330.0,-0.04345304716993716,-0.13809761475262156,-0.9298190377563933,0.9724400052447274,-0.13517524411165588,False,False,False,False,False,False,False,False,False,False,False,False,False,True,True,False
"4.4 tỷ | Căn hộ Masteri Centre Point hướng Tây Bắc, diện tích 74,39 m² | A09189510 • Nguyễn Xiển, Long Thạnh Mỹ, | 2 | 2 | 74.39 m²",4400.0,-0.050092566202181166,0.22475634934883584,-1.5912996538597108,0.9724400052447274,-0.13517524411165588,False,False,False,False,False,False,False,False,False,False,False,False,False,True,False,True
"3.75 tỷ | Căn hộ Masteri Centre Point | A09189463 • Nguyễn Xiển, Long Thạnh Mỹ, | 1 | 1 | 54 m²",3750.0,-0.04196254289739259,-0.3307563248845707,-0.8028184968506642,0.9724400052447274,-0.13517524411165588,False,False,False,False,False,False,False,False,False,False,False,False,False,True,True,False
"5 tỷ | Căn hộ Masteri Centre Point, diện tích 74.4m² | A09189459 • Nguyễn Xiển, Long Thạnh Mỹ, | 2 | 2 | 74.4 m²",5000.0,-0.03090571120288013,-0.3594456017200795,-0.021714835594904117,0.9724400052447274,-0.13517524411165588,False,False,False,False,False,False,False,False,False,False,False,False,False,True,True,False
"4.6 tỷ | Căn hộ Masteri Centre Point hướng Đông Nam, diện tích 76,14 m² | A09189293 • Nguyễn Xiển, Long Thạnh Mỹ, | 2 | 2 | 76.14 m²",4600.0,-0.06364260504349546,2.987855280722317,-4.019801218362161,0.9724400052447274,-0.13517524411165588,False,False,False,False,False,False,False,False,False,False,False,False,False,True,False,True
"4.2 tỷ | Căn hộ Masteri Centre Point | A09189482 • Nguyễn Xiển, Long Thạnh Mỹ, | 2 | 2 | 72.24 m²",4200.0,-0.03207643455876969,-0.47553709403120825,-0.0936802119109664,0.9724400052447274,-0.13517524411165588,False,False,False,False,False,False,False,False,False,False,False,False,False,True,True,False
"4.11 tỷ | Căn hộ Masteri Centre Point, diện tích 54m², bàn giao full nội thất nhập khẩu | A09198451 • Nguyễn Xiển, Long Thạnh Mỹ, | 1 | 1 | 54 m²",4110.0,-0.04196254289739259,-0.24537703702209632,-0.8028184968506642,0.9724400052447274,-0.13517524411165588,False,False,False,False,False,False,False,False,False,False,False,False,False,True,True,False
"3.96 tỷ | Căn hộ 1PN Masteri Centre Point hướng Tây Bắc, diện tích 53.91m² | A09189087 • Nguyễn Xiển, Long Thạnh Mỹ, | 1 | 1 | 53.91 m²",3960.0,-0.042011323037221326,-0.27938384018713025,-0.8068733989372147,0.9724400052447274,-0.13517524411165588,False,False,False,False,False,False,False,False,False,False,False,False,False,True,True,False
"5.5 tỷ | Căn hộ Masteri Centre Point hướng Tây Bắc, diện tích 72,54 m² | A09189049 • Nguyễn Xiển, Long Thạnh Mỹ, | 2 | 2 | 72.54 m²",5500.0,-0.04196254289739259,0.08428188000245715,-0.8028184968506642,0.9724400052447274,-0.13517524411165588,False,False,False,False,False,False,False,False,False,False,False,False,False,True,True,False
"8.5 tỷ | Căn hộ Masteri Centre Point hướng Đông Nam, diện tích 95m² | A09189202 • Nguyễn Xiển, Long Thạnh Mỹ, | 3 | 2 | 95 m²",8500.0,-0.019740479197637155,-0.07424399073634742,0.5763326754255502,0.9724400052447274,-0.13517524411165588,False,False,False,False,False,False,False,False,False,False,False,False,False,True,True,False
"3.8 tỷ | Cho Thuê Căn Hộ Chung Cư Masteri Centre Point | A09189113 • Nguyễn Xiển, Long Thạnh Mỹ, | 1 | 1 | 53.91 m²",3800.0,-0.042011323037221326,-0.31739353984766416,-0.8068733989372147,0.9724400052447274,-0.13517524411165588,False,False,False,False,False,False,False,False,False,False,False,False,False,True,True,False
"7 tỷ | Cần bán gấp bao thuế phí căn Masteri Centre Point 3PN view trực diện công viên 36ha và sông Đồng Nai | A09198527 • Nguyễn Xiển, Long Thạnh Mỹ, | 3 | 2 | 97.45 m²",7000.0,-0.018412575391188353,-0.3001828882568888,0.6387285811431979,0.9724400052447274,-0.13517524411165588,False,False,False,False,False,False,False,False,False,False,False,False,False,True,True,False
"9.5 tỷ | Căn hộ đẹp view landmark 81 trung tâm Quận 1 The Marq cần bán | A01198592 • Nguyễn Đình Chiểu, Đa Kao, Quận 1, | 1 | 1 | 52 m²",9500.0,-0.04304654600469773,1.1195969625228452,-0.8945314896582033,-3.0980209715391815,6.666686314666153,False,False,False,True,False,False,False,False,False,False,False,False,False,False,True,False
"4.9 tỷ | Căn hộ góc 2pn Masteri Centre Point full nội thất đẹp view công viên, sông cực đẹp, diện tích 73.87m² | A09198593 • Nguyễn Xiển, Long Thạnh Mỹ, | 2 | 2 | 73.87 m²",4900.0,-0.03119297202631599,-0.37060750528380676,-0.03918030881518049,0.9724400052447274,-0.13517524411165588,False,False,False,False,False,False,False,False,False,False,False,False,False,True,True,False
"4.85 tỷ | Căn hộ Masteri Centre Point, diện tích 65.69m² | A09188835 • Nguyễn Xiển, Long Thạnh Mỹ, | 2 | 2 | 72.54 m²",4850.0,-0.035626544735194034,-0.2745700641921028,-0.3256454642763581,0.9724400052447274,-0.13517524411165588,False,False,False,False,False,False,False,False,False,False,False,False,False,True,True,False
"GIẢM GIÁ | 6 tỷ | -5% | Căn hộ 2 PN Masteri Centre Point hướng Đông Nam view công viên 36ha, diện tích 72.87m² | A09188808 • Nguyễn Xiển, Long Thạnh Mỹ, | 2 | 2 | 72.87 m²",6000.0,-0.031734973579968566,-0.16562467423111296,-0.07247337081906073,0.9724400052447274,-0.13517524411165588,False,False,False,False,False,False,False,False,False,False,False,False,False,True,True,False
"5 tỷ | Căn hộ Masteri Centre Point hướng Tây Nam, diện tích 74m² | A09188967 • Nguyễn Xiển, Long Thạnh Mỹ, | 2 | 2 | 74 m²",5000.0,-0.03112251182434116,-0.3547932865575646,-0.034884907684953156,0.9724400052447274,-0.13517524411165588,False,False,False,False,False,False,False,False,False,False,False,False,False,True,True,False
"5.9 tỷ | Căn hộ Masteri Centre Point hướng Tây Nam | A09189023 • Nguyễn Xiển, Long Thạnh Mỹ, | 2 | 2 | 76 m²",5900.0,-0.030038508717036016,-0.22590456786047936,0.03027589805772795,0.9724400052447274,-0.13517524411165588,False,False,False,False,False,False,False,False,False,False,False,False,False,True,True,False
"6.7 tỷ | Căn hộ Masteri Centre Point view sông hướng Đông Nam, diện tích 71.52m² | A09189030 • Nguyễn Xiển, Long Thạnh Mỹ, | 2 | 2 | 71.52 m²",6700.0,-0.03246667567739954,-0.02037300771114604,-0.11814112374293298,0.9724400052447274,-0.13517524411165588,False,False,False,False,False,False,False,False,False,False,False,False,False,True,True,False
"8.5 tỷ | Căn hộ Masteri Centre Point hướng Đông Nam, diện tích 96.98m² | A09188831 • Nguyễn Xiển, Long Thạnh Mỹ, | 3 | 2 | 96.98 m²",8500.0,-0.018667316121405063,-0.09763894055875429,0.6268800137464231,0.9724400052447274,-0.13517524411165588,False,False,False,False,False,False,False,False,False,False,False,False,False,True,True,False
"6.1 tỷ | Căn hộ 3PN Masteri Centre Point hướng Đông Nam view công viên 36ha, diện tích 95.16m² | A09188809 • Nguyễn Xiển, Long Thạnh Mỹ, | 3 | 2 | 95.16 m²",6100.0,-0.019653758949052746,-0.3991692158000148,0.5804558532562031,0.9724400052447274,-0.13517524411165588,False,False,False,False,False,False,False,False,False,False,False,False,False,True,True,False
"GIẢM GIÁ | 4.25 tỷ | -3% | Căn hộ Masteri Centre Point hướng Tây Bắc | A09188870 • Nguyễn Xiển, Long Thạnh Mỹ, | 2 | 2 | 70.5 m²",4250.0,-0.03301951726212516,-0.44807715483743865,-0.15321304842791245,0.9724400052447274,-0.13517524411165588,False,False,False,False,False,False,False,False,False,False,False,False,False,True,True,False
"28 tỷ | Căn hộ The Metropole Thủ Thiêm, diện tích 120m² | A02198586 • Đường R2, An Khánh, Quận 2, | 3 | 2 | 120 m²",28000.0,-0.0061904403563228655,1.768151168401256,1.1493764721601252,-0.6557443854688363,-0.13517524411165588,False,False,False,False,True,False,False,False,False,False,False,False,False,False,False,False
"5.5 tỷ | Căn hộ 2PN Masteri Centre Point hướng Đông Bắc, diện tích 69.35m² | A09188698 • Nguyễn Xiển, Long Thạnh Mỹ, | 2 | 2 | 69.35 m²",5500.0,-0.03364281904882562,-0.20443663228583045,-0.19336003830092405,0.9724400052447274,-0.13517524411165588,False,False,False,False,False,False,False,False,False,False,False,False,False,True,True,False
"4.2 tỷ | Căn hộ Masteri Centre Point hướng Tây Nam, diện tích 74m² | A09188724 • Nguyễn Xiển, Long Thạnh Mỹ, | 2 | 2 | 74 m²",4200.0,-0.03112251182434116,-0.49324618579400936,-0.034884907684953156,0.9724400052447274,-0.13517524411165588,False,False,False,False,False,False,False,False,False,False,False,False,False,True,True,False
"4.5 tỷ | Căn hộ góc 2PN Masteri Centre Point hướng Đông Bắc, diện tích 73.91m² | A09188635 • Nguyễn Xiển, Long Thạnh Mỹ, | 2 | 2 | 73.91 m²",4500.0,-0.031171291964169894,-0.4403780089748974,-0.03785785306729298,0.9724400052447274,-0.13517524411165588,False,False,False,False,False,False,False,False,False,False,False,False,False,True,True,False
"4.38 tỷ | Căn hộ Masteri Centre Point view hồ bơi nội khu hướng Đông Bắc, diện tích 71.85m² | A09188494 • Nguyễn Xiển, Long Thạnh Mỹ, | 2 | 2 | 71.85 m²",4380.0,-0.03228781516469419,-0.43941142069424344,-0.10689986695672817,0.9724400052447274,-0.13517524411165588,False,False,False,False,False,False,False,False,False,False,False,False,False,True,True,False
"6.1 tỷ | Căn hộ Masteri Centre Point hướng Tây Nam, diện tích 95m² | A09188703 • Nguyễn Xiển, Long Thạnh Mỹ, | 3 | 2 | 95 m²",6100.0,-0.019740479197637155,-0.3977865552678289,0.5763326754255502,0.9724400052447274,-0.13517524411165588,False,False,False,False,False,False,False,False,False,False,False,False,False,True,True,False
"6.3 tỷ | Căn hộ 3PN Masteri Centre Point tầng trung giá 6,2 tỷ LH 0768892255 | A09198549 • Nguyễn Xiển, Long Thạnh Mỹ, | 3 | 2 | 100 m²",6300.0,-0.0170304714293743,-0.4132896364849625,0.7020433138717228,0.9724400052447274,-0.13517524411165588,False,False,False,False,False,False,False,False,False,False,False,False,False,True,False,False
"4.55 tỷ | Căn hộ Masteri Centre Point hướng Đông Bắc, diện tích 74.37m² | A09188542 • Nguyễn Xiển, Long Thạnh Mỹ, | 2 | 2 | 74.37 m²",4550.0,-0.030921971249489706,-0.43659070837014086,-0.02270016467142913,0.9724400052447274,-0.13517524411165588,False,False,False,False,False,False,False,False,False,False,False,False,False,True,True,False
"4.7 tỷ | Căn hộ Masteri Centre Point hướng Đông Bắc, diện tích 72m² | A09188657 • Nguyễn Xiển, Long Thạnh Mỹ, | 2 | 2 | 72 m²",4700.0,-0.0322065149316463,-0.3841183797986172,-0.10180702790000057,0.9724400052447274,-0.13517524411165588,False,False,False,False,False,False,False,False,False,False,False,False,False,True,True,False
"5.7 tỷ | Căn hộ 2PN góc Masteri Centre Point view hồ bơi hướng Đông Bắc, diện tích 73.52m² | A09188628 • Nguyễn Xiển, Long Thạnh Mỹ, | 2 | 2 | 73.52 m²",5700.0,-0.031382672570094396,-0.22720645408654785,-0.05078202627772878,0.9724400052447274,-0.13517524411165588,False,False,False,False,False,False,False,False,False,False,False,False,False,True,True,False
"4.7 tỷ | Căn hộ Masteri Centre Point hướng Đông Bắc, diện tích 72m² | A09188647 • Nguyễn Xiển, Long Thạnh Mỹ, | 2 | 2 | 72 m²",4700.0,-0.0322065149316463,-0.3841183797986172,-0.10180702790000057,0.9724400052447274,-0.13517524411165588,False,False,False,False,False,False,False,False,False,False,False,False,False,True,True,False
"5.2 tỷ | Căn hộ Masteri Centre Point, diện tích 97m² | A09188750 • Nguyễn Xiển, Long Thạnh Mỹ, | 2 | 2 | 76 m²",5200.0,-0.018656476090332014,-0.5335688085097781,0.6273853648483152,0.9724400052447274,-0.13517524411165588,False,False,False,False,False,False,False,False,False,False,False,False,False,True,True,False
"GIẢM GIÁ | 5.4 tỷ | -2% | Căn hộ Masteri Centre Point hướng Tây Nam, diện tích 69.9m² | A09188471 • Nguyễn Xiển, Long Thạnh Mỹ, | 2 | 2 | 69.9 m²",5400.0,-0.0333447181943167,-0.23075018477384002,-0.1740780683795231,0.9724400052447274,-0.13517524411165588,False,False,False,False,False,False,False,False,False,False,False,False,False,True,True,False
"4.6 tỷ | Căn hộ Masteri Centre Point hướng Tây Nam, diện tích 74m² | A09188319 • Nguyễn Xiển, Long Thạnh Mỹ, | 2 | 2 | 74 m²",4600.0,-0.03112251182434116,-0.424019736175787,-0.034884907684953156,0.9724400052447274,-0.13517524411165588,False,False,False,False,False,False,False,False,False,False,False,False,False,True,True,False
"4.5 tỷ | Căn hộ Masteri Centre Point hướng Tây Nam, diện tích 72.53m² | A09188402 • Nguyễn Xiển, Long Thạnh Mỹ, | 2 | 2 | 72.53 m²",4500.0,-0.03191925410821044,-0.42554208812864874,-0.08389576588235903,0.9724400052447274,-0.13517524411165588,False,False,False,False,False,False,False,False,False,False,False,False,False,True,True,False
"3.3 tỷ | Căn hộ Masteri Centre Point hướng Đông Bắc | A09188378 • Nguyễn Xiển, Long Thạnh Mỹ, | 1 | 1 | 48 m²",3300.0,-0.04521455221930802,-0.33965000070357837,-1.0888246760446703,0.9724400052447274,-0.13517524411165588,False,False,False,False,False,False,False,False,False,False,False,False,False,True,False,True
"3.1 tỷ | Căn hộ tầng 24 Topaz Elite không có nội thất, view nhìn thành phố thoáng gió | A0886461 • Cao Lỗ, Phường 4, Quận 8, Hồ Chí Minh | 3 | 2 | 85 m²",3100.0,-0.02516049473416287,-0.7530489790671029,0.3039740102405572,-0.6557443854688363,-0.13517524411165588,False,False,False,False,False,False,False,False,True,False,False,False,False,False,True,False
"2.8 tỷ | 1PN+ The Beverly mua trực tiếp từ chủ đầu tư toà BE3 chi 2,8 tỷ | A09198571 • Nguyễn Xiển, Long Bình, Quận 9, | 1 | 1 | 53.3 m²",2800.0,-0.04234194398494939,-0.5473415258802938,-0.8345330640474165,-0.6557443854688363,-0.13517524411165588,False,False,False,False,False,False,False,False,False,True,False,False,False,False,True,False
"10.6 tỷ | Bán căn hộ 1 phòng ngủ view sông Quận 1 | A02198581 • Mai Chí Thọ, Thủ Thiêm, Quận 2, | 1 | 1 | 64 m²",10600.0,-0.036542527360866876,0.9010177760480014,-0.3891979765457174,-3.0980209715391815,6.666686314666153,False,False,False,True,False,False,False,False,False,False,False,False,False,False,True,False
"8.2 tỷ | Bán căn hộ 1 phòng ngủ view sông, Landmark 81 tại The Metropole | A02198582 • Đường R2, An Khánh, Quận 2, | 1 | 1 | 50 m²",8200.0,-0.04413054911200288,0.8802065746315232,-0.9897727591085721,-0.6557443854688363,-0.13517524411165588,False,False,False,False,True,False,False,False,False,False,False,False,False,False,True,False
"8.35 tỷ | Căn hộ The Metropole Thủ Thiêm có 1 phòng ngủ, đầy đủ nội thất. | A02110073 • Đường R2, An Khánh, Quận 2, | 1 | 1 | 50.6 m²",8350.0,-0.04380534817981134,0.8932665684666132,-0.9608137422601483,-0.6557443854688363,-0.13517524411165588,False,False,False,False,True,False,False,False,False,False,False,False,False,False,True,False
"39 tỷ | Căn hộ The Metropole Thủ Thiêm nội thất cơ bản diện tích 170m². | A02116056 • Đường R2, An Khánh, Quận 2, | 4 | 3 | 170 m²",39000.0,0.020909637326305713,1.717928057893918,2.005746880694581,-0.6557443854688363,-0.13517524411165588,False,False,False,False,True,False,False,False,False,False,False,False,False,False,False,False
"12.5 tỷ | Cho thuê căn hộ 2 phòng ngủ nội thất nhập khẩu (Giá bao gồm phí quản lú) | A02192124 • Mai Chí Thọ, Thủ Thiêm, Quận 2, | 2 | 2 | 93 m²",12500.0,-0.0208244823049423,0.5012327033451857,0.5242051139585038,-0.6557443854688363,-0.13517524411165588,False,False,False,False,True,False,False,False,False,False,False,False,False,False,True,False
"GIẢM GIÁ | 7.31 tỷ | -3% | Căn hộ The Tresor 3PN,2WC hướng Đông Nam, diện tích 93m² | A04198564 • Bến Vân Đồn, Phường 12, Quận 4, | 3 | 2 | 93 m²",7310.0,-0.0208244823049423,-0.21347456118101044,0.5242051139585038,-2.4874518250215956,-0.13517524411165588,False,False,False,False,False,True,False,False,False,False,False,False,False,False,True,False
"4.5 tỷ | Căn hộ Vinhomes Grand Park thiết kế 3 phòng ngủ, đầy đủ nội thất. | A09111630 • Nguyễn Xiển, Long Thạnh Mỹ, | 3 | 2 | 92.5 m²",4500.0,-0.021095483081768587,-0.597085860221343,0.5109999215099406,0.9724400052447274,-0.13517524411165588,False,False,False,False,False,False,False,False,False,False,False,False,False,True,True,False
"GIẢM GIÁ | 2.5 tỷ | -9% | Căn hộ Chung cư Hòa Bình hướng ban công đông bắc nội thất cơ bản diện tích 56m² | A10186823 • Phường 14, Quận 10, Hồ Chí Minh | 2 | 1 | 56 m²",2500.0,-0.04087853979008745,-0.6483876041348471,-0.7143816774819216,-3.0980209715391815,6.666686314666153,False,False,False,True,False,False,False,False,False,False,False,False,False,False,True,False
"3.3 tỷ | Căn hộ Dragon Hill 2 hướng Tây Nam, diện tích 102m² | ANB198555 • Nguyễn Hữu Thọ, Xã Phước Kiển, | 3 | 2 | 102 m²",3300.0,-0.015946468322069154,-0.8057832450998076,0.7505932559721994,0.9724400052447274,-0.13517524411165588,False,False,False,False,False,False,False,False,False,False,False,False,False,True,False,False
"3.5 tỷ | Căn hộ Sunrise City hướng Đông, diện tích 56.85m² | A07198556 • Nguyễn Hữu Thọ, Tân Hưng, Quận 7, | 1 | 1 | 56.85 m²",3500.0,-0.04041783846948276,-0.43166082626117563,-0.6777319433151968,-1.6733596296648134,-0.560291591535269,False,False,False,False,False,False,False,True,False,False,False,False,False,False,True,False
"2.8 tỷ | Căn hộ 2PN,2WC Dragon Hill 2 có sổ, diện tích 75m² | ANB198554 • Nguyễn Hữu Thọ, Xã Phước Kiển, | 2 | 2 | 75 m²",2800.0,-0.030580510270688588,-0.7419998947554886,-0.0020901538724554937,0.9724400052447274,-0.13517524411165588,False,False,False,False,False,False,False,False,False,False,False,False,False,True,True,False
"GIẢM GIÁ | 4.9 tỷ | -8% | Căn hộ cao cấp Vinhomes Grand Park bàn giao không nội thất. | A09109220 • Nguyễn Xiển, Long Thạnh Mỹ, | 3 | 3 | 108 m²",4900.0,-0.012694459000153726,-0.6390704199435056,0.8907798095807904,0.9724400052447274,-0.13517524411165588,False,False,False,False,False,False,False,False,False,False,False,False,False,True,False,False
"4 tỷ | Căn Hộ Vinhomes Grand Park có 3 phòng ngủ, không có nội thất. | A09112344 • Nguyễn Xiển, Long Thạnh Mỹ, | 3 | 2 | 93 m²",4000.0,-0.0208244823049423,-0.6692897915435749,0.5242051139585038,0.9724400052447274,-0.13517524411165588,False,False,False,False,False,False,False,False,False,False,False,False,False,True,True,False
"3.04 tỷ | Căn hộ Vinhomes Grand Park hướng ban công đông bắc không có nội thất diện tích 46.9m² | A09117110 • Nguyễn Xiển, Long Thạnh Mỹ, | 1 | 1 | 46.9 m²",3040.0,-0.04581075392832585,-0.3899969288474281,-1.1450410122088763,0.9724400052447274,-0.13517524411165588,False,False,False,False,False,False,False,False,False,False,False,False,False,True,False,True
"GIẢM GIÁ | 2.4 tỷ | -26% | Căn hộ Vinhomes Grand Park bàn giao nội thất cơ bản. | A09114098 • Nguyễn Xiển, Long Thạnh Mỹ, | 1 | 1 | 46.5 m²",2400.0,-0.04602755454978688,-0.559122968495221,-1.1658039658741994,0.9724400052447274,-0.13517524411165588,False,False,False,False,False,False,False,False,False,False,False,False,False,True,False,True
"4.5 tỷ | Căn hộ Vinhomes Grand Park đầy đủ nội thất diện tích 108m² | A09186394 • Nguyễn Xiển, Long Thạnh Mỹ, | 3 | 2 | 108 m²",4500.0,-0.012694459000153726,-0.6865033576448802,0.8907798095807904,0.9724400052447274,-0.13517524411165588,False,False,False,False,False,False,False,False,False,False,False,False,False,True,False,False
"4.1 tỷ | Căn hộ Saigon South Residence 2PN Tầng long môn Suất đặc biệt hướng Bắc | ANB85941 • Nguyễn Hữu Thọ, Phước Kiển, Nhà Bè, | 2 | 2 | 71.32 m²",4100.0,-0.03257507598813006,-0.4838891614765715,-0.12497892901431296,-0.6557443854688363,-0.13517524411165588,False,False,True,False,False,False,False,False,False,False,False,False,False,False,True,False
"7.64 tỷ | Bán gấp bỏ hết vốn căn hộ 3PN Lumiere Boulevard hướng Đông Nam view công viên 36ha tầng trung | A09198551 • Nguyễn Xiển, Long Thạnh Mỹ, | 3 | 2 | 97.45 m²",7640.0,-0.018412575391188353,-0.2160739951342872,0.6387285811431979,0.9724400052447274,-0.13517524411165588,False,False,False,False,False,False,False,False,False,False,False,False,False,True,True,False
"4.5 tỷ | Căn hộ Sunrise Riverside, diện tích 83.15m² | ANB59806 • Nguyễn Hữu Thọ, Phước Kiển, Nhà Bè, | 3 | 2 | 83.15 m²",4500.0,-0.026163197608420126,-0.5270268615998949,0.25013068629275004,-0.6557443854688363,-0.13517524411165588,False,False,True,False,False,False,False,False,False,False,False,False,False,False,True,False
"GIẢM GIÁ | 4.7 tỷ | -2% | Căn hộ có 1 phòng ngủ One Verandah tầng 6 diện tích 55.9m2, nội thất cơ bản. | A0289315 • Tạ Hiện, Thạnh Mỹ Lợi, Quận 2, | 1 | 1 | 55.9 m²",4700.0,-0.040932739945452705,-0.1433368237255167,-0.7187292953068479,-0.6557443854688363,-0.13517524411165588,False,False,False,False,True,False,False,False,False,False,False,False,False,False,True,False
"4.1 tỷ | Căn hộ LUMIÈRE Boulevard 2Pn 72m2 | A09198553 • Nguyễn Xiển, Long Thạnh Mỹ, | 2 | 2 | 67 m²",4100.0,-0.0322065149316463,-0.49084248962671,-0.10180702790000057,0.9724400052447274,-0.13517524411165588,False,False,False,False,False,False,False,False,False,False,False,False,False,True,True,False
"6.25 tỷ | Căn Hộ The Beverly Vinhomes Grand Park view sông Đồng Nai chỉ 6,25 tỷ | A09198546 • Nguyễn Xiển, Long Bình, Quận 9, | 3 | 2 | 100 m²",6250.0,-0.0170304714293743,-0.41969308307464803,0.7020433138717228,-0.6557443854688363,-0.13517524411165588,False,False,False,False,False,False,False,False,False,True,False,False,False,False,False,False
"4.8 tỷ | Căn hộ Saigon South Residence hướng Đông, diện tích 75m² | ANB118417 • Nguyễn Hữu Thọ, Phước Kiển, | 2 | 2 | 75 m²",4800.0,-0.030580510270688588,-0.40048274330559136,-0.0020901538724554937,0.9724400052447274,-0.13517524411165588,False,False,False,False,False,False,False,False,False,False,False,False,False,True,True,False
"8.5 tỷ | Căn hộ Saigon Pearl hướng ban công tây bắc đầy đủ nội thất diện tích 153m² | ABT143933 • Nguyễn Hữu Cảnh, Phường 22, | 3 | 2 | 153 m²",8500.0,0.011695610914211996,-0.5086298412647254,1.7464859389507124,0.9724400052447274,-0.13517524411165588,False,False,False,False,False,False,False,False,False,False,False,False,False,True,False,False
"11.9 tỷ | Căn hộ Vinhomes Central Park Tầng cao, view sông rộng thoáng, view landmark 81, diện tích lớn | ABT198545 • Nguyễn Hữu Cảnh, Phường 22, | 3 | 2 | 100.6 m²",11900.0,-0.016705270497182758,0.294806797335099,0.7167085159663181,0.9724400052447274,-0.13517524411165588,False,False,False,False,False,False,False,False,False,False,False,False,False,True,False,False
"GIẢM GIÁ | 2.75 tỷ | -4% | Căn hộ Vinhomes Grand Park hướng Tây Nam, diện tích 61.4m² | A09147077 • Nguyễn Xiển, Long Thạnh Mỹ, | 2 | 2 | 61.4 m²",2750.0,-0.03795173140036356,-0.6465252709014578,-0.49027191704468015,0.9724400052447274,-0.13517524411165588,False,False,False,False,False,False,False,False,False,False,False,False,False,True,True,False
"2.7 tỷ | Căn hộ Vinhomes Grand Park nội thất cơ bản diện tích 46m². | A09114634 • Nguyễn Xiển, Long Thạnh Mỹ, | 1 | 1 | 46 m²",2700.0,-0.046298555326613165,-0.4684149593005165,-1.1920049269344806,0.9724400052447274,-0.13517524411165588,False,False,False,False,False,False,False,False,False,False,False,False,False,True,False,True
"2.8 tỷ | Bán căn hộ 1PN Lumiere Boulevard giá tốt chính chủ gửi | A09198537 • Nguyễn Xiển, Long Thạnh Mỹ, | 1 | 1 | 51.2 m²",2800.0,-0.04348014724761979,-0.5197469360384851,-0.9321895192348465,0.9724400052447274,-0.13517524411165588,False,False,False,False,False,False,False,False,False,False,False,False,False,True,True,False
"3 tỷ | Cực sốc căn 1pn Lumiere Boulevard chỉ 3 tỷ all in | A09198538 • Nguyễn Xiển, Long Thạnh Mỹ, | 1 | 1 | 50.07 m²",3000.0,-0.0440926090032472,-0.4527845910650843,-0.9863767021431479,0.9724400052447274,-0.13517524411165588,False,False,False,False,False,False,False,False,False,False,False,False,False,True,True,False
"4.65 tỷ | Căn hộ Saigon South Residence 2PN view City 75m2 Siêu đẹp sổ hồng | ANB59901 • Nguyễn Hữu Thọ, Phước Kiển, Nhà Bè, | 2 | 2 | 75 m²",4650.0,-0.030580510270688588,-0.42609652966433365,-0.0020901538724554937,-0.6557443854688363,-0.13517524411165588,False,False,True,False,False,False,False,False,False,False,False,False,False,False,True,False
"3.75 tỷ | Căn hộ LUMIÈRE Boulevard, diện tích 67.6m² | A09198534 • Nguyễn Xiển, Long Thạnh Mỹ, | 2 | 2 | 67.6 m²",3750.0,-0.03459132176771762,-0.5096823472788091,-0.255730281136277,0.9724400052447274,-0.13517524411165588,False,False,False,False,False,False,False,False,False,False,False,False,False,True,True,False
"GIẢM GIÁ | 3.3 tỷ | -11% | Căn hộ Vinhomes Grand Park hướng ban công bắc không có nội thất diện tích 59.2m². | A09139537 • Nguyễn Xiển, Long Thạnh Mỹ, | 2 | 2 | 59.2 m²",3300.0,-0.03914413481839922,-0.506226145097426,-0.5791416357440328,0.9724400052447274,-0.13517524411165588,False,False,False,False,False,False,False,False,False,False,False,False,False,True,True,False
"4 tỷ | Căn hộ Sunrise Riverside đầy đủ nội thất | ANB76621 • Nguyễn Hữu Thọ, Phước Kiển, Nhà Bè, | 3 | 2 | 81.56 m²",4000.0,-0.027024980078727716,-0.5920271348691531,0.20290006974159447,-0.6557443854688363,-0.13517524411165588,False,False,True,False,False,False,False,False,False,False,False,False,False,False,True,False
"4.7 tỷ | Căn hộ Florita tầng cao, hướng Tây Bắc, view nội khu hồ bơi. | S0765135 • Đường D4, Tân Hưng, Quận 7, Hồ Chí Minh | 3 | 2 | 78 m²",4700.0,-0.028954505609730872,-0.4484264972591346,0.09376572839355997,-1.6733596296648134,-0.560291591535269,False,False,False,False,False,False,False,True,False,False,False,False,False,False,True,False
"4.7 tỷ | Căn hộ Căn hộ Florita hướng ban công đông nam đầy đủ nội thất diện tích 78m² | A0779465 • Đường D4, Tân Hưng, Quận 7, Hồ Chí Minh | 3 | 2 | 78 m²",4700.0,-0.028954505609730872,-0.4484264972591346,0.09376572839355997,-1.6733596296648134,-0.560291591535269,False,False,False,False,False,False,False,True,False,False,False,False,False,False,True,False
"29 tỷ | Cho thuê 3 phòng ngủ siêu lớn tại Galleria | A02192222 • Đường R2, An Khánh, Quận 2, | 3 | 2 | 134 m²",29000.0,0.0013975813948131366,1.5515171544218436,1.4204558979908428,-0.6557443854688363,-0.13517524411165588,False,False,False,False,True,False,False,False,False,False,False,False,False,False,False,False
"4.82 tỷ | Căn hộ Chung cư Khánh Hội 2, Quận 4 | A04198528 • Bến Vân Đồn, Phường 1, Quận 4, | 3 | 2 | 100 m²",4820.0,-0.0170304714293743,-0.6028316555396553,0.7020433138717228,-2.4874518250215956,-0.13517524411165588,False,False,False,False,False,True,False,False,False,False,False,False,False,False,False,False
"3 tỷ | Bán căn hộ 1 phòng ngủ Beverly Vinhomes Grand Park Thủ Đức | A09198517 • Nguyễn Xiển, Long Bình, Quận 9, | 1 | 1 | 53.3 m²",3000.0,-0.04234194398494939,-0.499285641529933,-0.8345330640474165,-0.6557443854688363,-0.13517524411165588,False,False,False,False,False,False,False,False,False,True,False,False,False,False,True,False
"3 tỷ | Bán căn hộ tầng trệt, chung cư Đinh Tiên Hoàng | ABT198518 • Lê Văn Duyệt, Phường 1, Bình Thạnh, | 1 | 1 | 52.5 m²",3000.0,-0.04277554522787145,-0.4883014393927077,-0.8712827956986413,-2.2839287761824,5.816453619818927,True,False,False,False,False,False,False,False,False,False,False,False,False,False,True,False
"3.3 tỷ | Căn hộ The Beverly, diện tích 48.9m² | A09198511 • Nguyễn Xiển, Long Bình, Quận 9, | 1 | 1 | 48.9 m²",3300.0,-0.044726750821020705,-0.35585504191980727,-1.0437603189466411,-0.6557443854688363,-0.13517524411165588,False,False,False,False,False,False,False,False,False,True,False,False,False,False,False,True
"3.6 tỷ | Căn hộ Chung cư Khánh Hội 2 hướng ban công đông bắc đầy đủ nội thất diện tích 75m². | A04119758 • Bến Vân Đồn, Phường 1, Quận 4, | 2 | 2 | 75 m²",3600.0,-0.030580510270688588,-0.6053930341755297,-0.0020901538724554937,-2.4874518250215956,-0.13517524411165588,False,False,False,False,False,True,False,False,False,False,False,False,False,False,True,False
"5.6 tỷ | Căn hộ cao cấp Masteri Thảo Điền tầng cao view thoáng mát. | A0297891 • Xa Lộ Hà Nội, Thảo Điền, Quận 2, | 2 | 2 | 65 m²",5600.0,-0.03600052580721431,-0.11676080210106125,-0.3513962084583887,-0.6557443854688363,-0.13517524411165588,False,False,False,False,True,False,False,False,False,False,False,False,False,False,True,False
"8.3 tỷ | Căn hộ Empire City, diện tích 64m² | A02198446 • Mai Chí Thọ, Thủ Thiêm, Quận 2, | 1 | 1 | 64 m²",8300.0,-0.036542527360866876,0.4407700524143508,-0.3891979765457174,-0.6557443854688363,-0.13517524411165588,False,False,False,False,True,False,False,False,False,False,False,False,False,False,True,False
"2.77 tỷ | Căn hộ Vinhomes Grand Park hướng Tây Bắc, diện tích 59.2m² | A09133419 • Nguyễn Xiển, Long Thạnh Mỹ, | 2 | 2 | 59.2 m²",2770.0,-0.03914413481839922,-0.620882452277607,-0.5791416357440328,0.9724400052447274,-0.13517524411165588,False,False,False,False,False,False,False,False,False,False,False,False,False,True,True,False
"20.5 tỷ | Căn hộ Empire City, diện tích 127m² | A02198501 • Mai Chí Thọ, Thủ Thiêm, Quận 2, | 3 | 2 | 127 m²",20500.0,-0.0023964294807548646,0.8471305040580291,1.2886241990350162,-0.6557443854688363,-0.13517524411165588,False,False,False,False,True,False,False,False,False,False,False,False,False,False,False,False
"8.5 tỷ | Căn hộ Empire City tầng 4 thiết kế hiện đại, ban công hướng Đông Nam. | A0284094 • Mai Chí Thọ, Thủ Thiêm, Quận 2, | 1 | 1 | 62.44 m²",8500.0,-0.03738804978456489,0.523287240310343,-0.44934589906000927,-0.6557443854688363,-0.13517524411165588,False,False,False,False,True,False,False,False,False,False,False,False,False,False,True,False
"12.5 tỷ | Căn hộ Riverside Residence hướng Đông Bắc, diện tích 180m² | A07146576 • Nguyễn Lương Bằng, Phường Tân Phú, | 3 | 3 | 180 m²",12500.0,0.02632965286283143,-0.3307563248845707,2.1464647293462757,-0.6557443854688363,-0.13517524411165588,False,False,False,False,False,False,False,False,False,False,False,False,True,False,False,False
"GIẢM GIÁ | 3.3 tỷ | -20% | Căn hộ Vinhomes Grand Park hướng ban công tây bắc đầy đủ nội thất diện tích 82m². | A09137016 • Nguyễn Xiển, Long Thạnh Mỹ, | 3 | 2 | 82 m²",3300.0,-0.026786499395120587,-0.7047245471277254,0.21606059595042093,0.9724400052447274,-0.13517524411165588,False,False,False,False,False,False,False,False,False,False,False,False,False,True,True,False
"2.55 tỷ | Căn hộ Vinhomes Grand Park hướng Tây Bắc, diện tích 59m² | A09134848 • Nguyễn Xiển, Long Thạnh Mỹ, | 2 | 2 | 59 m²",2550.0,-0.03925253512912973,-0.666605642253202,-0.5873811365761936,0.9724400052447274,-0.13517524411165588,False,False,False,False,False,False,False,False,False,False,False,False,False,True,True,False
"11.8 tỷ | Căn hộ Empire City hướng Đông Nam, diện tích 93m² | A02118407 • Mai Chí Thọ, Thủ Thiêm, Quận 2, | 2 | 2 | 93 m²",11800.0,-0.0208244823049423,0.4048367331778759,0.5242051139585038,-0.6557443854688363,-0.13517524411165588,False,False,False,False,True,False,False,False,False,False,False,False,False,False,True,False
"GIẢM GIÁ | 23 tỷ | -2% | Căn hộ Empire City hướng Đông Nam, diện tích 146m² | A02198456 • Mai Chí Thọ, Thủ Thiêm, Quận 2, | 3 | 3 | 146 m²",23000.0,0.007901600038643996,0.7974003611977811,1.6313038821318313,-0.6557443854688363,-0.13517524411165588,False,False,False,False,True,False,False,False,False,False,False,False,False,False,False,False
"3.75 tỷ | Căn hộ Masteri Centre Point hướng Tây Nam, diện tích 51m² | A09189229 • Nguyễn Xiển, Long Thạnh Mỹ, | 1 | 1 | 51 m²",3750.0,-0.04358854755835031,-0.2784405847727604,-0.9416942054369568,0.9724400052447274,-0.13517524411165588,False,False,False,False,False,False,False,False,False,False,False,False,False,True,True,False
"4.5 tỷ | Căn hộ Masteri Centre Point hướng Tây Bắc, diện tích 67m² | A09189086 • Nguyễn Xiển, Long Thạnh Mỹ, | 2 | 2 | 67 m²",4500.0,-0.034916522699909164,-0.3599594395141483,-0.277481235499105,0.9724400052447274,-0.13517524411165588,False,False,False,False,False,False,False,False,False,False,False,False,False,True,True,False
"2.97 tỷ | Căn hộ Vinhomes Grand Park không có nội thất diện tích 46.1m² | A09116611 • Nguyễn Xiển, Long Thạnh Mỹ, | 1 | 1 | 46.1 m²",2970.0,-0.04624435517124791,-0.3950377301534076,-1.186742506855453,0.9724400052447274,-0.13517524411165588,False,False,False,False,False,False,False,False,False,False,False,False,False,True,False,True
"GIẢM GIÁ | 2.4 tỷ | -11% | Căn hộ Vinhomes Grand Park không có nội thất diện tích 46.1m² | A09116610 • Nguyễn Xiển, Long Thạnh Mỹ, | 1 | 1 | 46.1 m²",2400.0,-0.04624435517124791,-0.5533876024363046,-1.186742506855453,0.9724400052447274,-0.13517524411165588,False,False,False,False,False,False,False,False,False,False,False,False,False,True,False,True
"2.35 tỷ | Căn hộ Vinhomes Grand Park hướng ban công đông nam nội thất cơ bản diện tích 46.1m² | A09146809 • Nguyễn Xiển, Long Thạnh Mỹ, | 1 | 1 | 46.1 m²",2350.0,-0.04624435517124791,-0.567277942110243,-1.186742506855453,0.9724400052447274,-0.13517524411165588,False,False,False,False,False,False,False,False,False,False,False,False,False,True,False,True
"2.5 tỷ | Căn hộ Vinhomes Grand Park hướng Đông Nam, diện tích 46.1m² | A09146943 • Nguyễn Xiển, Long Thạnh Mỹ, | 1 | 1 | 46.1 m²",2500.0,-0.04624435517124791,-0.5256069230884279,-1.186742506855453,0.9724400052447274,-0.13517524411165588,False,False,False,False,False,False,False,False,False,False,False,False,False,True,False,True
"2.97 tỷ | Căn hộ Vinhomes Grand Park hướng Đông Nam, diện tích 47m² | A09147178 • Nguyễn Xiển, Long Thạnh Mỹ, | 1 | 1 | 47 m²",2970.0,-0.0457565537729606,-0.41083725268465743,-1.139877365467433,0.9724400052447274,-0.13517524411165588,False,False,False,False,False,False,False,False,False,False,False,False,False,True,False,True
"1.9 tỷ | Căn hộ Vinhomes Grand Park hướng ban công đông nam nội thất cơ bản diện tích 46.1m² | A09146769 • Nguyễn Xiển, Long Thạnh Mỹ, | 1 | 1 | 46.1 m²",1900.0,-0.04624435517124791,-0.6922909991756879,-1.186742506855453,0.9724400052447274,-0.13517524411165588,False,False,False,False,False,False,False,False,False,False,False,False,False,True,False,True
"7.4 tỷ | Căn hộ De Capella đầy đủ nội thất diện tích 103m² | A02140538 • Lương Định Của, Bình Khánh, | 3 | 2 | 103 m²",7400.0,-0.015404466768416582,-0.3000170181703304,0.7745158354560264,0.9724400052447274,-0.13517524411165588,False,False,False,False,False,False,False,False,False,False,False,False,False,True,False,False
"1.86 tỷ | Căn hộ Vinhomes Grand Park hướng Tây Bắc, diện tích 47 m² | A09136432 • Nguyễn Xiển, Long Thạnh Mỹ, | 1 | 1 | 47 m²",1860.0,-0.0457565537729606,-0.7132979213889546,-1.139877365467433,0.9724400052447274,-0.13517524411165588,False,False,False,False,False,False,False,False,False,False,False,False,False,True,False,True
"GIẢM GIÁ | 2.82 tỷ | -1% | Căn hộ Vinhomes Grand Park hướng ban công đông bắc không có nội thất diện tích 59.2m² | A09136511 • Nguyễn Xiển, Long Thạnh Mỹ, | 2 | 2 | 59.2 m²",2820.0,-0.03914413481839922,-0.6100658195247597,-0.5791416357440328,0.9724400052447274,-0.13517524411165588,False,False,False,False,False,False,False,False,False,False,False,False,False,True,True,False
"GIẢM GIÁ | 5.9 tỷ | -9% | Căn hộ Vinhomes Grand Park nội thất đầy đủ, thiết kế hiện đại | A09114320 • Nguyễn Xiển, Long Thạnh Mỹ, | 3 | 2 | 108 m²",5900.0,-0.012694459000153726,-0.5204880756900692,0.8907798095807904,0.9724400052447274,-0.13517524411165588,False,False,False,False,False,False,False,False,False,False,False,False,False,True,False,False
"5.56 tỷ | Căn hộ 2 phòng ngủ Wilton Tower, diện tích 74.57m² | ABT197940 • Điện Biên Phủ, Phường 25, Bình Thạnh, | 2 | 2 | 74.57 m²",5560.0,-0.030813570938759197,-0.2652315093426254,-0.016138698753464888,-2.2839287761824,5.816453619818927,True,False,False,False,False,False,False,False,False,False,False,False,False,False,True,False
"3 tỷ | Căn hộ Saigon Avenue hướng ban công đông nam nội thất cơ bản diện tích 62.26m² | ATD96291 • Gò Dưa, Tam Bình, Thủ Đức, Hồ Chí Minh | 2 | 2 | 62.26 m²",3000.0,-0.03748561006422235,-0.6030233681070049,-0.45638101332300807,-1.0627904831472272,0.7150574507355703,False,False,False,False,False,False,False,False,False,False,True,False,False,False,True,False
"2.6 tỷ | Căn hộ Saigon Avenue tầng 10 có 2 phòng ngủ, đầy đủ nội thất. | ATD105324 • Gò Dưa, Tam Bình, Thủ Đức, Hồ Chí Minh | 2 | 2 | 62 m²",2600.0,-0.03762653046817202,-0.6830606444246191,-0.46657826527726753,-1.0627904831472272,0.7150574507355703,False,False,False,False,False,False,False,False,False,False,True,False,False,False,True,False
"2 tỷ | Căn hộ Saigon Avenue tầng cao mát mẻ, nội thất cơ bản. | ATD114775 • Gò Dưa, Tam Bình, Thủ Đức, Hồ Chí Minh | 2 | 1 | 47 m²",2000.0,-0.0457565537729606,-0.675149728939764,-1.139877365467433,-1.0627904831472272,0.7150574507355703,False,False,False,False,False,False,False,False,False,False,True,False,False,False,False,True
"GIẢM GIÁ | 2.5 tỷ | -3% | Căn hộ Akari City quận Bình Tân | ATA111875 • Võ Văn Kiệt, An Lạc, Bình Tân, | 2 | 1 | 56 m²",2500.0,-0.04087853979008745,-0.6483876041348471,-0.7143816774819216,0.9724400052447274,-0.13517524411165588,False,False,False,False,False,False,False,False,False,False,False,False,False,True,True,False
"6.5 tỷ | Căn hộ One Verandah hướng Tây Bắc, diện tích 81m² | A02198491 • Tạ Hiện, Thạnh Mỹ Lợi, Quận 2, | 2 | 2 | 81 m²",6500.0,-0.02732850094877316,-0.19241025658889474,0.18604849860900327,-0.6557443854688363,-0.13517524411165588,False,False,False,False,True,False,False,False,False,False,False,False,False,False,True,False
"2.79 tỷ | Căn hộ Tecco Tower Thủ Đức đầy đủ nội thất diện tích 75.2m². | ATD116136 • Linh Đông, Linh Đông, Thủ Đức, | 2 | 2 | 75.2 m²",2790.0,-0.030472109959958072,-0.744974545476229,0.004416992356852025,-1.0627904831472272,0.7150574507355703,False,False,False,False,False,False,False,False,False,False,True,False,False,False,True,False
"2.8 tỷ | Căn hộ Tecco Tower Thủ Đức đầy đủ nội thất diện tích 80.05m². | ATD117565 • Linh Đông, Linh Đông, Thủ Đức, | 2 | 1 | 80.05 m²",2800.0,-0.0278434024247431,-0.7721626213107762,0.15719604909623902,-1.0627904831472272,0.7150574507355703,False,False,False,False,False,False,False,False,False,False,True,False,False,False,True,False
"3.45 tỷ | Bán Nhà Thô Saigon South Residence 2PN,2WC diện tích 71.32m² | ANB198303 • Nguyễn Hữu Thọ, Phước Kiển, | 2 | 2 | 71.32 m²",3450.0,-0.03257507598813006,-0.6006093040255233,-0.12497892901431296,0.9724400052447274,-0.13517524411165588,False,False,False,False,False,False,False,False,False,False,False,False,False,True,True,False
"6.8 tỷ | Căn hộ Park Legend view thành phố tuyệt đẹp, đầy đủ tiện ích. | ATB79938 • Hoàng Văn Thụ, Phường 2, Tân Bình, | 3 | 2 | 88.5 m²",6800.0,-0.02326348929637887,-0.2360914365059798,0.40274365302539283,-0.6557443854688363,-0.13517524411165588,False,False,False,False,False,False,False,False,False,False,False,True,False,False,True,False
"21.8 tỷ | Cần bán căn hộ The River Thủ Thiêm 3PN - 21.8ty , diện tích 140m² | A02198431 • Lương Định Của, An Khánh, Quận 2, | 3 | 2 | 140 m²",21800.0,0.004649590716728567,0.774092316859591,1.528123631242022,-0.6557443854688363,-0.13517524411165588,False,False,False,False,True,False,False,False,False,False,False,False,False,False,False,False
"GIẢM GIÁ | 4.6 tỷ | -4% | Căn hộ Palm Heights view nội khu yên tĩnh, thiết kế kỹ lưỡng. | A0269932 • Song Hành Cao Tốc HCM - LT - Dầu Giây, | 2 | 2 | 80 m²",4600.0,-0.02787050250242573,-0.4837275489715038,0.1556681454901363,0.9724400052447274,-0.13517524411165588,False,False,False,False,False,False,False,False,False,False,False,False,False,True,True,False
"40 tỷ | Bán gấp căn hộ 4 phòng ngủ The River Thủ Thiêm | A02186941 • Lương Định Của, An Khánh, Quận 2, | 4 | 3 | 203 m²",40000.0,0.03879568859684058,1.3034018428444376,2.4426473226773955,-0.6557443854688363,-0.13517524411165588,False,False,False,False,True,False,False,False,False,False,False,False,False,False,False,False
"3 tỷ | Căn hộ Safira Khang Điền đầy đủ nội thất diện tích 67m². | A09117651 • Võ Chí Công, Phú Hữu, Quận 9, | 2 | 2 | 67 m²",3000.0,-0.034916522699909164,-0.6466809286045471,-0.277481235499105,-0.6557443854688363,-0.13517524411165588,False,False,False,False,False,False,False,False,False,True,False,False,False,False,True,False
"22 tỷ | Căn hộ The River Thủ Thiêm hướng Đông Bắc, diện tích 130m² | A02131671 • Lương Định Của, An Khánh, Quận 2, | 3 | 2 | 130 m²",22000.0,-0.0007704248197971498,0.947196477415926,1.3459850898703698,-0.6557443854688363,-0.13517524411165588,False,False,False,False,True,False,False,False,False,False,False,False,False,False,False,False
"59.5 tỷ | Căn hộ The River Thủ Thiêm hướng Tây Bắc, diện tích 185.91m² | A0284498 • Lương Định Của, An Khánh, Quận 2, | 4 | 3 | 185.91 m²",59500.0,0.029532882044918128,2.878688121468021,2.2260180333362274,-0.6557443854688363,-0.13517524411165588,False,False,False,False,True,False,False,False,False,False,False,False,False,False,False,False
"20.6 tỷ | Căn hộ The Metropole Thủ Thiêm diện tích 115.33m2, nội thất cơ bản. | A0286543 • Đường R2, An Khánh, Quận 2, Hồ Chí Minh | 2 | 2 | 115.33 m²",20600.0,-0.008721587611880376,1.0674161911514075,1.0519234580372445,-0.6557443854688363,-0.13517524411165588,False,False,False,False,True,False,False,False,False,False,False,False,False,False,False,False
"19 tỷ | Căn hộ The River Thủ Thiêm hướng ban công tây nam nội thất cơ bản diện tích 130m². | A02131642 • Lương Định Của, An Khánh, Quận 2, | 3 | 2 | 130 m²",19000.0,-0.0007704248197971498,0.6516527886612075,1.3459850898703698,-0.6557443854688363,-0.13517524411165588,False,False,False,False,True,False,False,False,False,False,False,False,False,False,False,False
"5 tỷ | Căn hộ Vinhomes Central Park hướng Đông Nam, diện tích 54.1m² | ABT146425 • Nguyễn Hữu Cảnh, Phường 22, | 1 | 1 | 54.1 m²",5000.0,-0.04190834274202734,-0.036492374495959656,-0.7983208249233861,0.9724400052447274,-0.13517524411165588,False,False,False,False,False,False,False,False,False,False,False,False,False,True,True,False
"GIẢM GIÁ | 17 tỷ | -14% | Căn hộ 2PN Opera Metropole View sông ban công hướng Tây Nam | A02145335 • Đường R2, An Khánh, Quận 2, | 2 | 2 | 84 m²",17000.0,-0.025702496287815443,1.371747331896911,0.27501499339213553,-0.6557443854688363,-0.13517524411165588,False,False,False,False,True,False,False,False,False,False,False,False,False,False,True,False
"2.27 tỷ | Căn hộ Vinhomes Grand Park tầng thấp tiện di chuyển, nội thất cơ bản. | A09108897 • Nguyễn Xiển, Long Thạnh Mỹ, | 1 | 1 | 47 m²",2270.0,-0.0457565537729606,-0.6015782149306106,-1.139877365467433,0.9724400052447274,-0.13517524411165588,False,False,False,False,False,False,False,False,False,False,False,False,False,True,False,True
"3.5 tỷ | Căn hộ Vinhomes Grand Park hướng Tây, diện tích 59.2m² | A09143426 • Nguyễn Xiển, Long Thạnh Mỹ, | 2 | 2 | 59.2 m²",3500.0,-0.03914413481839922,-0.4629596140860371,-0.5791416357440328,0.9724400052447274,-0.13517524411165588,False,False,False,False,False,False,False,False,False,False,False,False,False,True,True,False
"GIẢM GIÁ | 33.5 tỷ | -6% | Bán căn 3 phòng ngủ View sông vĩnh viễn dự án The Metropole Thủ Thiêm | A02163269 • Đường R2, An Khánh, Quận 2, | 3 | 2 | 151.87 m²",33500.0,0.011083149158584594,1.6048640533709295,1.728251141387563,-0.6557443854688363,-0.13517524411165588,False,False,False,False,True,False,False,False,False,False,False,False,False,False,False,False
"GIẢM GIÁ | 19.5 tỷ | -3% | Mini penthouse The Metropole nhà thô, ban công hướng Đông Bắc | A02163215 • Đường R2, An Khánh, Quận 2, | 2 | 2 | 69.61 m²",19500.0,-0.033501898644875946,2.3674988054361368,-0.18422620833523534,-0.6557443854688363,-0.13517524411165588,False,False,False,False,True,False,False,False,False,False,False,False,False,False,True,False
"5.19 tỷ | Bán căn hộ 3 phòng ngủ đầy đủ nội thất Saigon South Residence sổ hồng có bồn tắm | ANB59993 • Nguyễn Hữu Thọ, Phước Kiển, Nhà Bè, | 3 | 2 | 95 m²",5190.0,-0.019740479197637155,-0.5204631109860158,0.5763326754255502,-0.6557443854688363,-0.13517524411165588,False,False,True,False,False,False,False,False,False,False,False,False,False,False,True,False
"6.8 tỷ | Căn hộ 1PN De La Sol 67.82m² View Đẹp Nhất | A04198479 • Tôn Thất Thuyết, Phường 1, Quận 4, | 1 | 1 | 67.82 m²",6800.0,-0.034472081425914056,0.06396446861606786,-0.24780256518968724,-2.4874518250215956,-0.13517524411165588,False,False,False,False,False,True,False,False,False,False,False,False,False,False,True,False
"GIẢM GIÁ | 12.3 tỷ | -20% | Bán căn hộ 2 phòng ngủ Metropole tầng thấp, nội thất cơ bản | A02163273 • Đường R2, An Khánh, Quận 2, | 2 | 2 | 83.26 m²",12300.0,-0.026103577437518344,0.6718384533667702,0.253365131841055,-0.6557443854688363,-0.13517524411165588,False,False,False,False,True,False,False,False,False,False,False,False,False,False,True,False
"3.3 tỷ | Căn hộ MT Eastmark City hướng ban công đông nội thất cơ bản diện tích 69.3m² | A09198478 • Trường Lưu, Long Trường, Quận 9, | 2 | 2 | 69.3 m²",3300.0,-0.03366991912650825,-0.6102718506248139,-0.19512041357246315,-0.6557443854688363,-0.13517524411165588,False,False,False,False,False,False,False,False,False,True,False,False,False,False,True,False
"12.9 tỷ | Mở bán căn hộ 3 phòng ngủ Eaton Park, diện tích 103m² | A02198469 • Mai Chí Thọ, An Phú, Quận 2, | 3 | 2 | 103 m²",12900.0,-0.015404466768416582,0.3838462098543425,0.7745158354560264,-0.6557443854688363,-0.13517524411165588,False,False,False,False,True,False,False,False,False,False,False,False,False,False,False,False
"6.97 tỷ | Căn hộ Eaton Park hướng Tây Nam, diện tích 55.8m² | A02198475 • Mai Chí Thọ, An Phú, Quận 2, | 1 | 1 | 55.8 m²",6970.0,-0.040986940100817965,0.37959016956262825,-0.7230845606604706,-0.6557443854688363,-0.13517524411165588,False,False,False,False,True,False,False,False,False,False,False,False,False,False,True,False
"9.52 tỷ | Căn hộ Eaton Park hướng Tây Nam, diện tích 75.9m² | A02198476 • Mai Chí Thọ, An Phú, Quận 2, | 2 | 2 | 75.9 m²",9520.0,-0.030092708872401272,0.3862215881766224,0.027058265746389105,-0.6557443854688363,-0.13517524411165588,False,False,False,False,True,False,False,False,False,False,False,False,False,False,True,False
"13 tỷ | Căn hộ Eaton Park, diện tích 104.8m² chính thức mở bán giai đoạn 1 | A02198466 • Mai Chí Thọ, An Phú, Quận 2, | 3 | 2 | 104.8 m²",13000.0,-0.014428863971841956,0.3685174227168012,0.8170025012800255,-0.6557443854688363,-0.13517524411165588,False,False,False,False,True,False,False,False,False,False,False,False,False,False,False,False
"6.8 tỷ | Căn hộ Eaton Park, diện tích 51.9m² giai đoạn 1 | A02198463 • Mai Chí Thọ, An Phú, Quận 2, | 1 | 1 | 51.9 m²",6800.0,-0.043100746160062986,0.45785053675461285,-0.8992075396129589,-0.6557443854688363,-0.13517524411165588,False,False,False,False,True,False,False,False,False,False,False,False,False,False,True,False
"9 tỷ | Mở bán giai đoạn 1 căn hộ Eaton Park, diện tích 71.7m² | A02198465 • Mai Chí Thọ, An Phú, Quận 2, | 2 | 2 | 71.7 m²",9000.0,-0.03236911539774207,0.38743590652484095,-0.11200320311271778,-0.6557443854688363,-0.13517524411165588,False,False,False,False,True,False,False,False,False,False,False,False,False,False,True,False
"6.73 tỷ | Mở bán căn hộ Eaton Park Mai Chí Thọ, diện tích 52m² | A02198467 • Mai Chí Thọ, An Phú, Quận 2, | 1 | 1 | 52 m²",6730.0,-0.04304654600469773,0.43738361431403644,-0.8945314896582033,-0.6557443854688363,-0.13517524411165588,False,False,False,False,True,False,False,False,False,False,False,False,False,False,True,False
"8.78 tỷ | Chính thức mở bán căn hộ Eaton Park, diện tích 72m² | A02198468 • Mai Chí Thọ, An Phú, Quận 2, | 2 | 2 | 72 m²",8780.0,-0.0322065149316463,0.34160556703241446,-0.10180702790000057,-0.6557443854688363,-0.13517524411165588,False,False,False,False,True,False,False,False,False,False,False,False,False,False,True,False
"6.82 tỷ | Căn hộ Eaton Park hướng Tây Nam, diện tích 55m² | A02198464 • Mai Chí Thọ, An Phú, Quận 2, | 1 | 1 | 55 m²",6820.0,-0.04142054134374002,0.36793084745667737,-0.7582052589513175,-0.6557443854688363,-0.13517524411165588,False,False,False,False,True,False,False,False,False,False,False,False,False,False,True,False
"6.99 tỷ | Mở bán căn hộ 1PN Eaton Park, diện tích 52m² | A02198470 • Mai Chí Thọ, An Phú, Quận 2, | 1 | 1 | 52 m²",6990.0,-0.04304654600469773,0.5014180802108922,-0.8945314896582033,-0.6557443854688363,-0.13517524411165588,False,False,False,False,True,False,False,False,False,False,False,False,False,False,True,False
"9.04 tỷ | Căn hộ Eaton Park hướng Tây Nam, diện tích 65.76m² | A02198473 • Mai Chí Thọ, An Phú, Quận 2, | 2 | 2 | 65.76 m²",9040.0,-0.03558860462643835,0.5404344013277204,-0.3230479707438858,-0.6557443854688363,-0.13517524411165588,False,False,False,False,True,False,False,False,False,False,False,False,False,False,True,False
"7.9 tỷ | Mở bán giai đoạn 1 căn hộ Eaton Park, diện tích 72m² | A02198471 • Mai Chí Thọ, An Phú, Quận 2, | 2 | 2 | 72 m²",7900.0,-0.0322065149316463,0.18507687261787834,-0.10180702790000057,-0.6557443854688363,-0.13517524411165588,False,False,False,False,True,False,False,False,False,False,False,False,False,False,True,False
"12.5 tỷ | Mở bán Căn hộ 3 phòng ngủ Eaton Park, diện tích 104m² | A02198472 • Mai Chí Thọ, An Phú, Quận 2, | 3 | 2 | 104 m²",12500.0,-0.014862465214764012,0.31916613881214884,0.7982094872234391,-0.6557443854688363,-0.13517524411165588,False,False,False,False,True,False,False,False,False,False,False,False,False,False,False,False
"9.05 tỷ | Căn hộ Eaton Park hướng Tây Nam, diện tích 65.76m² | A02198474 • Mai Chí Thọ, An Phú, Quận 2, | 2 | 2 | 65.76 m²",9050.0,-0.03558860462643835,0.5423819215800577,-0.3230479707438858,-0.6557443854688363,-0.13517524411165588,False,False,False,False,True,False,False,False,False,False,False,False,False,False,True,False
"GIẢM GIÁ | 1.8 tỷ | -12% | Căn hộ Vinhomes Grand Park tầng cao thoáng mát, không nội thất. | A09111585 • Nguyễn Xiển, Long Thạnh Mỹ, | 1 | 1 | 36 m²",1800.0,-0.05171857086313888,-0.5797792478167874,-1.7843299135597186,0.9724400052447274,-0.13517524411165588,False,False,False,False,False,False,False,False,False,False,False,False,False,True,False,True
"1.5 tỷ | Căn hộ Vinhomes Grand Park hướng ban công tây nam nhà thô diện tích 29.7m² | A09142719 • Nguyễn Xiển, Long Thạnh Mỹ, | 1 | 1 | 29.7 m²",1500.0,-0.05513318065115008,-0.5733111199484181,-2.2464823063515964,0.9724400052447274,-0.13517524411165588,False,False,False,False,False,False,False,False,False,False,False,False,False,True,False,True
"GIẢM GIÁ | 1.5 tỷ | -3% | Căn hộ Vinhomes Grand Park hướng Đông Bắc, diện tích 33.6m² | A09143043 • Nguyễn Xiển, Long Thạnh Mỹ, | 1 | 1 | 29 m²",1500.0,-0.053019374591905054,-0.6483876041348471,-1.950378783316523,0.9724400052447274,-0.13517524411165588,False,False,False,False,False,False,False,False,False,False,False,False,False,True,False,True
"GIẢM GIÁ | 2.95 tỷ | -12% | Căn hộ Vinhomes Grand Park diện tích 59m2, tiện ích đa dạng. | A09110077 • Nguyễn Xiển, Long Thạnh Mỹ, | 2 | 2 | 59 m²",2950.0,-0.03925253512912973,-0.5797792478167874,-0.5873811365761936,0.9724400052447274,-0.13517524411165588,False,False,False,False,False,False,False,False,False,False,False,False,False,True,True,False
"18.68 tỷ | Căn hộ Vinhomes Golden River hướng Đông Nam, diện tích 110m² | A01104774 • Tôn Đức Thắng, Bến Nghé, Quận 1, | 3 | 2 | 110 m²",18680.0,-0.011610455892848582,0.9547194076751371,0.9357986446167831,-3.0980209715391815,6.666686314666153,False,False,False,True,False,False,False,False,False,False,False,False,False,False,False,False
"5.2 tỷ | Bán Căn hộ Grand Riverside, diện tích 86 m² 2PN đủ nội thất view quận 1 | A04198437 • Bến Vân Đồn, Phường 2, Quận 4, | 2 | 2 | 86 m²",5200.0,-0.0246184931805103,-0.4457536215210428,0.33259823326586013,-3.0980209715391815,6.666686314666153,False,False,False,True,False,False,False,False,False,False,False,False,False,False,True,False
"1.51 tỷ | Căn hộ Studio The Beverly Solari giá chỉ từ 1.5 tỷ | A09198449 • Nguyễn Xiển, Long Bình, Quận 9, | 1 | 1 | 35 m²",1510.0,-0.052260572416791454,-0.6675979439039038,-1.8521688890769001,-0.6557443854688363,-0.13517524411165588,False,False,False,False,False,False,False,False,False,True,False,False,False,False,False,True
"5 tỷ | Căn hộ The Manor đầy đủ nội thất diện tích 75m² | ABT163235 • Nguyễn Hữu Cảnh, Phường 22, | 2 | 1 | 75 m²",5000.0,-0.030580510270688588,-0.36633102816060154,-0.0020901538724554937,0.9724400052447274,-0.13517524411165588,False,False,False,False,False,False,False,False,False,False,False,False,False,True,True,False
"6 tỷ | Căn hộ The Manor đầy đủ nội thất diện tích 101m² | ABT147342 • Nguyễn Hữu Cảnh, Phường 22, | 3 | 2 | 101 m²",6000.0,-0.016488469875721726,-0.45931837137715775,0.7264372817844111,0.9724400052447274,-0.13517524411165588,False,False,False,False,False,False,False,False,False,False,False,False,False,True,False,False
"2.15 tỷ | Căn hộ Lô C1 Chung cư 6,4ha Thạnh Mỹ Lợi ban công Tây Nam 76m² | A02105257 • Đồng Văn Cống, Thạnh Mỹ Lợi, | 3 | 2 | 76 m²",2150.0,-0.030038508717036016,-0.8578236392110294,0.03027589805772795,0.9724400052447274,-0.13517524411165588,False,False,False,False,False,False,False,False,False,False,False,False,False,True,True,False
"5.7 tỷ | Căn hộ One Verandah hướng Tây, diện tích 81m² | A0270042 • Tạ Hiện, Thạnh Mỹ Lợi, Quận 2, | 2 | 2 | 78 m²",5700.0,-0.02732850094877316,-0.31889809045922707,0.18604849860900327,-0.6557443854688363,-0.13517524411165588,False,False,False,False,True,False,False,False,False,False,False,False,False,False,True,False
"GIẢM GIÁ | 9 tỷ | -5% | Căn hộ One Verandah hướng Đông Nam, diện tích 108m² | A02189898 • Tạ Hiện, Thạnh Mỹ Lợi, Quận 2, | 3 | 2 | 108 m²",9000.0,-0.012694459000153726,-0.1528828085044159,0.8907798095807904,-0.6557443854688363,-0.13517524411165588,False,False,False,False,True,False,False,False,False,False,False,False,False,False,False,False
"16 tỷ | Căn hộ Empire City cửa hướng Tây Bắc, đầy đủ nội thất. | A0287251 • Mai Chí Thọ, Thủ Thiêm, Quận 2, | 2 | 2 | 92.33 m²",16000.0,-0.021187623345889525,0.999201240728338,0.5064940645518936,-0.6557443854688363,-0.13517524411165588,False,False,False,False,True,False,False,False,False,False,False,False,False,False,True,False
"3.75 tỷ | Căn hộ Saigon South Residence hướng Tây, diện tích 71.42m² | ANB86179 • Nguyễn Hữu Thọ, Phước Kiển, Nhà Bè, | 2 | 2 | 71.42 m²",3750.0,-0.03252087583276479,-0.5476813217581562,-0.12155766590933191,-0.6557443854688363,-0.13517524411165588,False,False,True,False,False,False,False,False,False,False,False,False,False,False,True,False
"5.5 tỷ | Căn hộ Masteri An Phú đầy đủ nội thất diện tích 69m² | A02183779 • Xa Lộ Hà Nội, Thảo Điền, Quận 2, | 2 | 2 | 69 m²",5500.0,-0.03383251959260402,-0.19928459538619533,-0.205709030060077,-0.6557443854688363,-0.13517524411165588,False,False,False,False,True,False,False,False,False,False,False,False,False,False,True,False
"GIẢM GIÁ | 3.5 tỷ | -3% | Căn hộ Precia ban công rộng rãi, nội thất cơ bản. | A0267358 • Nguyễn Thị Định, An Phú, Quận 2, | 1 | 1 | 54.2 m²",3500.0,-0.04185414258666208,-0.39311050959348104,-0.7938313083440566,-0.6557443854688363,-0.13517524411165588,False,False,False,False,True,False,False,False,False,False,False,False,False,False,True,False
"2.82 tỷ | Căn hộ Vinhomes Grand Park tầng 33, view nội khu. | A0962935 • Nguyễn Xiển, Long Thạnh Mỹ, Quận 9, | 2 | 2 | 69.4 m²",2820.0,-0.03361571897114299,-0.6997285355198313,-0.1916009137401609,-0.6557443854688363,-0.13517524411165588,False,False,False,False,False,False,False,False,False,True,False,False,False,False,True,False
"4.3 tỷ | Căn hộ Eco Green Saigon diện tích 70.84m2, nội thất cơ bản. | A07114682 • Nguyễn Văn Linh, Tân Thuận Tây, | 2 | 2 | 72 m²",4300.0,-0.032835236733883284,-0.4427433213633243,-0.1414671212346512,0.9724400052447274,-0.13517524411165588,False,False,False,False,False,False,False,False,False,False,False,False,False,True,True,False
"7 tỷ | Căn hộ Saigon Pearl đầy đủ nội thất diện tích 84.56m² | ABT144369 • Nguyễn Hữu Cảnh, Phường 22, | 2 | 2 | 84.56 m²",7000.0,-0.025398975417770003,-0.159950630347336,0.29127375163369584,0.9724400052447274,-0.13517524411165588,False,False,False,False,False,False,False,False,False,False,False,False,False,True,True,False
"18.5 tỷ | Căn hộ Thủ Thiêm Lakeview, diện tích 170m² | A02198425 • Ven Hồ Trung Tâm, An Khánh, | 3 | 2 | 170 m²",18500.0,0.020909637326305713,0.17356740979328006,2.005746880694581,0.9724400052447274,-0.13517524411165588,False,False,False,False,False,False,False,False,False,False,False,False,False,True,False,False
"4 tỷ | Căn hộ Saigon South Residence tầng thấp thuận tiện di chuyển. | ANB92546 • Nguyễn Hữu Thọ, Phước Kiển, Nhà Bè, | 2 | 2 | 75.99 m²",4000.0,-0.030043928732572545,-0.5459881952774542,0.029954322927056107,-0.6557443854688363,-0.13517524411165588,False,False,True,False,False,False,False,False,False,False,False,False,False,False,True,False
"3.6 tỷ | Căn hộ Chung cư Mỹ Đức hướng ban công đông bắc nội thất cơ bản | ABT144784 • Xô Viết Nghệ Tĩnh, Phường 21, | 2 | 2 | 85 m²",3600.0,-0.02516049473416287,-0.6777143133060961,0.3039740102405572,0.9724400052447274,-0.13517524411165588,False,False,False,False,False,False,False,False,False,False,False,False,False,True,True,False
"85 tỷ | Căn hộ hạng sang Grand Marina Saigon 165.15m² view sông đẹp nhất tòa Lake | A01103375 • Tôn Đức Thắng, Bến Nghé, Quận 1, | 3 | 3 | 165.15 m²",85000.0,0.018280929791090746,5.37137424790159,1.9345069468389846,-3.0980209715391815,6.666686314666153,False,False,False,True,False,False,False,False,False,False,False,False,False,False,False,False
"2.3 tỷ | Căn hộ Sunrise City hướng Tây, diện tích 36m² | A07183923 • Nguyễn Hữu Thọ, Tân Hưng, Quận 7, | 1 | 1 | 36 m²",2300.0,-0.05171857086313888,-0.4019057314366326,-1.7843299135597186,-1.6733596296648134,-0.560291591535269,False,False,False,False,False,False,False,True,False,False,False,False,False,False,False,True
"GIẢM GIÁ | 11 tỷ | -8% | Căn hộ Vinhomes Golden River nội thất cơ bản diện tích 78.5m². | A01141745 • Tôn Đức Thắng, Bến Nghé, Quận 1, | 2 | 2 | 78.5 m²",11000.0,-0.028683504832904588,0.5744725896870453,0.10938702762531385,-3.0980209715391815,6.666686314666153,False,False,False,True,False,False,False,False,False,False,False,False,False,False,True,False
"10.85 tỷ | CĂN HỘ VINHOMES GOLDEN RIVER TẦNG CAO | A0169281 • Tôn Đức Thắng, Bến Nghé, Quận 1, | 2 | 2 | 77.4 m²",10850.0,-0.029279706541922412,0.5751576306329618,0.07488913595707468,-3.0980209715391815,6.666686314666153,False,False,False,True,False,False,False,False,False,False,False,False,False,False,True,False
"6.3 tỷ | Căn hộ Masteri Thảo Điền, 2 phòng ngủ | A02198419 • Xa Lộ Hà Nội, Thảo Điền, Quận 2, | 2 | 2 | 75 m²",6300.0,-0.030580510270688588,-0.14434487971816842,-0.0020901538724554937,-0.6557443854688363,-0.13517524411165588,False,False,False,False,True,False,False,False,False,False,False,False,False,False,True,False
"6.35 tỷ | Căn hộ Masteri Thảo Điền, diện tích 69 m² | A02198420 • Xa Lộ Hà Nội, Thảo Điền, Quận 2, | 2 | 2 | 69 m²",6350.0,-0.03383251959260402,-0.04151851998814505,-0.205709030060077,-0.6557443854688363,-0.13517524411165588,False,False,False,False,True,False,False,False,False,False,False,False,False,False,True,False
"GIẢM GIÁ | 8.5 tỷ | -4% | Căn hộ Eaton Park, diện tích 80m² ngay mặt tiền trục đường Mai Chí Thọ | A02198329 • Mai Chí Thọ, An Phú, Quận 2, | 2 | 2 | 80 m²",8500.0,-0.02787050250242573,0.14060849352283955,0.1556681454901363,-0.6557443854688363,-0.13517524411165588,False,False,False,False,True,False,False,False,False,False,False,False,False,False,True,False
"GIẢM GIÁ | 5.9 tỷ | -12% | Bán căn hộ Eaton Park, diện tích 51m² trên đại lộ Mai Chí Thọ | A02198330 • Mai Chí Thọ, An Phú, Quận 2, | 1 | 1 | 51 m²",5900.0,-0.04358854755835031,0.2614578531811212,-0.9416942054369568,-0.6557443854688363,-0.13517524411165588,False,False,False,False,True,False,False,False,False,False,False,False,False,False,True,False
"5.76 tỷ | Căn hộ Vinhomes Grand Park hướng ban công tây bắc không có nội thất diện tích 81.5m². | A09126035 • Nguyễn Xiển, Long Thạnh Mỹ, | 3 | 2 | 81.5 m²",5760.0,-0.02705750017194687,-0.31499869558070903,0.20110002043285183,0.9724400052447274,-0.13517524411165588,False,False,False,False,False,False,False,False,False,False,False,False,False,True,True,False
"3.32 tỷ | Căn hộ Lavida Plus hướng Đông Nam, diện tích 65.51m² | A0758496 • Nguyễn Hữu Thọ, Tân Phong, Quận 7, | 2 | 2 | 65.51 m²",3320.0,-0.03572410501485149,-0.571079709632052,-0.33233727298523646,-1.6733596296648134,-0.560291591535269,False,False,False,False,False,False,False,True,False,False,False,False,False,False,True,False
"3.8 tỷ | Căn hộ An Gia Riverside tầng trung, view thành phố sầm uất. | A0766503 • Đào Trí, Phú Thuận, Quận 7, Hồ Chí Minh | 3 | 2 | 88 m²",3800.0,-0.02353449007320516,-0.6670989740397725,0.3888726491550335,-1.6733596296648134,-0.560291591535269,False,False,False,False,False,False,False,True,False,False,False,False,False,False,True,False
"5 tỷ | Căn hộ Masteri Centre Point hướng Tây Nam, diện tích 70m² | A09188338 • Nguyễn Xiển, Long Thạnh Mỹ, | 2 | 2 | 70 m²",5000.0,-0.033290518038951444,-0.3053458225445485,-0.1705883317692301,0.9724400052447274,-0.13517524411165588,False,False,False,False,False,False,False,False,False,False,False,False,False,True,True,False
"13 tỷ | Căn hộ Feliz en Vista hướng ban công tây bắc đầy đủ nội thất diện tích 132.55m² | A02132134 • Đồng Văn Cống, Thạnh Mỹ Lợi, | 3 | 3 | 132.55 m²",13000.0,0.0006116791420169139,0.03592748010130102,1.3937183215570883,0.9724400052447274,-0.13517524411165588,False,False,False,False,False,False,False,False,False,False,False,False,False,True,False,False
"3.5 tỷ | Căn hộ New City Thủ Thiêm đầy đủ nội thất diện tích 50m² | A02183919 • Mai Chí Thọ, Bình Khánh, Quận 2, | 1 | 1 | 50 m²",3500.0,-0.04413054911200288,-0.32364138422936445,-0.9897727591085721,-0.6557443854688363,-0.13517524411165588,False,False,False,False,True,False,False,False,False,False,False,False,False,False,True,False
"8.2 tỷ | Căn hộ Masteri Lumiere Riverside, diện tích 77.1m² | A02191435 • Xa Lộ Hà Nội, An Phú, Quận 2, | 2 | 2 | 77.1 m²",8200.0,-0.02944230700801819,0.1419581174798097,0.06539659634857488,-0.6557443854688363,-0.13517524411165588,False,False,False,False,True,False,False,False,False,False,False,False,False,False,True,False
"9 tỷ | Căn hộ Masteri Lumiere Riverside, diện tích 71.7m² | A02191616 • Xa Lộ Hà Nội, An Phú, Quận 2, | 2 | 2 | 71.7 m²",9000.0,-0.03236911539774207,0.38743590652484095,-0.11200320311271778,-0.6557443854688363,-0.13517524411165588,False,False,False,False,True,False,False,False,False,False,False,False,False,False,True,False
"7.1 tỷ | Căn hộ Masteri Lumiere Riverside, diện tích 68.9m² | A02191346 • Xa Lộ Hà Nội, An Phú, Quận 2, | 2 | 2 | 68.9 m²",7100.0,-0.03388671974796927,0.09959948325144971,-0.2092486557024024,-0.6557443854688363,-0.13517524411165588,False,False,False,False,True,False,False,False,False,False,False,False,False,False,True,False
"9 tỷ | Căn hộ Masteri Lumiere Riverside, diện tích 76.2m² | A02191567 • Xa Lộ Hà Nội, An Phú, Quận 2, | 2 | 2 | 76.2 m²",9000.0,-0.0299301084063055,0.29250127188053854,0.03669864540798076,-0.6557443854688363,-0.13517524411165588,False,False,False,False,True,False,False,False,False,False,False,False,False,False,True,False
"3.1 tỷ | Căn hộ Vinhomes Grand Park hướng Bắc, diện tích 69 m² | A09124026 • Nguyễn Xiển, Long Thạnh Mỹ, | 2 | 2 | 69 m²",3100.0,-0.03383251959260402,-0.6447417494512787,-0.205709030060077,0.9724400052447274,-0.13517524411165588,False,False,False,False,False,False,False,False,False,False,False,False,False,True,True,False
"2.2 tỷ | Căn hộ Vinhomes Grand Park hướng ban công tây bắc đầy đủ nội thất diện tích 46.5m² | A09139430 • Nguyễn Xiển, Long Thạnh Mỹ, | 1 | 1 | 46.5 m²",2200.0,-0.04602755454978688,-0.614206380019398,-1.1658039658741994,0.9724400052447274,-0.13517524411165588,False,False,False,False,False,False,False,False,False,False,False,False,False,True,False,True
"1.75 tỷ | Căn hộ Vinhomes Grand Park hướng ban công đông nam nội thất cơ bản diện tích 46.5m² | A09124317 • Nguyễn Xiển, Long Thạnh Mỹ, | 1 | 1 | 46.5 m²",1750.0,-0.04602755454978688,-0.7381440559487962,-1.1658039658741994,0.9724400052447274,-0.13517524411165588,False,False,False,False,False,False,False,False,False,False,False,False,False,True,False,True
"5.4 tỷ | Bán căn hộ Diamond Island - Đảo Kim Cương 2PN, tầng 10, đầy đủ nội thất | A0255946 • Số 104-BTT, Bình Trưng Tây, Quận 2, | 2 | 2 | 80 m²",5400.0,-0.02787050250242573,-0.35565861717779235,0.1556681454901363,-0.6557443854688363,-0.13517524411165588,False,False,False,False,True,False,False,False,False,False,False,False,False,False,True,False
"3.9 tỷ | Mua căn hộ 1PN Đảo Kim Cương - Diamond Island | A02198404 • Số 104-BTT, Bình Trưng Tây, Quận 2, | 1 | 1 | 54.13 m²",3900.0,-0.04189208269541776,-0.29740298678631516,-0.7969731149843943,-0.6557443854688363,-0.13517524411165588,False,False,False,False,True,False,False,False,False,False,False,False,False,False,True,False
"4 tỷ | Căn hộ Vinhomes Grand Park hướng ban công tây bắc không có nội thất diện tích 66.5m² | A09142830 • Nguyễn Xiển, Long Thạnh Mỹ, | 2 | 2 | 66.5 m²",4000.0,-0.03518752347673545,-0.44978446742467426,-0.29575414290214147,0.9724400052447274,-0.13517524411165588,False,False,False,False,False,False,False,False,False,False,False,False,False,True,True,False
"4.55 tỷ | Căn hộ Masteri Centre Point hướng Tây Nam, diện tích 67m² | A09188228 • Nguyễn Xiển, Long Thạnh Mỹ, | 2 | 2 | 67 m²",4550.0,-0.034916522699909164,-0.35040205654446827,-0.277481235499105,0.9724400052447274,-0.13517524411165588,False,False,False,False,False,False,False,False,False,False,False,False,False,True,True,False
"GIẢM GIÁ | 4.9 tỷ | -2% | Căn hộ Masteri Centre Point hướng Tây Nam, diện tích 70m² | A09188371 • Nguyễn Xiển, Long Thạnh Mỹ, | 2 | 2 | 70 m²",4900.0,-0.033290518038951444,-0.32364138422936445,-0.1705883317692301,0.9724400052447274,-0.13517524411165588,False,False,False,False,False,False,False,False,False,False,False,False,False,True,True,False
"7.48 tỷ | Căn hộ Diamond Island - Đảo Kim Cương hướng ban công tây đầy đủ nội thất diện tích 88m². | A02141770 • Số 104-BTT, Bình Trưng Tây, Quận 2, | 2 | 2 | 88 m²",7480.0,-0.02353449007320516,-0.13153798653879728,0.3888726491550335,-0.6557443854688363,-0.13517524411165588,False,False,False,False,True,False,False,False,False,False,False,False,False,False,True,False
"15 tỷ | Căn hộ Diamond Island - Đảo Kim Cương, diện tích 139m² | A02137844 • Số 104-BTT, Bình Trưng Tây, Quận 2, | 2 | 2 | 139 m²",15000.0,0.004107589163075995,0.16191492552089412,1.5105010108329051,-0.6557443854688363,-0.13517524411165588,False,False,False,False,True,False,False,False,False,False,False,False,False,False,False,False
"GIẢM GIÁ | 8.5 tỷ | -6% | Căn hộ Diamond Island - Đảo Kim Cương, diện tích 91.59m² | A02136297 • Số 104-BTT, Bình Trưng Tây, Quận 2, | 2 | 2 | 91.59 m²",8500.0,-0.021588704495592425,-0.03158157656747451,0.4867842346828061,-0.6557443854688363,-0.13517524411165588,False,False,False,False,True,False,False,False,False,False,False,False,False,False,True,False
"8.3 tỷ | Căn hộ Diamond Island - Đảo Kim Cương đầy đủ nội thất diện tích 90m². | A02141767 • Số 104-BTT, Bình Trưng Tây, Quận 2, | 2 | 2 | 90 m²",8300.0,-0.022450486965900015,-0.0390437580211167,0.4438964183626748,-0.6557443854688363,-0.13517524411165588,False,False,False,False,True,False,False,False,False,False,False,False,False,False,True,False
"3.76 tỷ | BÁN CĂN HỘ 1 PN ĐẢO KIM CƯƠNG | A02198403 • Số 104-BTT, Bình Trưng Tây, Quận 2, | 1 | 1 | 54.13 m²",3760.0,-0.04189208269541776,-0.33052630186320353,-0.7969731149843943,-0.6557443854688363,-0.13517524411165588,False,False,False,False,True,False,False,False,False,False,False,False,False,False,True,False
"8 tỷ | Bán căn góc 2PN Đảo Kim Cương 86.32m² View Sông | A02198399 • Số 104-BTT, Bình Trưng Tây, Quận 2, | 2 | 2 | 86.32 m²",8000.0,-0.024445052683341482,-0.03320146198727735,0.34168853338997934,-0.6557443854688363,-0.13517524411165588,False,False,False,False,True,False,False,False,False,False,False,False,False,False,True,False
"4 tỷ | Mua căn hộ 1PN Đảo Kim Cương | A02198400 • Số 104-BTT, Bình Trưng Tây, Quận 2, | 1 | 1 | 49.28 m²",4000.0,-0.04452079023063273,-0.1806033565117128,-1.024976684603754,-0.6557443854688363,-0.13517524411165588,False,False,False,False,True,False,False,False,False,False,False,False,False,False,False,True
"25 tỷ | MUA CĂN HỘ 4PN ĐẢO KIM CƯƠNG - DIAMOND ISLAND | A02198401 • Số 104-BTT, Bình Trưng Tây, Quận 2, | 4 | 3 | 167.23 m²",25000.0,0.019408293022688084,0.6944388480091221,1.9653106987035314,-0.6557443854688363,-0.13517524411165588,False,False,False,False,True,False,False,False,False,False,False,False,False,False,False,False
"6.9 tỷ | Căn hộ The Manor, diện tích 113 m² | ABT149482 • Nguyễn Hữu Cảnh, Phường 22, | 2 | 2 | 113 m²",6900.0,-0.009984451231890868,-0.43811007547861097,1.0018283634110627,0.9724400052447274,-0.13517524411165588,False,False,False,False,False,False,False,False,False,False,False,False,False,True,False,False
"2.3 tỷ | Căn hộ Vinhomes Grand Park hướng ban công nam nội thất cơ bản diện tích 46.5m² | A0983648 • Nguyễn Xiển, Long Thạnh Mỹ, Quận 9, | 1 | 1 | 46.5 m²",2300.0,-0.04602755454978688,-0.5866646742573095,-1.1658039658741994,-0.6557443854688363,-0.13517524411165588,False,False,False,False,False,False,False,False,False,True,False,False,False,False,False,True
"GIẢM GIÁ | 2.6 tỷ | -5% | Căn hộ Vinhomes Grand Park hướng Đông Bắc, diện tích 46m² | A09117212 • Nguyễn Xiển, Long Thạnh Mỹ, | 1 | 1 | 46 m²",2600.0,-0.046298555326613165,-0.49625603142958424,-1.1920049269344806,0.9724400052447274,-0.13517524411165588,False,False,False,False,False,False,False,False,False,False,False,False,False,True,False,True
"2.7 tỷ | Căn hộ Vinhomes Grand Park hướng Đông Nam, diện tích 58.7m² | A09142781 • Nguyễn Xiển, Long Thạnh Mỹ, | 2 | 2 | 58.7 m²",2700.0,-0.039415135595225505,-0.6310504556047298,-0.5997920283019782,0.9724400052447274,-0.13517524411165588,False,False,False,False,False,False,False,False,False,False,False,False,False,True,True,False
"3.1 tỷ | Căn hộ Vinhomes Grand Park hướng Bắc, diện tích 59 m² | A09136045 • Nguyễn Xiển, Long Thạnh Mỹ, | 2 | 2 | 59 m²",3100.0,-0.03925253512912973,-0.5472193499031319,-0.5873811365761936,0.9724400052447274,-0.13517524411165588,False,False,False,False,False,False,False,False,False,False,False,False,False,True,True,False
"5.9 tỷ | Bán căn hộ 1PN Sunwah Pearl Bình Thạnh nội thất đẹp | ABT198358 • Nguyễn Hữu Cảnh, Phường 22, | 1 | 1 | 53 m²",5900.0,-0.042504544451045165,0.20554910752200922,-0.8482503717933819,-2.2839287761824,5.816453619818927,True,False,False,False,False,False,False,False,False,False,False,False,False,False,True,False
"7.2 tỷ | Cần bán căn hộ 3 phòng ngủ Palm Heights | A02198345 • Song Hành Cao Tốc HCM - LT - Dầu Giây, | 3 | 2 | 105 m²",7200.0,-0.01432046366111144,-0.3419369459141804,0.82167855123478,0.9724400052447274,-0.13517524411165588,False,False,False,False,False,False,False,False,False,False,False,False,False,True,False,False
"2.75 tỷ | Căn hộ 312 Lạc Long Quân diện tích 70m2. | A11103517 • Lạc Long Quân, Phường 5, Quận 11, | 2 | 2 | 70 m²",2750.0,-0.033290518038951444,-0.7169959604529068,-0.1705883317692301,-3.0980209715391815,6.666686314666153,False,False,False,True,False,False,False,False,False,False,False,False,False,False,True,False
"1.95 tỷ | Căn hộ An Phú Apartment diện tích 46m2, nội thất cơ bản. | A06111025 • Hậu Giang, Phường 11, Quận 6, | 1 | 1 | 46 m²",1950.0,-0.046298555326613165,-0.6772230002685243,-1.1920049269344806,-0.6557443854688363,-0.13517524411165588,False,False,False,False,False,False,True,False,False,False,False,False,False,False,False,True
"5.5 tỷ | BÁN CĂN HỘ MASTERI AN PHÚ 2PN VIEW SÔNG GIÁ TỐT NHẤT | A02141755 • Xa Lộ Hà Nội, Thảo Điền, Quận 2, | 2 | 2 | 72.2 m²",5500.0,-0.03209811462091579,-0.24452955101607457,-0.09503283019924504,-0.6557443854688363,-0.13517524411165588,False,False,False,False,True,False,False,False,False,False,False,False,False,False,True,False
"4 tỷ | Căn hộ Gateway Thảo Điền, diện tích 50m² | A02198337 • Lê Thước, Thảo Điền, Quận 2, | 1 | 1 | 50 m²",4000.0,-0.04413054911200288,-0.195572452435653,-0.9897727591085721,-0.6557443854688363,-0.13517524411165588,False,False,False,False,True,False,False,False,False,False,False,False,False,False,True,False
"2.4 tỷ | Căn hộ tầng 18 Vinhomes Grand Park nội thất cơ bản, view nội khu | A09100203 • Nguyễn Xiển, Long Thạnh Mỹ, | 1 | 1 | 46 m²",2400.0,-0.046298555326613165,-0.5519381756877197,-1.1920049269344806,0.9724400052447274,-0.13517524411165588,False,False,False,False,False,False,False,False,False,False,False,False,False,True,False,True
"GIẢM GIÁ | 5 tỷ | -6% | Căn hộ Vinhomes Grand Park hướng ban công tây bắc nội thất cơ bản diện tích 81.5m² | A09134737 • Nguyễn Xiển, Long Thạnh Mỹ, | 3 | 2 | 81.5 m²",5000.0,-0.02705750017194687,-0.43442493872576515,0.20110002043285183,0.9724400052447274,-0.13517524411165588,False,False,False,False,False,False,False,False,False,False,False,False,False,True,True,False
"2.2 tỷ | Căn hộ Vinhomes Grand Park tầng 8 cửa hướng Đông Bắc, không có nội thất. | A0992091 • Nguyễn Xiển, Long Thạnh Mỹ, Quận 9, | 2 | 1 | 59.1 m²",2200.0,-0.03919833497376448,-0.7433867664365034,-0.5832579587455408,-0.6557443854688363,-0.13517524411165588,False,False,False,False,False,False,False,False,False,True,False,False,False,False,True,False
"3.5 tỷ | Căn hộ Vinhomes Grand Park hướng ban công tây bắ | A0999330 • Nguyễn Xiển, Long Thạnh Mỹ, Quận 9, | 2 | 2 | 67.8 m²",3500.0,-0.03448292145698711,-0.5590011025405215,-0.2485222186506833,-0.6557443854688363,-0.13517524411165588,False,False,False,False,False,False,False,False,False,True,False,False,False,False,True,False
"GIẢM GIÁ | 12 tỷ | -4% | Căn hộ Empire City, diện tích 93.2m² | A0288576 • Mai Chí Thọ, Thủ Thiêm, Quận 2, | 2 | 2 | 93.2 m²",12000.0,-0.020716081994211783,0.42883229656716315,0.5294675340375303,-0.6557443854688363,-0.13517524411165588,False,False,False,False,True,False,False,False,False,False,False,False,False,False,True,False
"12 tỷ | Căn hộ Empire City Thủ Thiêm nội thất cơ bản | A0294908 • Mai Chí Thọ, Thủ Thiêm, Quận 2, | 2 | 2 | 93.51 m²",12000.0,-0.020548061512579485,0.42336575370501706,0.5376022453100362,-0.6557443854688363,-0.13517524411165588,False,False,False,False,True,False,False,False,False,False,False,False,False,False,True,False
"8.4 tỷ | Căn hộ Empire City, diện tích 64m² | A02197983 • Mai Chí Thọ, Thủ Thiêm, Quận 2, | 1 | 1 | 64 m²",8400.0,-0.036542527360866876,0.4607808230071182,-0.3891979765457174,-0.6557443854688363,-0.13517524411165588,False,False,False,False,True,False,False,False,False,False,False,False,False,False,True,False
"15.6 tỷ | Căn hộ Empire City, diện tích 91.4m² | A02197924 • Mai Chí Thọ, Thủ Thiêm, Quận 2, | 2 | 2 | 91.4 m²",15600.0,-0.02169168479078641,0.9657353229541505,0.4816981864500035,-0.6557443854688363,-0.13517524411165588,False,False,False,False,True,False,False,False,False,False,False,False,False,False,True,False
"15 tỷ | Căn hộ Empire City, diện tích 98.79m² | A02197951 • Mai Chí Thọ, Thủ Thiêm, Quận 2, | 2 | 2 | 98.79 m²",15000.0,-0.017686293309293905,0.7244392847377567,0.672201616558579,-0.6557443854688363,-0.13517524411165588,False,False,False,False,True,False,False,False,False,False,False,False,False,False,True,False
"15 tỷ | 2 phòng ngủ COVE, sang trọng và đẳng cấp. Bán và cho thuê căn hộ 2PN Empire City | A0283388 • Mai Chí Thọ, Thủ Thiêm, Quận 2, | 2 | 2 | 83.6 m²",15000.0,-0.025919296909276475,1.0777636253984735,0.2633358787413155,-0.6557443854688363,-0.13517524411165588,False,False,False,False,True,False,False,False,False,False,False,False,False,False,True,False
"GIẢM GIÁ | 39.5 tỷ | -1% | Căn hộ Empire City hướng ban công tây nam nội thất cơ bản diện tích 155.6m² | A02116242 • Mai Chí Thọ, Thủ Thiêm, Quận 2, | 3 | 2 | 155.6 m²",39500.0,0.01310481495370868,2.0309832949187703,1.787939038941654,-0.6557443854688363,-0.13517524411165588,False,False,False,False,True,False,False,False,False,False,False,False,False,False,False,False
"46.2 tỷ | Cho thuê hoặc bán căn hộ 3PN ban công siêu rộng tại COVE - Empire City | A02198332 • Mai Chí Thọ, Thủ Thiêm, Quận 2, | 3 | 3 | 172 m²",46200.0,0.021993640433610857,2.219867168138765,2.034537527360686,-0.6557443854688363,-0.13517524411165588,False,False,False,False,True,False,False,False,False,False,False,False,False,False,False,False
"GIẢM GIÁ | 2.9 tỷ | -3% | Căn hộ Vinhomes Grand Park hướng ban công đông nam nội thất cơ bản diện tích 69m² | A09118095 • Nguyễn Xiển, Long Thạnh Mỹ, | 2 | 2 | 69 m²",2900.0,-0.03383251959260402,-0.6818631789567023,-0.205709030060077,0.9724400052447274,-0.13517524411165588,False,False,False,False,False,False,False,False,False,False,False,False,False,True,True,False
"6.5 tỷ | Căn hộ One Verandah view Sông tuyệt đẹp, nội thất cơ bản. | A02100841 • Tạ Hiện, Thạnh Mỹ Lợi, Quận 2, | 2 | 2 | 78.67 m²",6500.0,-0.02859136456878365,-0.1619720615341377,0.11467589703057514,-0.6557443854688363,-0.13517524411165588,False,False,False,False,True,False,False,False,False,False,False,False,False,False,True,False
"4.1 tỷ | Căn hộ PetroVietnam Landmark diện tích 103m2, nội thất cơ bản. | A02101387 • Mai Chí Thọ, An Phú, Quận 2, | 2 | 2 | 103 m²",4100.0,-0.015404466768416582,-0.710334954985134,0.7745158354560264,-0.6557443854688363,-0.13517524411165588,False,False,False,False,True,False,False,False,False,False,False,False,False,False,False,False
"GIẢM GIÁ | 2.23 tỷ | -3% | Căn hộ Conic Riverside hướng Tây, diện tích 67m² | A08143693 • Nguyễn Văn Linh, Phường 7, Quận 8, | 2 | 2 | 67 m²",2230.0,-0.034916522699909164,-0.7938646263376185,-0.277481235499105,-0.6557443854688363,-0.13517524411165588,False,False,False,False,False,False,False,False,True,False,False,False,False,False,True,False
"5.8 tỷ | Căn hộ One Verandah nội thất cơ bản diện tích 72m² | A02162448 • Tạ Hiện, Thạnh Mỹ Lợi, Quận 2, | 2 | 2 | 72 m²",5800.0,-0.0322065149316463,-0.18845751178044678,-0.10180702790000057,-0.6557443854688363,-0.13517524411165588,False,False,False,False,True,False,False,False,False,False,False,False,False,False,True,False
"GIẢM GIÁ | 3.45 tỷ | -1% | Căn hộ Vinhomes Grand Park hướng Đông, diện tích 81.5m² | A09134387 • Nguyễn Xiển, Long Thạnh Mỹ, | 3 | 2 | 81.5 m²",3450.0,-0.02705750017194687,-0.6779916188242348,0.20110002043285183,0.9724400052447274,-0.13517524411165588,False,False,False,False,False,False,False,False,False,False,False,False,False,True,True,False
"GIẢM GIÁ | 3.5 tỷ | -2% | Căn hộ Vinhomes Grand Park hướng Nam, diện tích 69.2m² | A09134096 • Nguyễn Xiển, Long Thạnh Mỹ, | 2 | 2 | 69.2 m²",3500.0,-0.0337241192818735,-0.5723764193894052,-0.19864492337062795,0.9724400052447274,-0.13517524411165588,False,False,False,False,False,False,False,False,False,False,False,False,False,True,True,False
"GIẢM GIÁ | 3.15 tỷ | -10% | Căn hộ Vinhomes Grand Park hướng ban công đông nam không có nội thất diện tích 69.2m² | A09121427 • Nguyễn Xiển, Long Thạnh Mỹ, | 2 | 2 | 69.2 m²",3150.0,-0.0337241192818735,-0.6371511681289992,-0.19864492337062795,0.9724400052447274,-0.13517524411165588,False,False,False,False,False,False,False,False,False,False,False,False,False,True,True,False
"GIẢM GIÁ | 3.5 tỷ | -8% | Căn hộ Vinhomes Grand Park hướng Tây Nam, diện tích 69.2m² | A09137090 • Nguyễn Xiển, Long Thạnh Mỹ, | 2 | 2 | 69.2 m²",3500.0,-0.0337241192818735,-0.5723764193894052,-0.19864492337062795,0.9724400052447274,-0.13517524411165588,False,False,False,False,False,False,False,False,False,False,False,False,False,True,True,False
"GIẢM GIÁ | 3 tỷ | -6% | Căn hộ Vinhomes Grand Park hướng ban công nam nội thất cơ bản diện tích 59m² | A09117325 • Nguyễn Xiển, Long Thạnh Mỹ, | 2 | 2 | 59 m²",3000.0,-0.03925253512912973,-0.5689259485122355,-0.5873811365761936,0.9724400052447274,-0.13517524411165588,False,False,False,False,False,False,False,False,False,False,False,False,False,True,True,False
"7.4 tỷ | Căn hộ Masteri Lumiere Riverside, diện tích 68.9m² | A02191327 • Xa Lộ Hà Nội, An Phú, Quận 2, | 2 | 2 | 68.9 m²",7400.0,-0.03388671974796927,0.15536244339384936,-0.2092486557024024,-0.6557443854688363,-0.13517524411165588,False,False,False,False,True,False,False,False,False,False,False,False,False,False,True,False
"8.5 tỷ | Căn hộ Masteri Lumiere Riverside, diện tích 75m² | A02191204 • Xa Lộ Hà Nội, An Phú, Quận 2, | 2 | 2 | 75 m²",8500.0,-0.030580510270688588,0.23132398687671846,-0.0020901538724554937,-0.6557443854688363,-0.13517524411165588,False,False,False,False,True,False,False,False,False,False,False,False,False,False,True,False
"14.1 tỷ | CĂN GÓC 2PN 100.80M2 THE CREST METROPOLE chỉ 14 Tỷxx BAO HẾT GIÁ TỐT NHẤT THỊ TRƯỜNG | A02186612 • Đường R2, An Khánh, Quận 2, | 2 | 2 | 100.8 m²",14100.0,-0.016596870186452242,0.5713165081862144,0.7215776772506475,-0.6557443854688363,-0.13517524411165588,False,False,False,False,True,False,False,False,False,False,False,False,False,False,False,False
"14.2 tỷ | Căn hộ Empire City, diện tích 92m² | A0287000 • Mai Chí Thọ, Thủ Thiêm, Quận 2, | 2 | 2 | 92 m²",14200.0,-0.02136648385859487,0.7565922143784627,0.4977239234015609,-0.6557443854688363,-0.13517524411165588,False,False,False,False,True,False,False,False,False,False,False,False,False,False,True,False
"7.5 tỷ | Căn hộ Empire City nội thất cơ bản diện tích 64m² | A02132081 • Mai Chí Thọ, Thủ Thiêm, Quận 2, | 1 | 1 | 64 m²",7500.0,-0.036542527360866876,0.2806838876722115,-0.3891979765457174,-0.6557443854688363,-0.13517524411165588,False,False,False,False,True,False,False,False,False,False,False,False,False,False,True,False
"15 tỷ | Căn hộ 2pn Empire City nội thất cao cấp , diện tích 100m² | A0295389 • Mai Chí Thọ, Thủ Thiêm, Quận 2, | 2 | 2 | 100 m²",15000.0,-0.0170304714293743,0.7009100701203271,0.7020433138717228,-0.6557443854688363,-0.13517524411165588,False,False,False,False,True,False,False,False,False,False,False,False,False,False,False,False
"GIẢM GIÁ | 3.2 tỷ | -3% | Căn hộ Vinhomes Grand Park hướng Đông Nam, diện tích 69.5m² | A09136686 • Nguyễn Xiển, Long Thạnh Mỹ, | 2 | 2 | 69.5 m²",3200.0,-0.033561518815777736,-0.6304540050013495,-0.18808640965096227,0.9724400052447274,-0.13517524411165588,False,False,False,False,False,False,False,False,False,False,False,False,False,True,True,False
"4.33 tỷ | Căn hộ Vinhomes Grand Park hướng ban công đông bắc không có nội thất diện tích 69.5m². | A09131807 • Nguyễn Xiển, Long Thạnh Mỹ, | 2 | 2 | 69.5 m²",4330.0,-0.033561518815777736,-0.42222682093387615,-0.18808640965096227,0.9724400052447274,-0.13517524411165588,False,False,False,False,False,False,False,False,False,False,False,False,False,True,True,False
"GIẢM GIÁ | 3.1 tỷ | -6% | Căn hộ Vinhomes Grand Park hướng Đông Nam, diện tích 69.2m² | A09134829 • Nguyễn Xiển, Long Thạnh Mỹ, | 2 | 2 | 69.2 m²",3100.0,-0.0337241192818735,-0.6464047036632269,-0.19864492337062795,0.9724400052447274,-0.13517524411165588,False,False,False,False,False,False,False,False,False,False,False,False,False,True,True,False
"GIẢM GIÁ | 3 tỷ | -8% | Căn hộ Vinhomes Grand Park hướng Tây Bắc, diện tích 69.5m² | A09136452 • Nguyễn Xiển, Long Thạnh Mỹ, | 2 | 2 | 69.5 m²",3000.0,-0.033561518815777736,-0.6673083738628491,-0.18808640965096227,0.9724400052447274,-0.13517524411165588,False,False,False,False,False,False,False,False,False,False,False,False,False,True,True,False
"4 tỷ | Căn hộ Vinhomes Grand Park hướng Tây Bắc, diện tích 69.2m² | A09143873 • Nguyễn Xiển, Long Thạnh Mỹ, | 2 | 2 | 69.2 m²",4000.0,-0.0337241192818735,-0.4798410640471282,-0.19864492337062795,0.9724400052447274,-0.13517524411165588,False,False,False,False,False,False,False,False,False,False,False,False,False,True,True,False
"3.85 tỷ | Căn hộ Vinhomes Grand Park hướng Đông Bắc, diện tích 69.2m² | A09135015 • Nguyễn Xiển, Long Thạnh Mỹ, | 2 | 2 | 69.2 m²",3850.0,-0.0337241192818735,-0.5076016706498112,-0.19864492337062795,0.9724400052447274,-0.13517524411165588,False,False,False,False,False,False,False,False,False,False,False,False,False,True,True,False
"10.7 tỷ | Căn hộ Phú Mỹ Hưng Midtown 4PN diện tích lớn: 123m² | A07198319 • Nguyễn Lương Bằng, Tân Phú, | 4 | 2 | 123 m²",10700.0,-0.004564435695365151,-0.1060283212628142,1.210015447011027,-0.6557443854688363,-0.13517524411165588,False,False,False,False,False,False,False,False,False,False,False,False,True,False,False,False
"7.5 tỷ | Bán Căn hộ The Metropole Thủ Thiêm hướng Đông Bắc, diện tích 50m² | A02198316 • Đường R2, An Khánh, Quận 2, | 1 | 1 | 50 m²",7500.0,-0.04413054911200288,0.7009100701203271,-0.9897727591085721,-0.6557443854688363,-0.13517524411165588,False,False,False,False,True,False,False,False,False,False,False,False,False,False,True,False
"4.8 tỷ | Căn hộ Sunrise Riverside 3PN diện tích lớn hướng Bắc, diện tích 92.42m² | ANB118499 • Nguyễn Hữu Thọ, Phước Kiển, | 3 | 2 | 92.42 m²",4800.0,-0.02113884320606079,-0.5549747262943091,0.5088805396427891,0.9724400052447274,-0.13517524411165588,False,False,False,False,False,False,False,False,False,False,False,False,False,True,True,False
"3.5 tỷ | Căn hộ Sunrise Riverside 3PN Giá rẻ nhất khu vực | ANB76707 • Nguyễn Hữu Thọ, Phước Kiển, Nhà Bè, | 3 | 2 | 81.53 m²",3500.0,-0.027041240125337294,-0.6703370046904223,0.20200020866858942,-0.6557443854688363,-0.13517524411165588,False,False,True,False,False,False,False,False,False,False,False,False,False,False,True,False
"GIẢM GIÁ | 2 tỷ | -12% | Căn hộ có 1 phòng ngủ Vinhomes Grand Park không có nội thất. | A0985095 • Nguyễn Xiển, Long Thạnh Mỹ, Quận 9, | 1 | 1 | 47.2 m²",2000.0,-0.04564815346223008,-0.6774589415577538,-1.1295822665802,-0.6557443854688363,-0.13517524411165588,False,False,False,False,False,False,False,False,False,True,False,False,False,False,False,True
"GIẢM GIÁ | 2.6 tỷ | -3% | Căn hộ Vinhomes Grand Park có 2 phòng ngủ, không có nội thất. | A0987930 • Nguyễn Xiển, Long Thạnh Mỹ, Quận 9, | 2 | 1 | 59 m²",2600.0,-0.03925253512912973,-0.65575234294865,-0.5873811365761936,-0.6557443854688363,-0.13517524411165588,False,False,False,False,False,False,False,False,False,True,False,False,False,False,True,False
"8.8 tỷ | Căn hộ cao cấp D'Edge Thảo Điền, diện tích 92.63m² giá thật tốt | A02198311 • Nguyễn Văn Hưởng, Thảo Điền, | 2 | 2 | 92.63 m²",8800.0,-0.021025022879793753,-0.003448315956605754,0.5144400524856926,0.9724400052447274,-0.13517524411165588,False,False,False,False,False,False,False,False,False,False,False,False,False,True,True,False
"GIẢM GIÁ | 3.1 tỷ | -9% | Căn hộ tầng thấp Vinhomes Grand Park thoáng gió mát mẻ. | A0961115 • Nguyễn Xiển, Long Thạnh Mỹ, Quận 9, | 3 | 2 | 82.4 m²",3100.0,-0.026569698773659556,-0.7383111779497797,0.22796430981697582,-0.6557443854688363,-0.13517524411165588,False,False,False,False,False,False,False,False,False,True,False,False,False,False,True,False
"GIẢM GIÁ | 3.25 tỷ | -25% | Căn hộ Vinhomes Grand Park hướng Tây Nam, diện tích 69.2m² | A09114383 • Nguyễn Xiển, Long Thạnh Mỹ, | 2 | 2 | 69.2 m²",3250.0,-0.0337241192818735,-0.6186440970605438,-0.19864492337062795,0.9724400052447274,-0.13517524411165588,False,False,False,False,False,False,False,False,False,False,False,False,False,True,True,False
"GIẢM GIÁ | 2.55 tỷ | -12% | Căn hộ Vinhomes Grand Park hướng Đông Nam, diện tích 59.2m² | A09142827 • Nguyễn Xiển, Long Thạnh Mỹ, | 2 | 2 | 59.2 m²",2550.0,-0.03914413481839922,-0.6684756363901349,-0.5791416357440328,0.9724400052447274,-0.13517524411165588,False,False,False,False,False,False,False,False,False,False,False,False,False,True,True,False
"1.5 tỷ | Căn hộ Vinhomes Grand Park hướng Đông Bắc, diện tích 29.3m² | A09135322 • Nguyễn Xiển, Long Thạnh Mỹ, | 1 | 1 | 29.3 m²",1500.0,-0.055349981272611114,-0.5644809112543986,-2.2789544795219694,0.9724400052447274,-0.13517524411165588,False,False,False,False,False,False,False,False,False,False,False,False,False,True,False,True
"3.6 tỷ | Căn hộ Saigon South Residence 2PN,2WC NTCB, diện tích 65m² | ANB198304 • Nguyễn Hữu Thọ, Phước Kiển, | 2 | 2 | 65 m²",3600.0,-0.03600052580721431,-0.5108190537740196,-0.3513962084583887,0.9724400052447274,-0.13517524411165588,False,False,False,False,False,False,False,False,False,False,False,False,False,True,True,False
"GIẢM GIÁ | 2.15 tỷ | -7% | Căn hộ Vinhomes Grand Park nội thất cơ bản diện tích 54m² | A0992738 • Nguyễn Xiển, Long Thạnh Mỹ, Quận 9, | 2 | 1 | 54 m²",2150.0,-0.04196254289739259,-0.7102198264955676,-0.8028184968506642,-0.6557443854688363,-0.13517524411165588,False,False,False,False,False,False,False,False,False,True,False,False,False,False,True,False
"2 tỷ | Căn hộ Vinhomes Grand Park hướng Tây Bắc, diện tích 47.1m² | A09123072 • Nguyễn Xiển, Long Thạnh Mỹ, | 1 | 1 | 47.1 m²",2000.0,-0.04570235361759534,-0.6763067866421962,-1.1347244651369646,0.9724400052447274,-0.13517524411165588,False,False,False,False,False,False,False,False,False,False,False,False,False,True,False,True
"3.5 tỷ | Căn hộ Vinhomes Grand Park hướng Đông Nam, diện tích 70.4m² | A09146986 • Nguyễn Xiển, Long Thạnh Mỹ, | 2 | 2 | 70.4 m²",3500.0,-0.03307371741749041,-0.5834175697427452,-0.15667836420017883,0.9724400052447274,-0.13517524411165588,False,False,False,False,False,False,False,False,False,False,False,False,False,True,True,False
"3.55 tỷ | Căn hộ Vinhomes Grand Park hướng Tây Nam, diện tích 69.2m² | A09134776 • Nguyễn Xiển, Long Thạnh Mỹ, | 2 | 2 | 69.2 m²",3550.0,-0.0337241192818735,-0.5631228838551776,-0.19864492337062795,0.9724400052447274,-0.13517524411165588,False,False,False,False,False,False,False,False,False,False,False,False,False,True,True,False
"GIẢM GIÁ | 3 tỷ | -5% | Căn hộ Vinhomes Grand Park hướng Tây Nam, diện tích 69.2m² | A09136425 • Nguyễn Xiển, Long Thạnh Mỹ, | 2 | 2 | 69.2 m²",3000.0,-0.0337241192818735,-0.6649117747316823,-0.19864492337062795,0.9724400052447274,-0.13517524411165588,False,False,False,False,False,False,False,False,False,False,False,False,False,True,True,False
"3.29 tỷ | Căn hộ Vinhomes Grand Park hướng Tây Bắc, diện tích 59m² | A09134730 • Nguyễn Xiển, Long Thạnh Mỹ, | 2 | 2 | 59 m²",3290.0,-0.03925253512912973,-0.5059768125458349,-0.5873811365761936,0.9724400052447274,-0.13517524411165588,False,False,False,False,False,False,False,False,False,False,False,False,False,True,True,False
"13.5 tỷ | Căn hộ The River Thủ Thiêm - Bán 2PN - 84m2 | A02198299 • Lương Định Của, An Khánh, Quận 2, | 2 | 2 | 84 m²",13500.0,-0.025702496287815443,0.8381267827564467,0.27501499339213553,-0.6557443854688363,-0.13517524411165588,False,False,False,False,True,False,False,False,False,False,False,False,False,False,True,False
"3.5 tỷ | Căn hộ Vinhomes Grand Park diện tích 46.5m2, nội thất cơ bản | A09100733 • Nguyễn Xiển, Long Thạnh Mỹ, | 1 | 1 | 46.5 m²",3500.0,-0.04602755454978688,-0.2561642051122477,-1.1658039658741994,0.9724400052447274,-0.13517524411165588,False,False,False,False,False,False,False,False,False,False,False,False,False,True,False,True
"3 tỷ | Căn hộ Vinhomes Grand Park hướng ban công tây bắc không có nội thất diện tích 81.7m² | A0990635 • Nguyễn Xiển, Long Thạnh Mỹ, Quận 9, | 3 | 2 | 81.7 m²",3000.0,-0.026949099861216356,-0.7498585513616797,0.20709510257518138,-0.6557443854688363,-0.13517524411165588,False,False,False,False,False,False,False,False,False,True,False,False,False,False,True,False
"GIẢM GIÁ | 3.8 tỷ | -1% | Căn hộ Vinhomes Grand Park nội thất cơ bản diện tích 69m² | A09110501 • Nguyễn Xiển, Long Thạnh Mỹ, | 2 | 2 | 69 m²",3800.0,-0.03383251959260402,-0.514816746182296,-0.205709030060077,0.9724400052447274,-0.13517524411165588,False,False,False,False,False,False,False,False,False,False,False,False,False,True,True,False
"GIẢM GIÁ | 2.5 tỷ | -6% | Căn hộ Vinhomes Grand Park hướng ban công tây bắc không có nội thất diện tích 59.2m². | A09121269 • Nguyễn Xiển, Long Thạnh Mỹ, | 2 | 2 | 59.2 m²",2500.0,-0.03914413481839922,-0.6792922691429821,-0.5791416357440328,0.9724400052447274,-0.13517524411165588,False,False,False,False,False,False,False,False,False,False,False,False,False,True,True,False
"4.1 tỷ | Căn hộ Vinhomes Grand Park hướng ban công tây nam không có nội thất diện tích 59m². | A09132490 • Nguyễn Xiển, Long Thạnh Mỹ, | 2 | 2 | 59 m²",4100.0,-0.03925253512912973,-0.33015336381209553,-0.5873811365761936,0.9724400052447274,-0.13517524411165588,False,False,False,False,False,False,False,False,False,False,False,False,False,True,True,False
"3.85 tỷ | Căn hộ Saigon South Residence hướng Bắc, diện tích 71.32m² | ANB198290 • Nguyễn Hữu Thọ, Phước Kiển, | 2 | 2 | 71.32 m²",3850.0,-0.03257507598813006,-0.5287815239953991,-0.12497892901431296,0.9724400052447274,-0.13517524411165588,False,False,False,False,False,False,False,False,False,False,False,False,False,True,True,False
"2.2 tỷ | Căn hộ Vinhomes Grand Park hướng Đông Nam, diện tích 46.5m² | A09136454 • Nguyễn Xiển, Long Thạnh Mỹ, | 1 | 1 | 46.5 m²",2200.0,-0.04602755454978688,-0.614206380019398,-1.1658039658741994,0.9724400052447274,-0.13517524411165588,False,False,False,False,False,False,False,False,False,False,False,False,False,True,False,True
"2.8 tỷ | Căn hộ Hoàng Anh Gia Lai 1 hướng ban công tây bắc đầy đủ nội thất diện tích 87m² | A07110903 • Lê Văn Lương, Phường Tân Quy, | 2 | 2 | 87 m²",2800.0,-0.024076491626857727,-0.8079480343458135,0.3608953151510796,0.9724400052447274,-0.13517524411165588,False,False,False,False,False,False,False,False,False,False,False,False,False,True,True,False
"GIẢM GIÁ | 4.2 tỷ | -20% | Căn hộ Vinhomes Grand Park hướng ban công đông nam nội thất cơ bản diện tích 59m² | A09119776 • Nguyễn Xiển, Long Thạnh Mỹ, | 2 | 2 | 59 m²",4200.0,-0.03925253512912973,-0.3084467652029919,-0.5873811365761936,0.9724400052447274,-0.13517524411165588,False,False,False,False,False,False,False,False,False,False,False,False,False,True,True,False
"1.45 tỷ | Căn hộ Vinhomes Grand Park hướng Đông Bắc, diện tích 33.6m² | A09127600 • Nguyễn Xiển, Long Thạnh Mỹ, | 1 | 1 | 33.6 m²",1450.0,-0.053019374591905054,-0.6674454808898637,-1.950378783316523,0.9724400052447274,-0.13517524411165588,False,False,False,False,False,False,False,False,False,False,False,False,False,True,False,True
"GIẢM GIÁ | 3.2 tỷ | -10% | Căn hộ Vinhomes Grand Park hướng ban công tây bắc nội thất cơ bản diện tích 61.7m² | A09117329 • Nguyễn Xiển, Long Thạnh Mỹ, | 2 | 2 | 61.7 m²",3200.0,-0.03778913093426779,-0.555909025521363,-0.4783967493641166,0.9724400052447274,-0.13517524411165588,False,False,False,False,False,False,False,False,False,False,False,False,False,True,True,False
"5.3 tỷ | Căn hộ Vinhomes Grand Park hướng ban công tây bắc nội thất cơ bản diện tích 103m² | A09117789 • Nguyễn Xiển, Long Thạnh Mỹ, | 3 | 2 | 103 m²",5300.0,-0.015404466768416582,-0.5611284325070236,0.7745158354560264,0.9724400052447274,-0.13517524411165588,False,False,False,False,False,False,False,False,False,False,False,False,False,True,False,False
"GIẢM GIÁ | 13.5 tỷ | -4% | Căn hộ 2 phòng ngủ The Metropole Thủ Thiêm, diện tích 83.26m² | A02197934 • Đường R2, An Khánh, Quận 2, | 2 | 2 | 83.26 m²",13500.0,-0.026103577437518344,0.8564201470401471,0.253365131841055,-0.6557443854688363,-0.13517524411165588,False,False,False,False,True,False,False,False,False,False,False,False,False,False,True,False
"GIẢM GIÁ | 6.9 tỷ | -1% | Căn hộ The Sun Avenue đầy đủ nội thất diện tích 109m² | A02162302 • Mai Chí Thọ, An Phú, Quận 2, | 3 | 2 | 109 m²",6900.0,-0.012152457446501154,-0.40941232020129964,0.9133915440423201,-0.6557443854688363,-0.13517524411165588,False,False,False,False,True,False,False,False,False,False,False,False,False,False,False,False
"GIẢM GIÁ | 4.7 tỷ | -13% | Nhà thô 3PN Saigon South Residence hướng Bắc, diện tích 104.03m² | ANB60025 • Nguyễn Hữu Thọ, Phước Kiển, Nhà Bè, | 3 | 2 | 104.03 m²",4700.0,-0.014846205168154434,-0.641517755261319,0.7989168055299558,-0.6557443854688363,-0.13517524411165588,False,False,True,False,False,False,False,False,False,False,False,False,False,False,False,False
"14.5 tỷ | Căn hộ Duplex Masteri Thảo Điền, diện tích 185 m² | A02198280 • Xa Lộ Hà Nội, Thảo Điền, Quận 2, | 3 | 2 | 185 m²",14500.0,0.02903966063109429,-0.21634038732111982,2.2139339642945455,-0.6557443854688363,-0.13517524411165588,False,False,False,False,True,False,False,False,False,False,False,False,False,False,False,False
"5.01 tỷ | Căn hộ Rivera Park Sài Gòn nội thất cơ bản diện tích 88m² | A10189914 • Thành Thái, Phường 14, Quận 10, | 2 | 2 | 88 m²",5010.0,-0.02353449007320516,-0.4910041928234192,0.3888726491550335,-3.0980209715391815,6.666686314666153,False,False,False,True,False,False,False,False,False,False,False,False,False,False,True,False
"11.2 tỷ | Căn hộ 2PN Empire City 93.2m² Giá Tốt | A02198275 • Mai Chí Thọ, Thủ Thiêm, Quận 2, | 2 | 2 | 93.2 m²",11200.0,-0.020716081994211783,0.3189018830103294,0.5294675340375303,-0.6557443854688363,-0.13517524411165588,False,False,False,False,True,False,False,False,False,False,False,False,False,False,True,False
"GIẢM GIÁ | 2.7 tỷ | -4% | Căn hộ 2 PN Sunrise Riverside NHÀ THÔ GIÁ RẺ NHẤT THỊ TRƯỜNG | ANB117491 • Nguyễn Hữu Thọ, Phước Kiển, | 2 | 2 | 69.16 m²",2700.0,-0.03374579934401961,-0.7201439822002941,-0.20005613327780988,0.9724400052447274,-0.13517524411165588,False,False,False,False,False,False,False,False,False,False,False,False,False,True,True,False
"3.2 tỷ | Căn hộ Vinhomes Grand Park hướng Nam, diện tích 69.2m² | A09118696 • Nguyễn Xiển, Long Thạnh Mỹ, | 2 | 2 | 69.2 m²",3200.0,-0.0337241192818735,-0.6278976325947715,-0.19864492337062795,0.9724400052447274,-0.13517524411165588,False,False,False,False,False,False,False,False,False,False,False,False,False,True,True,False
"3.3 tỷ | Căn hộ Vinhomes Grand Park hướng Bắc, diện tích 69.2m² | A09134064 • Nguyễn Xiển, Long Thạnh Mỹ, | 2 | 2 | 69.2 m²",3300.0,-0.0337241192818735,-0.6093905615263161,-0.19864492337062795,0.9724400052447274,-0.13517524411165588,False,False,False,False,False,False,False,False,False,False,False,False,False,True,True,False
"6 tỷ | Căn hộ Masteri Lumiere Riverside, diện tích 51.6m² | A02191276 • Xa Lộ Hà Nội, An Phú, Quận 2, | 1 | 1 | 51.6 m²",6000.0,-0.043263346626158765,0.269049718722928,-0.9132889105443518,-0.6557443854688363,-0.13517524411165588,False,False,False,False,True,False,False,False,False,False,False,False,False,False,True,False
"8.2 tỷ | BÁN 3PN CĂN HỘ ONE VERANDAH QUẬN 2 VIEW SÔNG | A02198267 • Tạ Hiện, Thạnh Mỹ Lợi, Quận 2, | 3 | 2 | 105 m²",8200.0,-0.01432046366111144,-0.21996653468207414,0.82167855123478,-0.6557443854688363,-0.13517524411165588,False,False,False,False,True,False,False,False,False,False,False,False,False,False,False,False
"7.7 tỷ | Căn hộ Masteri Thảo Điền 3 phòng ngủ SPA | A02198266 • Xa Lộ Hà Nội, Thảo Điền, Quận 2, | 3 | 2 | 89.5 m²",7700.0,-0.0227214877427263,-0.1183018120238048,0.43025468845329123,-0.6557443854688363,-0.13517524411165588,False,False,False,False,True,False,False,False,False,False,False,False,False,False,True,False
"4.5 tỷ | Căn hộ One Verandah hướng Đông Nam, diện tích 50m² | A02198257 • Tạ Hiện, Thạnh Mỹ Lợi, Quận 2, | 1 | 1 | 50 m²",4500.0,-0.04413054911200288,-0.06750352064194155,-0.9897727591085721,-0.6557443854688363,-0.13517524411165588,False,False,False,False,True,False,False,False,False,False,False,False,False,False,True,False
"8.2 tỷ | Căn hộ Masteri Lumiere Riverside, diện tích 71.7m² | A02191117 • Xa Lộ Hà Nội, An Phú, Quận 2, | 2 | 2 | 71.7 m²",8200.0,-0.03236911539774207,0.24454170089726884,-0.11200320311271778,-0.6557443854688363,-0.13517524411165588,False,False,False,False,True,False,False,False,False,False,False,False,False,False,True,False
"4.9 tỷ | Căn hộ tầng 10 Vinhomes Grand Park diện tích 69m2, tiện ích đa dạng. | A09111768 • Nguyễn Xiển, Long Thạnh Mỹ, | 2 | 2 | 69 m²",4900.0,-0.03383251959260402,-0.3106488839024662,-0.205709030060077,0.9724400052447274,-0.13517524411165588,False,False,False,False,False,False,False,False,False,False,False,False,False,True,True,False
"8.6 tỷ | Căn hộ Masteri Lumiere Riverside, diện tích 75.4m² | A02191185 • Xa Lộ Hà Nội, An Phú, Quận 2, | 2 | 2 | 75.4 m²",8600.0,-0.030363709649227556,0.24060926751958686,0.010907081826812314,-0.6557443854688363,-0.13517524411165588,False,False,False,False,True,False,False,False,False,False,False,False,False,False,True,False
"2.5 tỷ | Căn hộ Vinhomes Grand Park hướng ban công đông không có nội thất diện tích 47m² | A09143419 • Nguyễn Xiển, Long Thạnh Mỹ, | 1 | 1 | 47 m²",2500.0,-0.0457565537729606,-0.5389061844783689,-1.139877365467433,0.9724400052447274,-0.13517524411165588,False,False,False,False,False,False,False,False,False,False,False,False,False,True,False,True
"GIẢM GIÁ | 1.85 tỷ | -4% | Căn hộ Vinhomes Grand Park tầng 47.2m2, view sông Tắc thoáng mát. | A0995088 • Nguyễn Xiển, Long Thạnh Mỹ, Quận 9, | 1 | 1 | 47.2 m²",1850.0,-0.04564815346223008,-0.7181588139498231,-1.1295822665802,-0.6557443854688363,-0.13517524411165588,False,False,False,False,False,False,False,False,False,True,False,False,False,False,False,True
"GIẢM GIÁ | 3.5 tỷ | -8% | Căn hộ Vinhomes Grand Park hướng ban công đông nam nội thất cơ bản diện tích 59m² | A09118483 • Nguyễn Xiển, Long Thạnh Mỹ, | 2 | 2 | 59 m²",3500.0,-0.03925253512912973,-0.4603929554667173,-0.5873811365761936,0.9724400052447274,-0.13517524411165588,False,False,False,False,False,False,False,False,False,False,False,False,False,True,True,False
"5.7 tỷ | Căn hộ Vinhomes Central Park đầy đủ nội thất diện tích 76.8m² | ABT167291 • Nguyễn Hữu Cảnh, Phường 22, | 2 | 2 | 76.8 m²",5700.0,-0.02960490747411396,-0.26961230362889244,0.05586752346362808,0.9724400052447274,-0.13517524411165588,False,False,False,False,False,False,False,False,False,False,False,False,False,True,True,False
"GIẢM GIÁ | 2.85 tỷ | -7% | Căn hộ góc Vinhomes Grand Park đầy đủ nội thất diện tích 72m². | A09117479 • Nguyễn Xiển, Long Thạnh Mỹ, | 2 | 2 | 69 m²",2850.0,-0.0322065149316463,-0.7131843851019034,-0.10180702790000057,0.9724400052447274,-0.13517524411165588,False,False,False,False,False,False,False,False,False,False,False,False,False,True,True,False
"3.76 tỷ | Căn hộ The Harmona hướng ban công tây bắc nội thất cơ bản diện tích 79.86m² | ATB160753 • Trương Công Định, Phường 14, | 2 | 2 | 79.86 m²",3760.0,-0.02794638271993709,-0.6171447137671189,0.15138499256094143,0.9724400052447274,-0.13517524411165588,False,False,False,False,False,False,False,False,False,False,False,False,False,True,True,False
"8 tỷ | Căn hộ Lumiere Riverside, diện tích 72.8m² | A02191340 • Xa Lộ Hà Nội, An Phú, Quận 2, | 2 | 2 | 72.8 m²",8000.0,-0.031772913688724244,0.18722699204664947,-0.07482073660818724,-0.6557443854688363,-0.13517524411165588,False,False,False,False,True,False,False,False,False,False,False,False,False,False,True,False
"GIẢM GIÁ | 3 tỷ | -18% | Căn hộ Vinhomes Grand Park hướng ban công tây bắc nội thất cơ bản diện tích 67.8m². | A09139734 • Nguyễn Xiển, Long Thạnh Mỹ, | 2 | 2 | 67.8 m²",3000.0,-0.03448292145698711,-0.6534472174326391,-0.2485222186506833,0.9724400052447274,-0.13517524411165588,False,False,False,False,False,False,False,False,False,False,False,False,False,True,True,False
"GIẢM GIÁ | 5.7 tỷ | -3% | Căn hộ HƯNG PHÚC PREMIER, diện tích 79.11m² | A07183885 • Nguyễn Lương Bằng, Tân Phú, | 2 | 2 | 79.11 m²",5700.0,-0.028352883885176518,-0.29736709826030955,0.1283125042216398,-0.6557443854688363,-0.13517524411165588,False,False,False,False,False,False,False,False,False,False,False,False,True,False,True,False
"12 tỷ | Căn hộ RIVERPARK PREMIER hướng ban công đông nam đầy đủ nội thất diện tích 130m². | A07142575 • Nguyễn Đức Cảnh, Tân Phong, | 3 | 2 | 130 m²",12000.0,-0.0007704248197971498,-0.037949151766469694,1.3459850898703698,0.9724400052447274,-0.13517524411165588,False,False,False,False,False,False,False,False,False,False,False,False,False,True,False,False
"21.7 tỷ | Căn hộ Diamond Island - Đảo Kim Cương | A02198254 • Số 104-BTT, Bình Trưng Tây, Quận 2, | 3 | 3 | 207 m²",21700.0,0.04096369481145087,0.12243446032747592,2.490725876349011,-0.6557443854688363,-0.13517524411165588,False,False,False,False,True,False,False,False,False,False,False,False,False,False,False,False
"2.3 tỷ | Căn hộ Vinhomes Grand Park hướng Đông Nam, diện tích 59 m² | A09138740 • Nguyễn Xiển, Long Thạnh Mỹ, | 2 | 2 | 59 m²",2300.0,-0.03925253512912973,-0.720872138775961,-0.5873811365761936,0.9724400052447274,-0.13517524411165588,False,False,False,False,False,False,False,False,False,False,False,False,False,True,True,False
"2.8 tỷ | Căn hộ Vinhomes Grand Park hướng ban công tây bắc nội thất cơ bản diện tích 59.2m² | A09140902 • Nguyễn Xiển, Long Thạnh Mỹ, | 2 | 2 | 59.2 m²",2800.0,-0.03914413481839922,-0.6143924726258986,-0.5791416357440328,0.9724400052447274,-0.13517524411165588,False,False,False,False,False,False,False,False,False,False,False,False,False,True,True,False
"3.6 tỷ | Căn hộ Vinhomes Grand Park hướng Tây Nam, diện tích 81.5m² | A09140737 • Nguyễn Xiển, Long Thạnh Mỹ, | 3 | 2 | 81.5 m²",3600.0,-0.02705750017194687,-0.6544206497824474,0.20110002043285183,0.9724400052447274,-0.13517524411165588,False,False,False,False,False,False,False,False,False,False,False,False,False,True,True,False
"4.9 tỷ | Căn góc 83m2 (3PN) Saigon Mia - tầng trung 2 view full nội thất luxury | ABC198253 • Số 9A, Bình Hưng, Bình Chánh, | 3 | 2 | 82.58 m²",4900.0,-0.026244497841468015,-0.4640543094489758,0.24571325833219854,-0.04517523895124991,-0.13517524411165588,False,False,False,False,False,False,False,False,False,False,False,False,False,False,True,False
"GIẢM GIÁ | 4.8 tỷ | -1% | Căn hộ Centana Thủ Thiêm nội thất cơ bản, ban công mát mẻ | A02111648 • Mai Chí Thọ, An Phú, Quận 2, | 3 | 2 | 97 m²",4800.0,-0.018656476090332014,-0.5863807391463601,0.6273853648483152,-0.6557443854688363,-0.13517524411165588,False,False,False,False,True,False,False,False,False,False,False,False,False,False,True,False
"GIẢM GIÁ | 5 tỷ | -2% | Căn hộ Centana Thủ Thiêm nội thất cơ bản, view sông mát mẻ | A02111649 • Mai Chí Thọ, An Phú, Quận 2, | 3 | 2 | 97 m²",5000.0,-0.018656476090332014,-0.559974773828069,0.6273853648483152,-0.6557443854688363,-0.13517524411165588,False,False,False,False,True,False,False,False,False,False,False,False,False,False,True,False
"2.37 tỷ | Căn hộ Vinhomes Grand Park hướng Tây Bắc, diện tích 51.4m² | A09138217 • Nguyễn Xiển, Long Thạnh Mỹ, | 1 | 1 | 51.4 m²",2370.0,-0.04337174693688928,-0.6296115169972198,-0.9227211799138538,0.9724400052447274,-0.13517524411165588,False,False,False,False,False,False,False,False,False,False,False,False,False,True,True,False
"GIẢM GIÁ | 2.9 tỷ | -3% | Căn hộ Vinhomes Grand Park hướng Đông Nam | A09138181 • Nguyễn Xiển, Long Thạnh Mỹ, | 1 | 1 | 48 m²",2900.0,-0.04521455221930802,-0.4463741105316713,-1.0888246760446703,0.9724400052447274,-0.13517524411165588,False,False,False,False,False,False,False,False,False,False,False,False,False,True,False,True
"3.2 tỷ | Căn hộ Vinhomes Grand Park hướng Đông Nam | A09138306 • Nguyễn Xiển, Long Thạnh Mỹ, | 1 | 1 | 46.3 m²",3200.0,-0.04613595486051739,-0.3349822615588291,-1.1762511025346212,0.9724400052447274,-0.13517524411165588,False,False,False,False,False,False,False,False,False,False,False,False,False,True,False,True
"4.7 tỷ | Căn hộ Masteri Centre Point hướng Đông Nam, diện tích 72m² | A09189470 • Nguyễn Xiển, Long Thạnh Mỹ, | 2 | 2 | 72 m²",4700.0,-0.0322065149316463,-0.3841183797986172,-0.10180702790000057,0.9724400052447274,-0.13517524411165588,False,False,False,False,False,False,False,False,False,False,False,False,False,True,True,False
"GIẢM GIÁ | 2.4 tỷ | -4% | Căn hộ Vinhomes Grand Park hướng Tây Bắc, diện tích 46.5m² | A09139295 • Nguyễn Xiển, Long Thạnh Mỹ, | 1 | 1 | 46.5 m²",2400.0,-0.04602755454978688,-0.559122968495221,-1.1658039658741994,0.9724400052447274,-0.13517524411165588,False,False,False,False,False,False,False,False,False,False,False,False,False,True,False,True
"3.4 tỷ | Căn hộ Vinhomes Grand Park hướng Đông Bắc, diện tích 69 m² | A09138211 • Nguyễn Xiển, Long Thạnh Mỹ, | 2 | 2 | 69 m²",3400.0,-0.03383251959260402,-0.5890596051931433,-0.205709030060077,0.9724400052447274,-0.13517524411165588,False,False,False,False,False,False,False,False,False,False,False,False,False,True,True,False
"2.7 tỷ | Căn hộ Vinhomes Grand Park hướng Đông Nam | A09138232 • Nguyễn Xiển, Long Thạnh Mỹ, | 2 | 2 | 59 m²",2700.0,-0.03925253512912973,-0.6340457443395464,-0.5873811365761936,0.9724400052447274,-0.13517524411165588,False,False,False,False,False,False,False,False,False,False,False,False,False,True,True,False
"5.5 tỷ | Căn hộ Riviera Point, diện tích 105m², Suất SPA | A07192145 • Nguyễn Văn Tưởng, Tân Phú, Quận 7, | 2 | 2 | 105 m²",5500.0,-0.01432046366111144,-0.5492866450087609,0.82167855123478,-1.6733596296648134,-0.560291591535269,False,False,False,False,False,False,False,True,False,False,False,False,False,False,False,False
"35 tỷ | Căn hộ Empire City, diện tích 155m² | A02198249 • Mai Chí Thọ, Thủ Thiêm, Quận 2, | 3 | 2 | 155 m²",35000.0,0.01277961402151714,1.6717551982339462,1.7784343527395448,-0.6557443854688363,-0.13517524411165588,False,False,False,False,True,False,False,False,False,False,False,False,False,False,False,False
"4 tỷ | Căn hộ Vinhomes Grand Park hướng Tây Bắc, diện tích 81.7m² | A0985203 • Nguyễn Xiển, Long Thạnh Mỹ, Quận 9, | 3 | 2 | 81.7 m²",4000.0,-0.026949099861216356,-0.5931034328871245,0.20709510257518138,-0.6557443854688363,-0.13517524411165588,False,False,False,False,False,False,False,False,False,True,False,False,False,False,True,False
"4.35 tỷ | Căn hộ Masteri Centre Point hướng Đông Bắc, diện tích 74m² | A09188515 • Nguyễn Xiển, Long Thạnh Mỹ, | 2 | 2 | 74 m²",4350.0,-0.03112251182434116,-0.467286267187176,-0.034884907684953156,0.9724400052447274,-0.13517524411165588,False,False,False,False,False,False,False,False,False,False,False,False,False,True,True,False
"GIẢM GIÁ | 3 tỷ | -12% | Căn hộ Vinhomes Grand Park có 2 phòng ngủ, nội thất cơ bản. | A09114123 • Nguyễn Xiển, Long Thạnh Mỹ, | 2 | 2 | 67.8 m²",3000.0,-0.03448292145698711,-0.6534472174326391,-0.2485222186506833,0.9724400052447274,-0.13517524411165588,False,False,False,False,False,False,False,False,False,False,False,False,False,True,True,False
"2.2 tỷ | Căn hộ cao cấp Vinhomes Grand Park diện tích 47m2, nội thất cơ bản. | A09115492 • Nguyễn Xiển, Long Thạnh Mỹ, | 1 | 1 | 47 m²",2200.0,-0.0457565537729606,-0.6206523111552059,-1.139877365467433,0.9724400052447274,-0.13517524411165588,False,False,False,False,False,False,False,False,False,False,False,False,False,True,False,True
"3.3 tỷ | Căn hộ Vinhomes Grand Park hướng ban công tây bắc không có nội thất diện tích 59.2m² | A09117264 • Nguyễn Xiển, Long Thạnh Mỹ, | 2 | 2 | 59.2 m²",3300.0,-0.03914413481839922,-0.506226145097426,-0.5791416357440328,0.9724400052447274,-0.13517524411165588,False,False,False,False,False,False,False,False,False,False,False,False,False,True,True,False
